-- phpMyAdmin SQL Dump
-- version 4.7.4
-- https://www.phpmyadmin.net/
--
-- Host: 127.0.0.1
-- Generation Time: 18 яну 2019 в 15:13
-- Версия на сървъра: 10.1.26-MariaDB
-- PHP Version: 7.1.9

SET SQL_MODE = "NO_AUTO_VALUE_ON_ZERO";
SET AUTOCOMMIT = 0;
START TRANSACTION;
SET time_zone = "+00:00";


/*!40101 SET @OLD_CHARACTER_SET_CLIENT=@@CHARACTER_SET_CLIENT */;
/*!40101 SET @OLD_CHARACTER_SET_RESULTS=@@CHARACTER_SET_RESULTS */;
/*!40101 SET @OLD_COLLATION_CONNECTION=@@COLLATION_CONNECTION */;
/*!40101 SET NAMES utf8mb4 */;

--
-- Database: `rhdbase`
--

-- --------------------------------------------------------

--
-- Структура на таблица `aplicant`
--

CREATE TABLE `aplicant` (
  `ID_APLICANT` int(11) NOT NULL,
  `FAMILY` varchar(255) DEFAULT NULL,
  `NAME` varchar(255) DEFAULT NULL
) ENGINE=InnoDB DEFAULT CHARSET=utf8;

--
-- Схема на данните от таблица `aplicant`
--

INSERT INTO `aplicant` (`ID_APLICANT`, `FAMILY`, `NAME`) VALUES
(1, 'Петров', 'Йордан'),
(2, 'Пашов', 'Иван'),
(3, 'Непознат', 'Непознат');

-- --------------------------------------------------------

--
-- Структура на таблица `dimension`
--

CREATE TABLE `dimension` (
  `ID_DIMENSION` int(11) NOT NULL,
  `NAME` varchar(255) DEFAULT NULL
) ENGINE=InnoDB DEFAULT CHARSET=utf8;

--
-- Схема на данните от таблица `dimension`
--

INSERT INTO `dimension` (`ID_DIMENSION`, `NAME`) VALUES
(8, ''),
(7, 'cm2'),
(1, 'g'),
(5, 'kg'),
(3, 'L'),
(6, 'm3\r'),
(9, 'm3'),
(2, 'mL');

-- --------------------------------------------------------

--
-- Структура на таблица `external_applicant`
--

CREATE TABLE `external_applicant` (
  `ID_EXTERNAL_APPLICANT` int(11) NOT NULL,
  `EXTERNAL_APPLICANT_ADDRESS` varchar(255) DEFAULT NULL,
  `EXTERNAL_APPLICANT_CONTRACT_NUMBER` varchar(255) DEFAULT NULL,
  `EXTERNAL_APPLICANT_NAME` varchar(255) DEFAULT NULL,
  `EXTERNAL_APPLICANT_TELEPHONE` varchar(255) DEFAULT NULL
) ENGINE=InnoDB DEFAULT CHARSET=utf8;

--
-- Схема на данните от таблица `external_applicant`
--

INSERT INTO `external_applicant` (`ID_EXTERNAL_APPLICANT`, `EXTERNAL_APPLICANT_ADDRESS`, `EXTERNAL_APPLICANT_CONTRACT_NUMBER`, `EXTERNAL_APPLICANT_NAME`, `EXTERNAL_APPLICANT_TELEPHONE`) VALUES
(1, 'няма информация', 'няма информация', 'няма информация', ''),
(2, 'гр.Колодуй', '2345', 'ДП РАО', ''),
(3, 'гр.Колодуй2', 'ном:2345', 'ДП РАО1', '0888123456'),
(5, '', '', 'ЦНРД', '12-34'),
(6, '', '', 'ЦНРД', '88-88'),
(7, '', '', 'FFFF', '555');

-- --------------------------------------------------------

--
-- Структура на таблица `extra_module`
--

CREATE TABLE `extra_module` (
  `ID_EXTRA_MODULE` int(11) NOT NULL,
  `ADDITIONAL_ARRANGEMENTS` varchar(255) DEFAULT NULL,
  `ADDITIONAL_REQUIREMENTS` varchar(255) DEFAULT NULL,
  `RETURN_SAMPLES` tinyint(1) DEFAULT '0',
  `APLICANT_ID_APLICANT` int(11) DEFAULT NULL,
  `EXTERNAL_APPLICANT_ID_EXTERNAL_APPLICANT` int(11) DEFAULT NULL,
  `INTERNAL_APPLICANT_ID_INTERNAL_APPLICANT` int(11) DEFAULT NULL,
  `OTCLONENIE_ID_OTCLON` int(11) DEFAULT NULL
) ENGINE=InnoDB DEFAULT CHARSET=utf8;

--
-- Схема на данните от таблица `extra_module`
--

INSERT INTO `extra_module` (`ID_EXTRA_MODULE`, `ADDITIONAL_ARRANGEMENTS`, `ADDITIONAL_REQUIREMENTS`, `RETURN_SAMPLES`, `APLICANT_ID_APLICANT`, `EXTERNAL_APPLICANT_ID_EXTERNAL_APPLICANT`, `INTERNAL_APPLICANT_ID_INTERNAL_APPLICANT`, `OTCLONENIE_ID_OTCLON`) VALUES
(1, ' ', '', 1, 1, NULL, 5, 1),
(2, ' ', '', 1, 1, NULL, 7, 1),
(3, ' ', '', 1, 1, NULL, 5, 2),
(18, ' ', '', 1, 2, NULL, 5, 2),
(21, ' ', '', 1, 1, 6, NULL, 1),
(22, ' ', '', 1, 2, NULL, 8, 2),
(23, ' ', '', 1, 1, 7, NULL, 1),
(30, '', '', 1, 3, NULL, 15, 1),
(31, ' ', '', 1, 1, NULL, 18, 1),
(32, ' ', '', 1, 2, NULL, 16, 1),
(33, ' ', '', 0, 2, NULL, 16, 1);

-- --------------------------------------------------------

--
-- Структура на таблица `ind_num_doc`
--

CREATE TABLE `ind_num_doc` (
  `ID_IND_NUM_DOC` int(11) NOT NULL,
  `CONTENT` varchar(255) DEFAULT NULL,
  `NAME` varchar(255) DEFAULT NULL
) ENGINE=InnoDB DEFAULT CHARSET=utf8;

--
-- Схема на данните от таблица `ind_num_doc`
--

INSERT INTO `ind_num_doc` (`ID_IND_NUM_DOC`, `CONTENT`, `NAME`) VALUES
(1, 'няма информация', 'няма информация'),
(2, 'Охарактеризиране на шламове и утайки в СП,,ИЕ 1÷4 блок', 'ПП12-ИЕ.РНК.ПН.007/00'),
(3, 'Проект 5f. Осигуряване проследимост на пробите от БНС и БВС на СК-1 и СК-2', 'ОП08-ИЕ.ФХК.ПР.002/00'),
(4, 'Обем и организация на радиохимичния и технологичен контрол', 'ОП01-ИЕ.РНК.ИН.001/01');

-- --------------------------------------------------------

--
-- Структура на таблица `internal_applicant`
--

CREATE TABLE `internal_applicant` (
  `ID_INTERNAL_APPLICANT` int(11) NOT NULL,
  `INTERNAL_APPLICANT_ADDRESS` varchar(255) DEFAULT NULL,
  `INTERNAL_APPLICANT_ORGANIZATION` varchar(255) DEFAULT NULL,
  `INTERNAL_APPLICANT_TELEPHONE` varchar(255) DEFAULT NULL
) ENGINE=InnoDB DEFAULT CHARSET=utf8;

--
-- Схема на данните от таблица `internal_applicant`
--

INSERT INTO `internal_applicant` (`ID_INTERNAL_APPLICANT`, `INTERNAL_APPLICANT_ADDRESS`, `INTERNAL_APPLICANT_ORGANIZATION`, `INTERNAL_APPLICANT_TELEPHONE`) VALUES
(1, 'няма информация', 'няма информация', 'няма информация'),
(2, 'гр.Колодуй', 'Държавно предприятие “Радиоактивни отпадъци', '67-90'),
(3, 'гр.Колодуй', 'с-р ОРДК', '67-90'),
(4, 'гр.Колодуй', 'с-р РХ1', '20-24'),
(5, '', 'ЦНРД', '77-77'),
(6, '', 'УМО', '77-44'),
(7, '', 'ЦНРД', '88-88'),
(8, '', 'ЦНРД', '88-99'),
(9, '', 'с-р „Дезактивация”', ''),
(14, '', 'с-р ОРДК', ''),
(15, '', 'Сектор „Дезактивация”', ''),
(16, '', 'с-р ОРДК', '23-46'),
(17, '', 'ee', '99'),
(18, '', 'tt', '11');

-- --------------------------------------------------------

--
-- Структура на таблица `izpitvanpokazatel`
--

CREATE TABLE `izpitvanpokazatel` (
  `ID_POKAZATEL` int(11) NOT NULL,
  `METODY_ID_METODY` int(11) DEFAULT NULL,
  `POKAZATEL_ID_POKAZATEL` int(11) DEFAULT NULL,
  `REQUEST_ID_RECUEST` int(11) DEFAULT NULL
) ENGINE=InnoDB DEFAULT CHARSET=utf8;

--
-- Схема на данните от таблица `izpitvanpokazatel`
--

INSERT INTO `izpitvanpokazatel` (`ID_POKAZATEL`, `METODY_ID_METODY`, `POKAZATEL_ID_POKAZATEL`, `REQUEST_ID_RECUEST`) VALUES
(3, 13, 7, 3),
(4, 13, 7, 4),
(5, 9, 1, 5),
(6, 9, 1, 6),
(7, 9, 1, 7),
(8, 9, 1, 8),
(9, 9, 1, 9),
(10, 3, 8, 11),
(11, 3, 8, 12),
(12, 9, 1, 13),
(13, 9, 1, 14),
(14, 3, 8, 15),
(15, 15, 3, 16),
(16, 15, 4, 16),
(17, 15, 5, 16),
(18, 15, 3, 17),
(19, 15, 4, 17),
(20, 15, 5, 17),
(21, 7, 2, 18),
(22, 7, 2, 19),
(24, 1, 2, 22),
(25, 3, 8, 23),
(26, 9, 1, 24),
(27, 1, 2, 25),
(28, 3, 8, 26),
(30, 9, 1, 27),
(33, 9, 1, 28),
(35, 13, 7, 29),
(37, 13, 7, 30),
(56, 3, 8, 31),
(60, 3, 8, 32),
(68, 9, 1, 33),
(112, 9, 1, 34),
(115, 9, 1, 35),
(137, 9, 1, 36),
(147, 9, 1, 37),
(150, 9, 1, 38),
(153, 9, 1, 40),
(156, 9, 1, 41),
(159, 9, 1, 42),
(163, 3, 8, 43),
(193, 3, 8, 62),
(199, 3, 8, 63),
(203, 3, 8, 64),
(207, 9, 1, 65),
(212, 9, 1, 66),
(216, 9, 1, 67),
(219, 13, 7, 68),
(222, 13, 7, 69),
(225, 9, 1, 70),
(228, 3, 8, 71),
(231, 3, 8, 72),
(235, 9, 1, 73),
(241, 15, 5, 74),
(244, 9, 1, 75),
(246, 15, 5, 76),
(256, 9, 1, 83),
(259, 9, 1, 84),
(261, 9, 1, 85),
(263, 9, 1, 88),
(264, 3, 8, 89),
(265, 13, 7, 90),
(266, 9, 1, 91),
(267, 9, 1, 92),
(269, 9, 1, 94),
(270, NULL, 2, 95),
(271, NULL, 5, 95);

-- --------------------------------------------------------

--
-- Структура на таблица `izpitvan_produkt`
--

CREATE TABLE `izpitvan_produkt` (
  `ID_IZPITVAN_PRODUKT` int(11) NOT NULL,
  `NAME` varchar(255) DEFAULT NULL
) ENGINE=InnoDB DEFAULT CHARSET=utf8;

--
-- Схема на данните от таблица `izpitvan_produkt`
--

INSERT INTO `izpitvan_produkt` (`ID_IZPITVAN_PRODUKT`, `NAME`) VALUES
(1, 'Строителен материал'),
(2, 'Технологичен отпадък'),
(3, 'Течни изхвърляния'),
(4, 'Вода'),
(5, 'Газообразни изхвърляния'),
(6, 'Въздух'),
(7, 'Почва'),
(8, 'Технологичен материал'),
(9, '');

-- --------------------------------------------------------

--
-- Структура на таблица `list_izpitvan_pokazatel`
--

CREATE TABLE `list_izpitvan_pokazatel` (
  `ID_POKAZATEL` int(11) NOT NULL,
  `NAME` varchar(255) DEFAULT NULL
) ENGINE=InnoDB DEFAULT CHARSET=utf8;

--
-- Схема на данните от таблица `list_izpitvan_pokazatel`
--

INSERT INTO `list_izpitvan_pokazatel` (`ID_POKAZATEL`, `NAME`) VALUES
(1, 'Съдържание на гама-излъчващи радионуклиди'),
(2, 'Съдържание на алфа-излъчващи радионуклиди'),
(3, 'Съдържание на 55Fe'),
(4, 'Съдържание на 63Ni'),
(5, 'Съдържание на 90Sr'),
(6, 'Съдържание на 241Pu'),
(7, 'Съдържание на 14С'),
(8, 'Съдържание на 3H'),
(9, 'Съдържание на 129I'),
(10, 'Съдържание на 99Tc');

-- --------------------------------------------------------

--
-- Структура на таблица `metody`
--

CREATE TABLE `metody` (
  `ID_METODY` int(11) NOT NULL,
  `CODE` varchar(255) DEFAULT NULL,
  `NAME` varchar(255) DEFAULT NULL,
  `inAcredit` tinyint(1) DEFAULT '1'
) ENGINE=InnoDB DEFAULT CHARSET=utf8;

--
-- Схема на данните от таблица `metody`
--

INSERT INTO `metody` (`ID_METODY`, `CODE`, `NAME`, `inAcredit`) VALUES
(1, 'М.ЛИ-РХ-01 Редакция 02/2014', 'ОПРЕДЕЛЯНЕ НА СЪДЪРЖАНИЕТО НА АЛФА-ИЗЛЪЧВАЩИ РАДИОНУКЛИДИ И 89/90Sr ВЪВ ВОДИ И ГОРИМИ МАТЕРИАЛИ', 1),
(3, 'M.ЛИ-РХ-03 Редакция 02/2014', 'ОПРЕДЕЛЯНЕ НА СЪДЪРЖАНИЕТО НА ТРИТИЙ ВЪВ ВОДИ', 1),
(4, 'М.ЛИ-РХ-03 Редакция 04/2018', 'ОПРЕДЕЛЯНЕ НА СЪДЪРЖАНИЕТО НА ТРИТИЙ', 0),
(6, 'M.ЛИ-РХ-07 Редакция 02/2014', 'ОПРЕДЕЛЯНЕ НА СЪДЪРЖАНИЕТО НА 241Pu СЛЕД АЛФА-СПЕКТРОМЕТРИЯ', 1),
(7, 'M.ЛИ-РХ-08 Редакция 02/2014', 'ОПРЕДЕЛЯНЕ НА СЪДЪРЖАНИЕТО НА АЛФА-ИЗЛЪЧВАЩИ РАДИОНУКЛИДИ В РАЗЛИЧНИ МАТРИЦИ', 1),
(8, 'M.ЛИ-РХ-09 Редакция 02/2014', 'ОПРЕДЕЛЯНЕ НА ЕФЕКТИВНОСТТА НА РЕГИСТРИРАНЕ НА РАДИОНУКЛИДИТЕ 89SR, 90SR И 90Y ПРИ ЧЕРЕНКОВО БРОЕНЕ', 1),
(9, 'М.ЛИ-РХ-10 Редакция 02/2014', 'ОПРЕДЕЛЯНЕ НА СЪДЪРЖАНИЕТО НА ГАМА-ИЗЛЪЧВАЩИ РАДИОНУКЛИДИ', 1),
(10, 'М.ЛИ-РХ-12 Редакция 01/2013', 'ОПРЕДЕЛЯНЕ НА СЪДЪРЖАНИЕТО НА 129I ЧРЕЗ НИСКОЕНЕРГИЙНА ГАМА-СПЕКТРОМЕТРИЯ', 0),
(11, 'М.ЛИ-РХ-13 Редакция 01/2013', 'ОПРЕДЕЛЯНЕ НА СЪДЪРЖАНИЕТО НА 232Th И 237Np ВЪВ ВОДИ', 1),
(12, 'М.ЛИ-РХ-14 Редакция 03/2016', 'ОПРЕДЕЛЯНЕ НА СЪДЪРЖАНИЕТО НА 99Тс В РАЗЛИЧНИ МАТРИЦИ', 1),
(13, 'М.ЛИ-РХ-15 Редакция 02/2014', 'ОПРЕДЕЛЯНЕ НА СЪДЪРЖАНИЕТО НА 14C В РАЗЛИЧНИ МАТРИЦИ', 1),
(14, 'М.ЛИ-РХ-15 Редакция 04/2018', 'ОПРЕДЕЛЯНЕ НА СЪДЪРЖАНИЕТО НА 14C В РАЗЛИЧНИ МАТРИЦИ', 0),
(15, 'M.ЛИ-РХ-16 Редакция 03/2014', 'ОПРЕДЕЛЯНЕ НА СЪДЪРЖАНИЕТО НА 55Fe, 63Ni, 89/90Sr И 241Pu В РАЗЛИЧНИ МАТРИЦИ', 1),
(26, NULL, 'uknou', 1),
(27, NULL, 'uknou', 1),
(28, NULL, 'uknou', 1),
(29, NULL, 'uknou', 1);

-- --------------------------------------------------------

--
-- Структура на таблица `metody_to_pokazatel`
--

CREATE TABLE `metody_to_pokazatel` (
  `ID_METODY_TO_POKAZATEL` int(11) NOT NULL,
  `METODY_ID_METODY` int(11) DEFAULT NULL,
  `POKAZATEL_ID_POKAZATEL` int(11) DEFAULT NULL
) ENGINE=InnoDB DEFAULT CHARSET=utf8;

--
-- Схема на данните от таблица `metody_to_pokazatel`
--

INSERT INTO `metody_to_pokazatel` (`ID_METODY_TO_POKAZATEL`, `METODY_ID_METODY`, `POKAZATEL_ID_POKAZATEL`) VALUES
(1, 7, 2),
(2, 15, 3),
(3, 15, 4),
(4, 1, 5),
(5, 15, 5),
(6, 6, 6),
(7, 15, 6),
(8, 13, 7),
(9, 3, 8),
(10, 10, 9),
(11, 12, 10),
(12, 1, 2),
(13, 9, 1);

-- --------------------------------------------------------

--
-- Структура на таблица `nuclide`
--

CREATE TABLE `nuclide` (
  `ID_NUCLIDE` int(11) NOT NULL,
  `FAVORITE` tinyint(1) DEFAULT '0',
  `GENESIS` char(1) DEFAULT NULL,
  `HALF_LIFE` double DEFAULT NULL,
  `NAME_BG` varchar(255) DEFAULT NULL,
  `NAME_EN` varchar(255) DEFAULT NULL,
  `SYMBOL` varchar(255) DEFAULT NULL
) ENGINE=InnoDB DEFAULT CHARSET=utf8;

--
-- Схема на данните от таблица `nuclide`
--

INSERT INTO `nuclide` (`ID_NUCLIDE`, `FAVORITE`, `GENESIS`, `HALF_LIFE`, `NAME_BG`, `NAME_EN`, `SYMBOL`) VALUES
(1, 0, 't', 4598000, 'Берилий', 'Beryllium', '7Be'),
(2, 0, 't', 82140000, 'Натрий', 'Natrium', '22Na'),
(3, 0, 't', 3.946e16, 'Калий', 'Kalium', '40K'),
(4, 0, 't', 2394000, 'Хром', 'Chromium', '51Cr'),
(5, 1, 't', 26970000, 'Манган', 'Manganum', '54Mn'),
(6, 0, 't', 23480000, 'Кобалт', 'Cobaltum', '57Co'),
(7, 0, 't', 6120000, 'Кобалт', 'Cobaltum', '58Co'),
(8, 0, 't', 3844000, 'Желязо', 'Ferrum', '59Fe'),
(9, 1, 't', 166300000, 'Кобалт', 'Cobaltum', '60Co'),
(10, 0, 't', 21080000, 'Цинк', 'Zincum', '65Zn'),
(11, 0, 't', 10350000, 'Селен', 'Selenium', '75Se'),
(12, 0, 't', 339300000, 'Криптон', 'Krypton', '85Kr'),
(13, 0, 't', 5603000, 'Стронций', 'Strontium', '85Sr'),
(14, 0, 't', 9213000, 'Итрий', 'Yttrium', '88Y'),
(15, 0, 't', 1.104e15, 'Ниобий', 'Niobium', '92Nb'),
(16, 0, 't', 877000, 'Ниобий', 'Niobium', '92mNb'),
(17, 0, 't', 631100000000, 'Ниобий', 'Niobium', '94Nb'),
(18, 0, 't', 3023000, 'Ниобий', 'Niobium', '95Nb'),
(19, 0, 't', 5532000, 'Цирконий', 'Zirconium', '95Zr'),
(20, 0, 't', 3392000, 'Рутений', 'Ruthenium', '103Ru'),
(21, 0, 't', 32190000, 'Рутений', 'Ruthenium', '106Ru'),
(22, 0, 't', 13820000000, 'Сребро', 'Argentum', '108mAg'),
(23, 0, 't', 39910000, 'Кадмий', 'Cadmium', '109Cd'),
(24, 1, 't', 21580000, 'Сребро', 'Argentum', '110mAg'),
(25, 0, 't', 9944000, 'Калай', 'Stannum', '113Sn'),
(26, 0, 't', 5202000, 'Антимон', 'Stibium', '124Sb'),
(27, 0, 't', 87050000, 'Антимон', 'Stibium', '125Sb'),
(28, 0, 't', 693200, 'Йод', 'Iodum', '131I'),
(29, 0, 't', 332600000, 'Барий', 'Barium', '133Ba'),
(30, 1, 't', 65170000, 'Цезий', 'Caesium', '134Cs'),
(31, 1, 't', 948300000, 'Цезий', 'Caesium', '137Cs'),
(32, 0, 't', 11890000, 'Церий', 'Cerium', '139Ce'),
(33, 0, 't', 1102000, 'Барий', 'Barium', '140Ba'),
(34, 0, 't', 2808000, 'Церий', 'Cerium', '141Ce'),
(35, 0, 't', 24610000, 'Церий', 'Cerium', '144Ce'),
(36, 0, 't', 426700000, 'Европий', 'Europium', '152Eu'),
(37, 0, 't', 271400000, 'Европий', 'Europium', '154Eu'),
(38, 0, 't', 150000000, 'Европий', 'Europium', '155Eu'),
(39, 0, 't', 37870000000, 'Холмий', 'Holmium', '166mHo'),
(40, 0, 't', 9902000, 'Тантал', 'Tantalum', '182Ta182'),
(41, 0, 't', 6379000, 'Иридий', 'Iridium', '192Ir'),
(42, 0, 't', 4026000, 'Живак', 'Hydrargyrum', '203Hg'),
(43, 0, 't', 701500000, 'Олово', 'Plumbum', '210Pb'),
(44, 0, 't', 203600, 'Нептуний', 'Neptunium', '239Np'),
(45, 1, 't', 13650000000, 'Америций', 'Americium', '241Am'),
(46, 1, '-', 0, '-', '-', '14С'),
(47, 1, '-', 0, '-', '-', '3H'),
(48, 1, '-', 0, '-', '-', '55Fe'),
(49, 1, '-', 0, '-', '-', '63Ni'),
(50, 1, '-', 0, '-', '-', '90Sr'),
(51, 1, '-', 0, '-', '-', '238Pu'),
(52, 1, '-', 0, '-', '-', '239/240Pu'),
(53, 1, '-', 0, '-', '-', '242Cm'),
(54, 1, '-', 0, '-', '-', '243/244Cm'),
(55, 1, '-', 0, '-', '-', '242Pu'),
(56, 1, '-', 0, '-', '-', '238U'),
(57, 1, '-', 0, '-', '-', '233U'),
(58, 1, '-', 0, '-', '-', '234U'),
(59, 1, '-', 0, '-', '-', '235U'),
(60, 1, '-', 0, '-', '-', '241Pu'),
(62, 1, '-', 0, '-', '-', '99Tc'),
(63, 1, '-', 0, '-', '-', '129I');

-- --------------------------------------------------------

--
-- Структура на таблица `nuclide_to_pokazatel`
--

CREATE TABLE `nuclide_to_pokazatel` (
  `ID_NUCLIDE_TO_POKAZATEL` int(11) NOT NULL,
  `NUCLIDE_ID_NUCLIDE` int(11) DEFAULT NULL,
  `POKAZATEL_ID_POKAZATEL` int(11) DEFAULT NULL
) ENGINE=InnoDB DEFAULT CHARSET=utf8;

--
-- Схема на данните от таблица `nuclide_to_pokazatel`
--

INSERT INTO `nuclide_to_pokazatel` (`ID_NUCLIDE_TO_POKAZATEL`, `NUCLIDE_ID_NUCLIDE`, `POKAZATEL_ID_POKAZATEL`) VALUES
(1, 48, 3),
(2, 49, 4),
(3, 50, 5),
(4, 60, 6),
(5, 46, 7),
(6, 47, 8),
(7, 63, 9),
(8, 62, 10),
(9, 51, 2),
(10, 52, 2),
(11, 53, 2),
(12, 54, 2),
(13, 55, 2),
(14, 56, 2),
(15, 57, 2),
(16, 58, 2),
(17, 59, 2),
(18, 1, 1),
(19, 2, 1),
(20, 3, 1),
(21, 4, 1),
(22, 5, 1),
(23, 6, 1),
(24, 7, 1),
(25, 8, 1),
(26, 9, 1),
(27, 10, 1),
(28, 11, 1),
(29, 12, 1),
(30, 13, 1),
(31, 14, 1),
(32, 15, 1),
(33, 16, 1),
(34, 17, 1),
(35, 18, 1),
(36, 19, 1),
(37, 20, 1),
(38, 21, 1),
(39, 22, 1),
(40, 23, 1),
(41, 24, 1),
(42, 25, 1),
(43, 26, 1),
(44, 27, 1),
(45, 28, 1),
(46, 29, 1),
(47, 30, 1),
(48, 31, 1),
(49, 32, 1),
(50, 33, 1),
(51, 34, 1),
(52, 35, 1),
(53, 36, 1),
(54, 37, 1),
(55, 38, 1),
(56, 39, 1),
(57, 40, 1),
(58, 41, 1),
(59, 42, 1),
(60, 43, 1),
(61, 44, 1),
(62, 45, 1),
(63, 45, 2),
(64, 50, 2);

-- --------------------------------------------------------

--
-- Структура на таблица `obekt_na_izpitvane_request`
--

CREATE TABLE `obekt_na_izpitvane_request` (
  `ID_OBEKT_NA_IZPITVANE` int(11) NOT NULL,
  `NAME` varchar(255) DEFAULT NULL
) ENGINE=InnoDB DEFAULT CHARSET=utf8;

--
-- Схема на данните от таблица `obekt_na_izpitvane_request`
--

INSERT INTO `obekt_na_izpitvane_request` (`ID_OBEKT_NA_IZPITVANE`, `NAME`) VALUES
(1, 'Вентилационна тръба-1 и Вентилационна тръба-2'),
(2, 'Спец корпус-1 и Спец корпус-2'),
(3, 'БАК 1и2'),
(4, 'БНС-1, СК-1'),
(5, 'БНС-2, СК-1'),
(6, 'БВС-1'),
(7, 'БВС-2'),
(8, 'Вентилационна тръба-1'),
(9, 'Вентилационна тръба-2'),
(10, 'Тръбопроводи и задвижки ПВ от ДВН 7'),
(11, 'Тръбопроводи и задвижки ВТК и ОК от ДВН 7'),
(12, 'Ревизионни шахти от района на блокове 1÷4'),
(13, 'Спецкорпус - 2'),
(14, 'Бак 4 и 5 (Изход 2)'),
(15, 'Спецкорпус-2'),
(16, 'Спецкорпус-1'),
(17, 'Помещения: A 301/1, A 301/2, A 301/3, A 301/4'),
(18, 'Тръбопроводи ДВН-7'),
(19, 'Корпус ДВН-7'),
(20, 'ДСШ на ТГ 1÷8 на блокове 1 ÷ 4'),
(21, ' ДВН-8 и прилежащи тръбопроводи'),
(22, ' Дренажна система, кота 14.70'),
(23, 'Тръбопроводи от СПП, ТГ-6'),
(24, ' Плоча на турбофундамент на ТГ-7'),
(25, 'Резервоар за дъждовна вода, СК-1'),
(26, ' МЗ, ТГ-7'),
(27, 'Паропроводи ЦВН ТГ-6'),
(28, 'Резервоар дъждовна вода, СК-1'),
(29, 'Въздуховод вент. система П-4С'),
(30, ' ВК-002, СК-2'),
(31, 'СК-2'),
(32, ' СК-2'),
(33, 'Ревизионни шахти от района на 1÷4 блок'),
(34, 'Вентилационна тръба-1\rВентилационна тръба-2'),
(35, 'Спецкорпус-1, Спецкорпус-2, Бак 4 и 5 (Изход 2)'),
(36, 'Спецкорпус-1\rСпецкорпус-2'),
(37, 'БНС-1 , СК-1 \rБНС-1 , СК-2'),
(38, 'СПП р.А и р.Б'),
(39, 'Ресивери долна част  р.А и р.Б'),
(40, 'Площадка рифелова ламарина ВУТГГВО  EMBED Equation.3  3.80, ТГ-6'),
(41, 'СПП и ресивери,  ТГ 8, ред А'),
(42, 'СПП и ресивери,  ТГ 8, ред Б'),
(43, 'БВС-1, СК-2'),
(44, 'Магазин за месо, кв. „Каменни”, гр. Хасково'),
(45, 'Частен дом, ул. „Червена стена” № 46, кв. „Каменни”, гр. Хасково'),
(46, 'Хранителен магазин „Дани”, кв. „Болярово”, гр. Хасково'),
(47, 'Хранителен магазин „Маркони”, \rул. „проф.Георги Китов” № 220, кв. „Кенана”, гр. Хасково'),
(48, 'Частен дом, ул. „Пещера” № 36, кв. „Хисаря”, гр. Хасково'),
(49, 'Бистро, магазин „Практис” етаж 2, гр. Хасково'),
(50, 'ОТВ, СК-2'),
(51, 'Спецкорпус-1, Бак 4 и 5 (Изход 2)'),
(52, 'Съоръжение за плазмено изгаряне'),
(53, 'Изкоп за азотна станция южно от СК-2'),
(54, 'БВС-1, СК-1'),
(55, 'БВС-1 на СК-1 и СК-2'),
(56, 'Постъпващи води от слабонапорен канал 1, МЗ 1 блок  EMBED Equation.3   - 3,60'),
(57, 'БНС-1 , СК-1'),
(58, 'ПВН-6,  ПВН-7  и  ПВН-8  на  ТГ-7 '),
(59, 'ПВН-6,  ПВН-7  и  ПВН-8  на  ТГ-8'),
(60, 'ОТВ, СК-1'),
(61, 'МЗ 1 блок  EMBED Equation.3   - 3,60'),
(62, 'ДСШ на ТГ 1÷8 на блокове 1÷4'),
(63, 'БНС-2 , СК-1'),
(64, 'СВО-1 на Блок 1 ÷ 4'),
(65, 'СВО-1'),
(66, 'СВО-4'),
(67, 'Тръбопроводи пара за стопорни клапани ТГ-6'),
(68, 'Машинна зала I и II блок,   EMBED Equation.3  -3,60 '),
(69, 'БТВ-1 , СК-1'),
(70, 'БТВ-2 , СК-1'),
(71, 'СВО-4 на Блок 1 и 2'),
(72, 'БТВ-3 , СК-1'),
(73, 'БТВ-1 , СК-2'),
(74, 'БТВ-2 , СК-2'),
(75, 'Помещения Б002/4 и Б003/4'),
(76, 'Бак 4 и 5 (Изход 2), Спецкорпус-1, Спецкорпус-2'),
(77, 'Спецкорпус-1                                                                           Спецкорпус-2'),
(78, 'БТВ-3 , СК-2'),
(79, 'Помещение Б003/4'),
(80, 'Смукателна вентилационна система В2-Г'),
(81, 'Бак № 7000859'),
(82, 'Бак 4 и 5 (Изход 2), Спецкорпус-1'),
(83, 'Трансформатор блочен резервен идент. № 04/00884'),
(84, 'Трансформатор -8 блочен  идент. № 04/00007\rТрансформатор -8 отпайка идент. № 04/00008\rТрансформатор отпайка резервен идент. № 04/00885'),
(85, 'Борен възел 1 блок,  Б002/1'),
(86, 'Цех за намаляване на размерите и дезактивация'),
(87, 'Шахта № 16 , блок № 2'),
(88, 'Машинна зала на 1-ви блок'),
(89, 'Машинна зала на 1-ви и 2-ри блок'),
(90, 'Машинна зала на 2-ри блок'),
(91, ' Тръбопроводи  към  6,7 и 8 ПВН на ТГ-1'),
(92, ' Тръбопроводи  към  6,7 и 8 ПВН на ТГ-2'),
(93, ' Задвижки  ВК 20,25,28,30,31 и 33 от  ТГ-1'),
(94, ' Задвижки  ВК 20,25,28,30,31 и 33 от  ТГ-2'),
(95, ' 1 и 2 БРОУ-К и прилежащи тръбопроводи от  ТГ-7'),
(96, ' 1÷ 4 П16  на ТГ-6'),
(97, ' 1÷ 4 П16  на ТГ-8'),
(98, ' 1 и 2 БРОУ-К на 1÷ 4 П16  на ТГ-5'),
(99, ' 1 и 2 БРОУ-К на ТГ-8'),
(100, ' 1 и 2 БРОУ-К на ТГ-6'),
(101, ' ОТК 1 и 2 блок'),
(102, ' ТК 1 и 2 блок'),
(103, 'БКО-1, СК-1'),
(104, 'БКО-2, СК-1'),
(105, 'БКО-3, СК-1'),
(106, 'Строителни отпадъци в контейнери СКИП от 3 бл. - АГП 5 и 6'),
(107, 'Спец корпус-1, Спец корпус-2 и БАК (Изход2)'),
(109, ' Тръбопроводи ВК на ТГ-7'),
(110, 'Строителни отпадъци от АГП 5, 6 и 7'),
(111, 'Транспортен коридор 1'),
(112, '2П-5А'),
(113, '1П-3I'),
(114, 'Сондажни кладенци около цех РАО     '),
(115, '03D-SS02T02, ЦНРД'),
(116, 'Вентилационна тръба -1\rВентилационна тръба-2'),
(117, 'Акумулаторна батерия от 1 и 2 блок, 01/04283, съдържаща 54 елемента'),
(118, '03D-SS02T01, ЦНРД'),
(119, 'DL 05 B01'),
(120, 'Машинна зала 1 ÷ 4 блок      '),
(121, 'Вентилационна тръба на ЦНРД'),
(122, 'DL 34 B01 – вана с разтвор на H3PO4'),
(123, '03D-SS02T03, ЦНРД'),
(124, 'Спецкорпус-1           \rСпецкорпус-2           '),
(125, 'Строителни отпадъци в контейнери СКИП от  блок 4  – \rАГП 7 и 8'),
(126, 'Строителни отпадъци в контейнери СКИП от  блок 3  – \rАГП 5 и 6'),
(127, 'Пом. А108/4 на ТМК-Г'),
(128, 'Регулатор на дренажите на ТГ-2\rСепаратор сборчик на ТГ-2'),
(129, 'Стена на АГП8'),
(130, 'СПИ'),
(131, 'DL 05 B02'),
(132, 'Разтвор от баня №1'),
(160, 'БНС-1, СК-1-6666'),
(161, 'БАК 1и2-258369'),
(162, 'БАК 1и2444444444444444444'),
(163, 'БАК 1и2-258369pppppppppp'),
(164, 'БАК 1и2-258369kkkkkkkkkk'),
(165, 'БНС-1, СК-1-666600000000000'),
(166, 'БНС-1, СК-1-6666kkkkkkkkkkkkkkkkkkkkkkkk'),
(167, 'БАК 1и2-258369nnnnnnnnnnnnnnnnnnnnnnn'),
(168, 'БАК 1и2-258369lllllllllllllllllllllllllllll'),
(169, 'Спец корпус-1 и Спец корпус-2oooooooooooooooooo');

-- --------------------------------------------------------

--
-- Структура на таблица `obekt_na_izpitvane_sample`
--

CREATE TABLE `obekt_na_izpitvane_sample` (
  `ID_OBEKT_NA_IZPITVANE` int(11) NOT NULL,
  `NAME` varchar(255) DEFAULT NULL,
  `OBECT_IZPITVANE_REQUEST_ID_OBEKT_NA_IZPITVANE` int(11) DEFAULT NULL
) ENGINE=InnoDB DEFAULT CHARSET=utf8;

--
-- Схема на данните от таблица `obekt_na_izpitvane_sample`
--

INSERT INTO `obekt_na_izpitvane_sample` (`ID_OBEKT_NA_IZPITVANE`, `NAME`, `OBECT_IZPITVANE_REQUEST_ID_OBEKT_NA_IZPITVANE`) VALUES
(1, 'Вентилационна тръба-1', NULL),
(2, 'Вентилационна тръба-2', NULL),
(3, 'Спец корпус-1', NULL),
(4, 'Спец корпус-2', NULL),
(5, 'БАК 1и2', NULL),
(6, '', NULL),
(7, 'Тръбопроводи и задвижки ПВ от ДВН 7', NULL),
(8, 'Тръбопроводи и задвижки ВТК и ОК от ДВН 7', NULL),
(9, 'Ревизионни шахти от района на блокове 1÷4', NULL),
(10, 'Спецкорпус - 2', NULL),
(11, 'Бак 4 и 5 (Изход 2)', NULL),
(12, 'Спецкорпус-2', NULL),
(13, 'Спецкорпус-1', NULL),
(14, 'Тръбопроводи ДВН-7', NULL),
(15, 'Корпус ДВН-7', NULL),
(16, 'ДСШ на ТГ 1÷8 на блокове 1 ÷ 4', NULL),
(17, 'ДВН-8 и прилежащи тръбопроводи', NULL),
(18, 'Дренажна система, кота 14.70', NULL),
(19, 'Тръбопроводи от СПП, ТГ-6', NULL),
(20, 'Плоча на турбофундамент на ТГ-7', NULL),
(21, 'Резервоар за дъждовна вода, СК-1', NULL),
(22, 'МЗ, ТГ-7', NULL),
(23, 'Паропроводи ЦВН ТГ-6', NULL),
(24, 'Резервоар дъждовна вода, СК-1', NULL),
(25, 'Въздуховод вент. система П-4С', NULL),
(26, 'ВК-002, СК-2', NULL),
(27, 'СК-2', NULL),
(28, 'Ревизионни шахти от района на 1÷4 блок', NULL),
(29, 'Спецкорпус-1, Спецкорпус-2, Бак 4 и 5 (Изход 2)', NULL),
(30, 'Помещения: A 301/1, A 301/2, A 301/3, A 301/4', NULL),
(31, 'БНС-1 , СК-1', NULL),
(32, 'СПП р.А и р.Б', NULL),
(33, 'Ресивери долна част  р.А и р.Б', NULL),
(34, 'Площадка рифелова ламарина ВУТГГВО  EMBED Equation.3  3.80, ТГ-6', NULL),
(35, 'СПП и ресивери,  ТГ 8, ред А', NULL),
(36, 'СПП и ресивери,  ТГ 8, ред Б', NULL),
(37, 'БВС-1, СК-2', NULL),
(38, 'Магазин за месо, кв. „Каменни”, гр. Хасково', NULL),
(39, 'Частен дом, ул. „Червена стена” № 46, кв. „Каменни”, гр. Хасково', NULL),
(40, 'Хранителен магазин „Дани”, кв. „Болярово”, гр. Хасково', NULL),
(41, 'Хранителен магазин „Маркони”,', NULL),
(42, 'Частен дом, ул. „Пещера” № 36, кв. „Хисаря”, гр. Хасково', NULL),
(43, 'Бистро, магазин „Практис” етаж 2, гр. Хасково', NULL),
(44, 'ОТВ, СК-2', NULL),
(45, 'Спецкорпус-1, Бак 4 и 5 (Изход 2)', NULL),
(46, 'Съоръжение за плазмено изгаряне', NULL),
(47, 'Изкоп за азотна станция южно от СК-2', NULL),
(48, 'БВС-1, СК-1', NULL),
(49, 'БВС-1 на СК-1 и СК-2', NULL),
(50, 'Постъпващи води от слабонапорен канал 1, МЗ 1 блок  EMBED Equation.3   - 3,60', NULL),
(51, 'ПВН-6,  ПВН-7  и  ПВН-8  на  ТГ-7', NULL),
(52, 'ПВН-6,  ПВН-7  и  ПВН-8  на  ТГ-8', NULL),
(53, 'ОТВ, СК-1', NULL),
(54, 'МЗ 1 блок  EMBED Equation.3   - 3,60', NULL),
(55, 'ДСШ на ТГ 1÷8 на блокове 1÷4', NULL),
(56, 'БНС-2 , СК-1', NULL),
(57, 'СВО-1 на Блок 1 ÷ 4', NULL),
(58, 'СВО-1', NULL),
(59, 'СВО-4', NULL),
(60, 'Тръбопроводи пара за стопорни клапани ТГ-6', NULL),
(61, 'Машинна зала I и II блок,   EMBED Equation.3  -3,60', NULL),
(62, 'БТВ-1 , СК-1', NULL),
(63, 'БТВ-2 , СК-1', NULL),
(64, 'СВО-4 на Блок 1 и 2', NULL),
(65, 'БТВ-3 , СК-1', NULL),
(66, 'БТВ-1 , СК-2', NULL),
(67, 'БТВ-2 , СК-2', NULL),
(68, 'Помещения Б002/4 и Б003/4', NULL),
(69, 'Бак 4 и 5 (Изход 2), Спецкорпус-1, Спецкорпус-2', NULL),
(70, 'Спецкорпус-1                                                                           Спецкорпус-2', NULL),
(71, 'БТВ-3 , СК-2', NULL),
(72, 'Помещение Б003/4', NULL),
(73, 'Смукателна вентилационна система В2-Г', NULL),
(74, 'Бак № 7000859', NULL),
(75, 'Бак 4 и 5 (Изход 2), Спецкорпус-1', NULL),
(76, 'Трансформатор блочен резервен идент. № 04/00884', NULL),
(77, 'Трансформатор -8 блочен  идент. № 04/00007', NULL),
(78, 'Трансформатор -8 отпайка идент. № 04/00008', NULL),
(79, 'Трансформатор отпайка резервен идент. № 04/00885', NULL),
(80, 'Борен възел 1 блок,  Б002/1', NULL),
(81, 'Цех за намаляване на размерите и дезактивация', NULL),
(82, 'Шахта № 16 , блок № 2', NULL),
(83, 'Машинна зала на 1-ви блок', NULL),
(84, 'Машинна зала на 1-ви и 2-ри блок', NULL),
(85, 'Машинна зала на 2-ри блок', NULL),
(86, 'Тръбопроводи  към  6,7 и 8 ПВН на ТГ-1', NULL),
(87, 'Тръбопроводи  към  6,7 и 8 ПВН на ТГ-2', NULL),
(88, 'Задвижки  ВК 20,25,28,30,31 и 33 от  ТГ-1', NULL),
(89, 'Задвижки  ВК 20,25,28,30,31 и 33 от  ТГ-2', NULL),
(90, '1 и 2 БРОУ-К и прилежащи тръбопроводи от  ТГ-7', NULL),
(91, '1÷ 4 П16  на ТГ-6', NULL),
(92, '1÷ 4 П16  на ТГ-8', NULL),
(93, '1 и 2 БРОУ-К на 1÷ 4 П16  на ТГ-5', NULL),
(94, '1 и 2 БРОУ-К на ТГ-8', NULL),
(95, '1 и 2 БРОУ-К на ТГ-6', NULL),
(96, 'ОТК 1 и 2 блок', NULL),
(97, 'ТК 1 и 2 блок', NULL),
(98, 'БКО-1, СК-1', NULL),
(99, 'БКО-2, СК-1', NULL),
(100, 'БКО-3, СК-1', NULL),
(101, 'Тръбопроводи ВК на ТГ-7', NULL),
(102, 'Строителни отпадъци от АГП 5, 6 и 7', NULL),
(103, 'Транспортен коридор 1', NULL),
(104, '2П-5А', NULL),
(105, '1П-3I', NULL),
(106, 'Сондажни кладенци около цех РАО', NULL),
(107, '03D-SS02T02, ЦНРД', NULL),
(108, 'Вентилационна тръба -1', NULL),
(109, 'Акумулаторна батерия от 1 и 2 блок, 01/04283, съдържаща 54 елемента', NULL),
(110, '03D-SS02T01, ЦНРД', NULL),
(111, 'DL 05 B01', NULL),
(112, 'Машинна зала 1 ÷ 4 блок', NULL),
(113, 'Вентилационна тръба на ЦНРД', NULL),
(114, 'DL 34 B01 – вана с разтвор на H3PO4', NULL),
(115, '03D-SS02T03, ЦНРД', NULL),
(116, 'Строителни отпадъци в контейнери СКИП от  блок 4  –', NULL),
(117, 'АГП 7 и 8', NULL),
(118, 'Строителни отпадъци в контейнери СКИП от  блок 3  –', NULL),
(119, 'АГП 5 и 6', NULL),
(120, 'Пом. А108/4 на ТМК-Г', NULL),
(121, 'Регулатор на дренажите на ТГ-2', NULL),
(122, 'Сепаратор сборчик на ТГ-2', NULL),
(123, 'Стена на АГП8', NULL),
(124, 'СПИ', NULL),
(125, 'DL 05 B02', NULL),
(126, 'Разтвор от баня №1', NULL),
(127, 'РШ-1', NULL),
(128, 'РШ-90', NULL),
(129, 'РШ-156', NULL),
(130, 'РШ-165', NULL),
(131, 'РШ-171', NULL),
(132, 'РШ-118', NULL),
(133, 'КШ-18/2', NULL),
(134, 'К-2', NULL),
(135, 'ТЦ-3 ', NULL),
(136, 'A 301/1', NULL),
(137, 'А 301/2', NULL),
(138, 'А 301/3', NULL),
(139, 'А 301/4', NULL),
(140, 'РШ-170', NULL),
(141, 'РШ-162', NULL),
(142, 'СК1-юг', NULL),
(143, 'КШ-18/1', NULL),
(144, 'ТГ-1 (ТГ-1-W)', NULL),
(145, 'ТГ-2 (ТГ-2-W)', NULL),
(146, 'ТГ-3 (ТГ-3-W)', NULL),
(147, 'ТГ-4 (ТГ-4-W)', NULL),
(148, 'ТГ-5 (ТГ-5-W)', NULL),
(149, 'ТГ-6 (ТГ-6-W)', NULL),
(150, 'ТГ-7 (ТГ-7-W)', NULL),
(151, 'ТГ-8 (ТГ-8-W)', NULL),
(152, 'Спец корпус-2-999999', NULL),
(153, '2017', NULL),
(154, '3198-1/3198-1, Бетон от демонтирана плоча на ТГ-7, m=1829.25 g;\r', NULL),
(155, '3202-1/3202-1, Топлоизолационна вата, m=166,51 g;\r', NULL);

-- --------------------------------------------------------

--
-- Структура на таблица `otclonenie`
--

CREATE TABLE `otclonenie` (
  `ID_OTCLON` int(11) NOT NULL,
  `NAME` varchar(255) DEFAULT NULL
) ENGINE=InnoDB DEFAULT CHARSET=utf8;

--
-- Схема на данните от таблица `otclonenie`
--

INSERT INTO `otclonenie` (`ID_OTCLON`, `NAME`) VALUES
(1, ''),
(2, 'Поради различна плътност на матрицата е добавена 10% систематична грешка към неопределеността');

-- --------------------------------------------------------

--
-- Структура на таблица `period`
--

CREATE TABLE `period` (
  `ID_PERIOD` int(11) NOT NULL,
  `VALUE` varchar(255) DEFAULT NULL
) ENGINE=InnoDB DEFAULT CHARSET=utf8;

--
-- Схема на данните от таблица `period`
--

INSERT INTO `period` (`ID_PERIOD`, `VALUE`) VALUES
(1, 'Януари'),
(2, 'Февруари'),
(3, 'Март'),
(4, 'Април'),
(5, 'Май'),
(6, 'Юни'),
(7, 'Юли'),
(8, 'Август'),
(9, 'Септември'),
(10, 'Октомври'),
(11, 'Ноември'),
(12, 'Декември'),
(31, '1-во тримесечие'),
(32, '2-ро тримесечие'),
(33, '3-то тримесечие'),
(34, '4-то тримесечие'),
(61, '1-во полугодие'),
(62, '2-ро полугодие'),
(99, 'годишен');

-- --------------------------------------------------------

--
-- Структура на таблица `post`
--

CREATE TABLE `post` (
  `ID_POST` int(11) NOT NULL,
  `NAME` varchar(255) DEFAULT NULL
) ENGINE=InnoDB DEFAULT CHARSET=utf8;

--
-- Схема на данните от таблица `post`
--

INSERT INTO `post` (`ID_POST`, `NAME`) VALUES
(1, '--'),
(2, 'ОИР'),
(3, 'ОРХО'),
(4, 'ОМО');

-- --------------------------------------------------------

--
-- Структура на таблица `razmernosti`
--

CREATE TABLE `razmernosti` (
  `ID_RAZMERNOSTI` int(11) NOT NULL,
  `NAME` varchar(255) DEFAULT NULL
) ENGINE=InnoDB DEFAULT CHARSET=utf8;

--
-- Схема на данните от таблица `razmernosti`
--

INSERT INTO `razmernosti` (`ID_RAZMERNOSTI`, `NAME`) VALUES
(1, 'Bq'),
(2, 'Bq/g'),
(3, 'Bq/mL'),
(4, 'Bq/L'),
(5, 'Bq/m3'),
(6, 'Bq/kg'),
(8, 'Bq/cm2');

-- --------------------------------------------------------

--
-- Структура на таблица `request`
--

CREATE TABLE `request` (
  `ID_RECUEST` int(11) NOT NULL,
  `ACCREDITATION` tinyint(1) DEFAULT '0',
  `COUNTS_SAMPLES` int(11) DEFAULT NULL,
  `DATE_EXECUTION` varchar(255) DEFAULT NULL,
  `DATE_RECEPTION` varchar(255) DEFAULT NULL,
  `DATE_REQUEST` varchar(255) DEFAULT NULL,
  `DESCRIPTION_SAMPLE_GROUP` varchar(255) DEFAULT NULL,
  `recuest_code` varchar(255) DEFAULT NULL,
  `SECTION` tinyint(1) DEFAULT '0',
  `EXTRA_MODULE_ID_EXTRA_MODULE` int(11) DEFAULT NULL,
  `IND_NUM_DOC_ID_IND_NUM_DOC` int(11) DEFAULT NULL,
  `IZPITVAN_PRODUKT_ID_IZPITVAN_PRODUKT` int(11) DEFAULT NULL,
  `OBEKT_NA_IZPITVANE_REQUEST_ID_OBEKT_NA_IZPITVANE` int(11) DEFAULT NULL,
  `RAZMERNOSTI_ID_RAZMERNOSTI` int(11) DEFAULT NULL,
  `USERS_ID_USERS` int(11) DEFAULT NULL,
  `ZABELEJKI_ID_ZABELEJKI` int(11) DEFAULT NULL
) ENGINE=InnoDB DEFAULT CHARSET=utf8;

--
-- Схема на данните от таблица `request`
--

INSERT INTO `request` (`ID_RECUEST`, `ACCREDITATION`, `COUNTS_SAMPLES`, `DATE_EXECUTION`, `DATE_RECEPTION`, `DATE_REQUEST`, `DESCRIPTION_SAMPLE_GROUP`, `recuest_code`, `SECTION`, `EXTRA_MODULE_ID_EXTRA_MODULE`, `IND_NUM_DOC_ID_IND_NUM_DOC`, `IZPITVAN_PRODUKT_ID_IZPITVAN_PRODUKT`, `OBEKT_NA_IZPITVANE_REQUEST_ID_OBEKT_NA_IZPITVANE`, `RAZMERNOSTI_ID_RAZMERNOSTI`, `USERS_ID_USERS`, `ZABELEJKI_ID_ZABELEJKI`) VALUES
(3, 0, 2, '23.01.2017', '16.12.2016', '16.12.2016', ' сборна месечна водна проба, за периода 01.12.2016 ÷ 03.01.2017, за м. Декември', '3144', 1, NULL, 4, 5, 8, 5, 1, 5),
(4, 0, 2, '23.01.2017', '16.12.2016', '16.12.2016', ' сборна месечна водна проба за периода 30.11.2016 ÷ 03.01.2017, за м. Декември', '3145', 1, NULL, 4, 5, 9, 5, 1, 5),
(5, 0, 9, '22.12.2016', '22.12.2016', '22.12.2016', 'Водни проби, всяка с V=0.2l за м. Декември', '3150', 1, NULL, 4, 4, 12, 4, 1, 5),
(6, 0, 1, '18.01.2017', '03.01.2017', '03.01.2017', 'Сборна водна проба за период 01.12.2016 ÷ 31.12.2016, V=1.0 l  за м. Декември', '3151', 1, NULL, 4, 3, 13, 5, 1, 5),
(7, 0, 1, '20.01.2017', '03.01.2017', '03.01.2017', 'Сборна водна проба за  период 01.12.2016 ÷ 31.12.2016, V=1.0 l за м. Декември', '3152', 1, NULL, 4, 3, 14, 5, 1, 5),
(8, 0, 1, '18.01.2017', '03.01.2017', '03.01.2017', 'Сборна проба, аерозолен филтър за  период 30.11.2016 ÷ 03.01.2017  за  м.Декември', '3153', 1, NULL, 4, 5, 8, 5, 1, 5),
(9, 0, 1, '18.01.2017', '03.01.2017', '03.01.2017', 'Сборна проба, аерозолен филтър за   период 30.11.2016 ÷ 03.01.2017, за м. Декември', '3154', 1, NULL, 4, 5, 9, 5, 1, 5),
(11, 0, 2, '10.01.2017', '21.12.2016', '21.12.2016', 'Сборна проба воден десорбат за периода 01.12.2016 ÷ 16.12.2016,  за м.Декември', '3146', 1, NULL, 4, 5, 8, 3, 1, 5),
(12, 0, 2, '10.01.2017', '21.12.2016', '21.12.2016', 'Сборна проба воден десорбат за периода 30.11.2016 ÷ 16.12.2016, за  м.Декември', '3147', 1, NULL, 4, 5, 9, 3, 1, 5),
(13, 1, 1, '10.01.2017', '22.12.2016', '22.12.2016', '', '3148', 1, NULL, 1, 8, 10, 2, 1, 5),
(14, 1, 1, '10.01.2017', '22.12.2016', '22.12.2016', '', '3149', 1, NULL, 1, 8, 11, 2, 1, 1),
(15, 0, 1, '23.01.2017', '03.01.2017', '03.01.2017', '', '3155', 1, NULL, 4, 3, 15, 5, 1, 5),
(16, 0, 1, '08.03.2017', '04.01.2017', '04.01.2017', 'Сборна водна проба за   период 01.10.2016 ÷ 30.11.2016 , за 4-то тримесечие', '3156', 1, NULL, 4, 3, 16, 5, 1, 5),
(17, 0, 1, '08.03.2017', '04.01.2017', '04.01.2017', 'Сборна водна проба   период 01.10.2016 ÷ 31.12.2016 , за 4-то тримесечие', '3157', 1, NULL, 4, 3, 15, 5, 1, 5),
(18, 0, 1, '08.03.2017', '04.01.2017', '04.01.2017', 'Сборна водна проба  период 01.10.2016 ÷ 30.11.2016 , за 4-то тримесечие', '3158', 1, NULL, 4, 3, 16, 5, 1, 5),
(19, 0, 1, '08.03.2017', '04.01.2017', '04.01.2017', 'Сборна водна проба период 01.10.2016 ÷ 31.12.2016 ,  за 4-то тримесечие', '3159', 1, NULL, 4, 3, 15, 5, 1, 5),
(22, 1, 1, '20.03.2017', '04.01.2017', '04.01.2017', '3160-1/Сборна проба от аерозолни филтри за IV трим. 2016 г., период 01.10.2016  ÷ 31.12.2016, Vвъздух=68507.3 m3;\r', '3160', 1, NULL, 4, 9, 8, 5, 1, 5),
(23, 1, 2, '23.01.2017', '06.01.2017', '06.01.2017', 'Сборна проба воден десорбат за периода 16.12.2016 ÷ 03.01.2017\r\n', '3163', 1, NULL, 4, 9, 8, 3, 1, 5),
(24, 0, 4, '20.01.2017', '06.01.2017', '06.01.2017', 'Аерозолен филтър  за периода 01.12.2016 ÷ 04.01.2017  за м. Декември', '3162', 1, NULL, 4, 6, 17, 1, 1, 5),
(25, 0, 1, '20.03.2017', '04.01.2017', '04.01.2017', 'Сборна проба от аерозолни филтри  период 01.10.2016  ÷ 31.12.2016,  за 4-то тримесечие', '3161', 1, NULL, 4, 5, 9, 5, 1, 5),
(26, 0, 2, '23.01.2017', '06.01.2017', '06.01.2017', 'Сборна проба  воден десорбат за периода 16.12.2016 ÷ 03.01.2017 ', '3164', 1, NULL, 4, 5, 9, 3, 1, 5),
(27, 1, 1, '26.01.2017', '11.01.2017', '11.01.2017', '', '3165', 1, NULL, 1, 8, 18, 2, 1, 1),
(28, 1, 1, '26.01.2017', '11.01.2017', '11.01.2017', '', '3166', 1, NULL, 1, 8, 19, 2, 1, 1),
(29, 0, 2, '20.02.2017', '16.01.2017', '16.01.2017', 'Сборна месечна водна проба за периода 03.01.2017 ÷ 31.01.2017, за  м. Януари', '3167', 1, NULL, 4, 5, 8, 5, 1, 5),
(30, 0, 2, '20.02.2017', '16.01.2017', '16.01.2017', 'Сборна месечна водна проба за периода 03.01.2017 ÷ 31.01.2017,  за м. Януари', '3168', 1, NULL, 4, 5, 9, 5, 1, 5),
(31, 0, 2, '03.02.2017', '19.01.2017', '19.01.2017', 'Сборна проба воден десорбат за периода 03.01.2017 ÷ 16.01.2017, за м. Януари', '3169', 1, NULL, 4, 5, 8, 3, 1, 5),
(32, 0, 2, '03.02.2017', '19.01.2017', '19.01.2017', 'Сборна проба воден десорбат за периода 03.01.2017 ÷ 16.01.2017,  за м.Януари', '3170', 1, NULL, 4, 5, 9, 3, 1, 5),
(33, 0, 2, '07.02.2017', '23.01.2017', '23.01.2017', 'Дублиращ филтър от радиометър „Калина” ', '3171', 1, NULL, 1, 5, 9, 5, 1, 5),
(34, 0, 9, '13.02.2017', '26.01.2017', '26.01.2017', 'Водни проби, всяка с V=0.2l  за м.Януари', '3172', 1, NULL, 4, 4, 12, 4, 1, 5),
(35, 0, 8, '13.02.2017', '26.01.2017', '26.01.2017', 'Водни проби, всяка с V=0.2l  за м. Януари', '3173', 1, NULL, 4, 4, 20, 4, 1, 5),
(36, 1, 1, '10.02.2017', '26.01.2017', '26.01.2017', '', '3174', 1, NULL, 1, 8, 21, 2, 1, 1),
(37, 0, 1, '16.02.2017', '31.01.2017', '31.01.2017', 'Сборна проба, аерозолен филтър за период 03.01.2017 ÷ 31.01.2017,  за м.Януари', '3175', 1, NULL, 4, 5, 8, 5, 1, 5),
(38, 0, 1, '16.02.2017', '31.01.2017', '31.01.2017', 'Сборна проба, аерозолен филтър за  период 03.01.2017 ÷ 31.01.2017,  за м.Януари', '3176', 1, NULL, 4, 5, 9, 5, 1, 5),
(40, 0, 1, '16.02.2017', '31.01.2017', '31.01.2017', 'Сборна водна проба за период 01.01.2017 ÷ 31.01.2017,  за м.Януари', '3177', 1, NULL, 4, 3, 14, 5, 1, 5),
(41, 0, 1, '16.02.2017', '01.02.2017', '01.02.2017', 'Сборна водна проба за период 01.01.2017 ÷ 31.01.2017,  за  м.Януари', '3178', 1, NULL, 4, 3, 16, 5, 1, 5),
(42, 0, 1, '16.02.2017', '01.02.2017', '01.02.2017', 'Сборна водна проба за период 01.01.2017 ÷ 31.01.2017,  за  м.Януари', '3179', 1, NULL, 4, 3, 15, 5, 1, 5),
(43, 0, 1, '20.02.2017', '01.02.2017', '01.02.2017', 'Сборна водна проба за  период 01.01.2017 ÷ 31.01.2017,  за  м.Януари', '3180', 1, NULL, 4, 3, 16, 5, 1, 5),
(62, 0, 1, '20.02.2017', '01.02.2017', '01.02.2017', 'Сборна водна проба за период 01.01.2017 ÷ 31.01.2017, за м. Януари', '3181', 1, NULL, 4, 3, 15, 5, 1, 5),
(63, 0, 2, '20.02.2017', '03.02.2017', '03.02.2017', 'Сборна проба воден десорбат за периода 16.01.2017 ÷ 31.01.2017', '3182', 1, NULL, 4, 5, 8, 3, 1, 5),
(64, 0, 2, '20.02.2017', '03.02.2017', '03.02.2017', 'Сборна проба  воден десорбат за периода 16.01.2017 ÷ 31.01.2017', '3183', 1, NULL, 4, 5, 9, 3, 1, 5),
(65, 0, 4, '21.02.2017', '03.02.2017', '03.02.2017', 'Аерозолни филтри за периода 04.01.2017 ÷ 30.01.2017, за м. Януари', '3184', 1, NULL, 4, 6, 17, 1, 1, 5),
(66, 0, 10, '02.03.2017', '14.02.2017', '14.02.2017', 'Водни проби, за м.Февруари, всяка с V=0.2l', '3185', 1, NULL, 1, 4, 12, 4, 1, 5),
(67, 1, 8, '03.03.2017', '14.02.2017', '14.02.2017', 'Дънни утайки,  за м. Февруари', '3186', 1, NULL, 4, 2, 20, 6, 1, 1),
(68, 0, 2, '21.03.2017', '15.02.2017', '15.02.2017', 'Сборна месечна водна проба за периода 31.01.2017 ÷ 01.03.2017, за м.Февруари', '3187', 1, NULL, 4, 5, 8, 5, 1, 5),
(69, 0, 2, '21.03.2017', '15.02.2017', '15.02.2017', 'Сборна месечна водна проба за периода 31.01.2017 ÷ 01.03.2017, за м. Февруари', '3188', 1, NULL, 4, 5, 9, 5, 1, 5),
(70, 1, 1, '02.03.2017', '15.02.2017', '15.02.2017', '', '3189', 1, NULL, 1, 8, 22, 2, 1, 1),
(71, 0, 2, '06.03.2017', '17.02.2017', '17.02.2017', 'Сборна проба воден десорбат за периода 31.01.2017 ÷ 15.02.2017,  за 1-ва половина на м. Февруари', '3190', 1, NULL, 4, 5, 8, 3, 1, 5),
(72, 0, 2, '06.03.2017', '17.02.2017', '17.02.2017', 'Сборна проба воден десорбат за периода 31.01.2017 ÷ 15.02.2017,  за 1-та половина м. Февруари', '3191', 1, NULL, 4, 5, 9, 3, 1, 5),
(73, 1, 1, '09.03.2017', '22.02.2017', '22.02.2017', '', '3192', 1, NULL, 1, 8, 23, 2, 1, 1),
(74, 0, 2, '10.03.2017', '15.02.2017', '15.02.2017', '', '3193', 1, NULL, 1, 4, 25, 5, 1, 5),
(75, 1, 2, '15.03.2017', '27.02.2017', '27.02.2017', '', '3194', 1, NULL, 1, 2, 24, 2, 1, 1),
(76, 0, 1, '23.03.2017', '24.02.2017', '24.02.2017', '', '3195', 0, NULL, 1, 4, 25, 5, 1, 5),
(83, 0, 1, '15.03.2017', '28.02.2017', '28.02.2017', 'Сборна водна проба за м. 02.2017 г., период 01.02.2017 ÷ 28.02.2017\n', '3196', 1, NULL, 4, 3, 16, 5, 1, 5),
(84, 0, 1, '15.03.2017', '28.02.2017', '28.02.2017', 'Сборна водна проба за м. 02.2017 г., период 01.02.2017 ÷ 28.02.2017', '3197', 1, NULL, 4, 3, 15, 5, 1, 5),
(85, 0, 1, '15.03.2017', '27.02.2017', '27.02.2017', ' Бетон от демонтирана плоча на ТГ-7', '3198', 0, 30, 1, 1, 26, 2, 1, 1),
(88, 0, 3, '11.01.2019', '02.01.2019', '02.01.2019', 'Период за вземане на пробите: 01.12.2018г. - 31.12.2018г.\nза м.Декември', '3783', 1, NULL, 4, 3, 107, 5, 2, 5),
(89, 0, 4, '11.01.2019', '14.12.2018', '14.12.2018', 'Сборни проби воден десорбат за прериода: 04.12.2018г. - 02.01.2019г., за м.Декември', '3775', 1, NULL, 4, 5, 1, 1, 3, NULL),
(90, 0, 4, '14.01.2019', '14.01.2019', '14.12.2018', 'Сборни водни проби за периода: 04.12.2018г. - 02.01.2018г.за м. Декември', '3776', 1, NULL, 4, 5, 1, 5, 3, 9),
(91, 0, 5, '31.01.2019', '16.01.2019', '16.01.2019', 'за Февруари', '3000', 1, NULL, 4, 4, 12, 4, 3, 9),
(92, 0, 2, '11.01.2019', '02.01.2019', '02.01.2019', 'Аерозолни филтри за периода: 04.12.2018г. - 02.01.2019г., за м. Декември', '3782', 1, NULL, 4, 5, 1, 5, 3, 5),
(94, 0, 1, '11.01.2019', '31.12.2018', '31.12.2018', 'Аерозолен филтър, период: 30.11.2018г. - 28.12.2018г.', '3781', 1, 32, NULL, 5, 121, 5, 3, 5),
(95, 0, 1, '28.03.2019', '07.01.2019', '07.01.2019', 'Сборна проба аерозолен филтър за период: 28.09.2018г. - 28.12.2018г. за 4-то тримесечие', '3787', 1, 33, NULL, 5, 121, 5, 3, 5);

-- --------------------------------------------------------

--
-- Структура на таблица `results`
--

CREATE TABLE `results` (
  `ID_RESULTS` int(11) NOT NULL,
  `BASIC_VALUE` varchar(255) DEFAULT NULL,
  `DATE_CHIM_OPER` varchar(255) DEFAULT NULL,
  `DATE_MEASUR` varchar(255) DEFAULT NULL,
  `DATE_REDAC` varchar(255) DEFAULT NULL,
  `INPROTOKOL` tinyint(1) DEFAULT '0',
  `MDA` double DEFAULT NULL,
  `QUANTITY` double DEFAULT NULL,
  `SIGMA` int(11) DEFAULT NULL,
  `UNCERTAINTY` double DEFAULT NULL,
  `VALUE_RESULT` double DEFAULT NULL,
  `DIMENSION_ID_DIMENSION` int(11) DEFAULT NULL,
  `METODY_ID_METODY` int(11) DEFAULT NULL,
  `NUCLIDE_ID_NUCLIDE` int(11) DEFAULT NULL,
  `POKAZATEL_ID_POKAZATEL` int(11) DEFAULT NULL,
  `RTAZMERNOSTI_ID_RAZMERNOSTI` int(11) DEFAULT NULL,
  `SAMPLE_ID_SAMPLE` int(11) DEFAULT NULL,
  `USER_CHIM_OPER_ID_USERS` int(11) DEFAULT NULL,
  `USER_MEASUR_ID_USERS` int(11) DEFAULT NULL,
  `USER_REDAC_ID_USERS` int(11) DEFAULT NULL,
  `ZABELEJKI_ID_ZABELEJKI` int(11) DEFAULT NULL
) ENGINE=InnoDB DEFAULT CHARSET=utf8;

--
-- Схема на данните от таблица `results`
--

INSERT INTO `results` (`ID_RESULTS`, `BASIC_VALUE`, `DATE_CHIM_OPER`, `DATE_MEASUR`, `DATE_REDAC`, `INPROTOKOL`, `MDA`, `QUANTITY`, `SIGMA`, `UNCERTAINTY`, `VALUE_RESULT`, `DIMENSION_ID_DIMENSION`, `METODY_ID_METODY`, `NUCLIDE_ID_NUCLIDE`, `POKAZATEL_ID_POKAZATEL`, `RTAZMERNOSTI_ID_RAZMERNOSTI`, `SAMPLE_ID_SAMPLE`, `USER_CHIM_OPER_ID_USERS`, `USER_MEASUR_ID_USERS`, `USER_REDAC_ID_USERS`, `ZABELEJKI_ID_ZABELEJKI`) VALUES
(1, '', '04.01.2017', '09.01.2017', '09.01.2017', 1, 0.123, 0, 2, 0.107, 0.511, 4, 13, 46, 7, 5, 5, 1, 1, 1, NULL),
(2, '', '04.01.2017', '09.01.2017', '09.01.2017', 1, 0.124, 0, 2, 0.0872, 0.246, 4, 13, 46, 7, 5, 6, 1, 1, 1, NULL),
(3, '', '04.01.2017', '09.01.2017', '09.01.2017', 1, 0.136, 0, 2, 0.759, 6.86, 4, 13, 46, 7, 5, 7, 1, 1, 1, NULL),
(4, '', '04.01.2017', '09.01.2017', '09.01.2017', 1, 0.143, 0, 2, 0.744, 6.69, 4, 13, 46, 7, 5, 8, 1, 1, 1, NULL),
(5, '', '23.12.2016', '04.01.2017', '04.01.2017', 1, 1.61, 0, 2, 0, 0, 3, 9, 9, 1, 4, 9, 1, 1, 1, NULL),
(6, '', '23.12.2016', '04.01.2017', '04.01.2017', 1, 2.17, 0, 2, 0, 0, 3, 9, 31, 1, 4, 9, 1, 1, 1, NULL),
(7, '', '23.12.2016', '04.01.2017', '04.01.2017', 1, 1.71, 0, 2, 0, 0, 3, 9, 9, 1, 4, 10, 1, 1, 1, NULL),
(8, '', '23.12.2016', '04.01.2017', '04.01.2017', 1, 2.18, 0, 2, 0, 0, 3, 9, 31, 1, 4, 10, 1, 1, 1, NULL),
(9, '', '23.12.2016', '04.01.2017', '04.01.2017', 1, 1.34, 0, 2, 0, 0, 3, 9, 9, 1, 4, 11, 1, 1, 1, NULL),
(10, '', '23.12.2016', '04.01.2017', '04.01.2017', 1, 0, 0, 2, 1.04, 4.72, 3, 9, 31, 1, 4, 11, 1, 1, 1, NULL),
(11, '', '23.12.2016', '04.01.2017', '04.01.2017', 1, 1.67, 0, 2, 0, 0, 3, 9, 9, 1, 4, 12, 1, 1, 1, NULL),
(12, '', '23.12.2016', '04.01.2017', '04.01.2017', 1, 0, 0, 2, 1.41, 7.47, 3, 9, 31, 1, 4, 12, 1, 1, 1, NULL),
(13, '', '23.12.2016', '04.01.2017', '04.01.2017', 1, 1.7, 0, 2, 0, 0, 3, 9, 9, 1, 4, 13, 1, 1, 1, NULL),
(14, '', '23.12.2016', '04.01.2017', '04.01.2017', 1, 3.3, 0, 2, 0, 0, 3, 9, 31, 1, 4, 13, 1, 1, 1, NULL),
(15, '', '23.12.2016', '04.01.2017', '04.01.2017', 1, 1.77, 0, 2, 0, 0, 3, 9, 9, 1, 4, 14, 1, 1, 1, NULL),
(16, '', '23.12.2016', '04.01.2017', '04.01.2017', 1, 0, 0, 2, 0.943, 3.17, 3, 9, 31, 1, 4, 14, 1, 1, 1, NULL),
(17, '', '23.12.2016', '04.01.2017', '04.01.2017', 1, 1.5, 0, 2, 0, 0, 3, 9, 9, 1, 4, 15, 1, 1, 1, NULL),
(18, '', '23.12.2016', '04.01.2017', '04.01.2017', 1, 0, 0, 2, 40.9, 1340, 3, 9, 31, 1, 4, 15, 1, 1, 1, NULL),
(19, '', '23.12.2016', '04.01.2017', '04.01.2017', 1, 1.85, 0, 2, 0, 0, 3, 9, 9, 1, 4, 16, 1, 1, 1, NULL),
(20, '', '23.12.2016', '04.01.2017', '04.01.2017', 1, 0, 0, 2, 1.46, 8.09, 3, 9, 31, 1, 4, 16, 1, 1, 1, NULL),
(21, '', '23.12.2016', '04.01.2017', '04.01.2017', 1, 1.68, 0, 2, 0, 0, 3, 9, 9, 1, 4, 17, 1, 1, 1, NULL),
(22, '', '23.12.2016', '04.01.2017', '04.01.2017', 1, 1.96, 0, 2, 0, 0, 3, 9, 31, 1, 4, 17, 1, 1, 1, NULL),
(23, '', '03.01.2017', '04.01.2017', '04.01.2017', 1, 220, 0, 2, 0, 0, 4, 9, 9, 1, 5, 18, 1, 1, 1, NULL),
(24, '', '03.01.2017', '04.01.2017', '04.01.2017', 1, 0, 0, 2, 640, 16800, 4, 9, 31, 1, 5, 18, 1, 1, 1, NULL),
(25, '', '03.01.2017', '06.01.2017', '06.01.2017', 1, 70.9, 0, 2, 0, 0, 4, 9, 9, 1, 5, 19, 1, 1, 1, NULL),
(26, '', '03.01.2017', '06.01.2017', '06.01.2017', 1, 0, 0, 2, 32.2, 143, 4, 9, 31, 1, 5, 19, 1, 1, 1, NULL),
(27, '', '03.01.2017', '04.01.2017', '04.01.2017', 1, 0, 0, 2, 0.0000217, 0.000509, 4, 9, 9, 1, 5, 20, 1, 1, 1, NULL),
(28, '', '03.01.2017', '04.01.2017', '04.01.2017', 1, 0, 0, 2, 0.0000133, 0.000165, 4, 9, 31, 1, 5, 20, 1, 1, 1, NULL),
(29, '', '03.01.2017', '04.01.2017', '04.01.2017', 1, 0, 0, 2, 0.00000999, 0.000128, 4, 9, 9, 1, 5, 21, 1, 1, 1, NULL),
(30, '', '03.01.2017', '04.01.2017', '04.01.2017', 1, 0, 0, 2, 0.000038, 0.000955, 4, 9, 31, 1, 5, 21, 1, 1, 1, NULL),
(31, '', '21.12.2016', '22.12.2016', '27.12.2016', 1, 0.00424, 0, 2, 0.0317, 0.366, 2, 3, 47, 8, 3, 22, 1, 1, 1, NULL),
(32, '', '21.12.2016', '22.12.2016', '27.12.2016', 1, 0.00423, 0, 2, 0.0309, 0.355, 2, 3, 47, 8, 3, 23, 1, 1, 1, NULL),
(33, '', '21.12.2016', '22.12.2016', '27.12.2016', 1, 0, 0, 2, 0.0726, 0.867, 2, 3, 47, 8, 3, 24, 1, 1, 1, NULL),
(34, '', '21.12.2016', '22.12.2016', '27.12.2016', 1, 0, 0, 2, 0.0702, 0.837, 2, 3, 47, 8, 3, 25, 1, 1, 1, NULL),
(35, '', '22.12.2016', '27.12.2016', '27.12.2016', 1, 0.00187, 0, 2, 0, 0, 1, 9, 9, 1, 2, 26, 1, 1, 1, NULL),
(36, '', '22.12.2016', '27.12.2016', '27.12.2016', 1, 0.00214, 0, 2, 0, 0, 1, 9, 31, 1, 2, 26, 1, 1, 1, NULL),
(37, '', '22.12.2016', '27.12.2016', '27.12.2016', 1, 0.00185, 0, 2, 0, 0, 1, 9, 9, 1, 2, 27, 1, 1, 1, 1),
(38, '', '22.12.2016', '27.12.2016', '27.12.2016', 1, 0, 0, 2, 0.00103, 0.00208, 1, 9, 31, 1, 2, 27, 1, 1, 1, 7),
(39, '', '06.01.2017', '09.01.2017', '09.01.2017', 1, 0, 0, 2, 124000, 1500000, 4, 3, 47, 8, 5, 28, 1, 1, 1, NULL),
(40, '', '05.01.2017', '13.02.2017', '22.02.2017', 1, 22.2, 0, 2, 0, 0, 4, 15, 48, 3, 5, 29, 1, 1, 1, NULL),
(41, '', '05.01.2017', '13.02.2017', '22.02.2017', 1, 0, 0, 2, 15, 130, 4, 15, 49, 4, 5, 29, 1, 1, 1, NULL),
(42, '', '05.01.2017', '13.02.2017', '22.02.2017', 1, 0, 0, 2, 574, 5630, 4, 15, 50, 5, 5, 29, 1, 1, 1, NULL),
(43, '', '05.01.2017', '22.01.2017', '22.02.2017', 1, 22.4, 0, 2, 0, 0, 4, 15, 48, 3, 5, 32, 1, 1, 1, NULL),
(44, '', '05.01.2017', '22.01.2017', '22.02.2017', 1, 0, 0, 2, 81, 858, 4, 15, 49, 4, 5, 32, 1, 1, 1, NULL),
(45, '', '05.01.2017', '22.01.2017', '22.02.2017', 1, 0, 0, 2, 5.91, 9.34, 4, 15, 50, 5, 5, 32, 1, 1, 1, NULL),
(46, '', '10.01.2017', '23.01.2017', '22.02.2017', 1, 0, 0, 2, 0.137, 0.316, 4, 7, 51, 2, 5, 35, 1, 1, 1, NULL),
(47, '', '10.01.2017', '23.01.2017', '22.02.2017', 1, 0, 0, 2, 0.276, 1.91, 4, 7, 52, 2, 5, 35, 1, 1, 1, NULL),
(48, '', '10.01.2017', '23.01.2017', '22.02.2017', 1, 0, 0, 2, 0.107, 0.519, 4, 7, 45, 2, 5, 35, 1, 1, 1, NULL),
(49, '', '10.01.2017', '23.01.2017', '22.02.2017', 1, 0.0659, 0, 2, 0, 0, 4, 7, 53, 2, 5, 35, 1, 1, 1, NULL),
(50, '', '10.01.2017', '23.01.2017', '22.02.2017', 1, 0.0537, 0, 2, 0, 0, 4, 7, 54, 2, 5, 35, 1, 1, 1, NULL),
(51, '', '10.01.2017', '23.01.2017', '22.02.2017', 1, 0.066, 0, 2, 0, 0, 4, 7, 51, 2, 5, 36, 1, 1, 1, NULL),
(52, '', '10.01.2017', '23.01.2017', '22.02.2017', 1, 0.0544, 0, 2, 0, 0, 4, 7, 52, 2, 5, 36, 1, 1, 1, NULL),
(53, '', '10.01.2017', '23.01.2017', '22.02.2017', 1, 0, 0, 2, 0.115, 0.527, 4, 7, 45, 2, 5, 36, 1, 1, 1, NULL),
(54, '', '10.01.2017', '23.01.2017', '22.02.2017', 1, 0.0676, 0, 2, 0, 0, 4, 7, 53, 2, 5, 36, 1, 1, 1, NULL),
(55, '', '10.01.2017', '23.01.2017', '22.02.2017', 1, 0.0619, 0, 2, 0, 0, 4, 7, 54, 2, 5, 36, 1, 1, 1, NULL),
(56, '', '06.02.2017', '01.03.2017', '06.03.2017', 1, 0, 0, 2, 0.000000172, 0.00000192, 4, 1, 51, 2, 5, 38, 1, 1, 1, NULL),
(57, '', '06.02.2017', '01.03.2017', '06.03.2017', 1, 0, 0, 2, 0.000000193, 0.00000217, 4, 1, 52, 2, 5, 38, 1, 1, 1, NULL),
(58, '', '06.02.2017', '01.03.2017', '06.03.2017', 1, 0, 0, 2, 0.000000545, 0.0000057, 4, 1, 45, 2, 5, 38, 1, 1, 1, NULL),
(59, '', '06.02.2017', '01.03.2017', '06.03.2017', 1, 0, 0, 2, 0.00000000714, 0.0000000334, 4, 1, 53, 2, 5, 38, 1, 1, 1, NULL),
(60, '', '06.02.2017', '01.03.2017', '06.03.2017', 1, 0, 0, 2, 0.000000193, 0.00000199, 4, 1, 54, 2, 5, 38, 1, 1, 1, NULL),
(61, '', '06.02.2017', '01.03.2017', '06.03.2017', 1, 0, 0, 2, 0.00000204, 0.0000123, 4, 1, 50, 2, 5, 38, 1, 1, 1, NULL),
(62, '', '06.01.2017', '09.01.2017', '09.01.2017', 1, 0, 0, 2, 0.0252, 0.286, 2, 3, 47, 8, 3, 39, 1, 1, 1, NULL),
(63, '', '06.01.2017', '09.01.2017', '09.01.2017', 1, 0, 0, 2, 0.0249, 0.282, 2, 3, 47, 8, 3, 40, 1, 1, 1, NULL),
(64, '', '06.01.2017', '06.01.2017', '06.01.2017', 1, 0.587, 1, 2, 0, 0, NULL, 9, 9, 1, 1, 41, 1, 1, 1, NULL),
(65, '', '06.01.2017', '06.01.2017', '06.01.2017', 1, 0.3, 1, 2, 0, 0, NULL, 9, 31, 1, 1, 41, 1, 1, 1, NULL),
(66, '', '06.01.2017', '06.01.2017', '06.01.2017', 1, 0.414, 1, 2, 0, 0, NULL, 9, 9, 1, 1, 42, 1, 1, 1, NULL),
(67, '', '06.01.2017', '06.01.2017', '06.01.2017', 1, 0.354, 1, 2, 0, 0, NULL, 9, 31, 1, 1, 42, 1, 1, 1, NULL),
(68, '', '06.01.2017', '06.01.2017', '06.01.2017', 1, 0.433, 1, 2, 0, 0, NULL, 9, 9, 1, 1, 43, 1, 1, 1, NULL),
(69, '', '06.01.2017', '06.01.2017', '06.01.2017', 1, 0.28, 1, 2, 0, 0, NULL, 9, 31, 1, 1, 43, 1, 1, 1, NULL),
(70, '', '06.01.2017', '06.01.2017', '06.01.2017', 1, 0.346, 1, 2, 0, 0, NULL, 9, 9, 1, 1, 44, 1, 1, 1, NULL),
(71, '', '06.01.2017', '06.01.2017', '06.01.2017', 1, 0.3, 1, 2, 0, 0, NULL, 9, 31, 1, 1, 44, 1, 1, 1, NULL),
(72, '', '06.02.2017', '01.03.2017', '06.03.2017', 1, 0, 0, 2, 0.0000000124, 0.0000000617, 4, 1, 51, 2, 5, 45, 1, 1, 1, NULL),
(73, '', '06.02.2017', '01.03.2017', '06.03.2017', 1, 0, 0, 2, 0.0000000157, 0.000000106, 4, 1, 52, 2, 5, 45, 1, 1, 1, NULL),
(74, '', '06.02.2017', '01.03.2017', '06.03.2017', 1, 0, 0, 2, 0.000000034, 0.000000293, 4, 1, 45, 2, 5, 45, 1, 1, 1, NULL),
(75, '', '06.02.2017', '01.03.2017', '06.03.2017', 1, 0.00000000437, 0, 2, 0, 0, 4, 1, 53, 2, 5, 45, 1, 1, 1, NULL),
(76, '', '06.02.2017', '01.03.2017', '06.03.2017', 1, 0, 0, 2, 0.0000000112, 0.0000000613, 4, 1, 54, 2, 5, 45, 1, 1, 1, NULL),
(77, '', '06.02.2017', '01.03.2017', '06.03.2017', 1, 0, 0, 2, 0.000000706, 0.00000172, 4, 1, 50, 2, 5, 45, 1, 1, 1, NULL),
(78, '', '06.01.2017', '09.01.2017', '09.01.2017', 1, 0.00413, 0, 2, 0.0793, 0.949, 2, 3, 47, 8, 3, 46, 1, 1, 1, NULL),
(79, '', '06.01.2017', '09.01.2017', '09.01.2017', 1, 0.00424, 0, 2, 0.0833, 0.996, 2, 3, 47, 8, 3, 47, 1, 1, 1, NULL),
(80, '', '11.01.2017', '12.01.2017', '12.01.2017', 1, 0.00104, 0, 2, 0, 0, 1, 9, 9, 1, 2, 48, 1, 1, 1, NULL),
(81, '', '11.01.2017', '12.01.2017', '12.01.2017', 1, 0.00162, 0, 2, 0, 0, 1, 9, 31, 1, 2, 48, 1, 1, 1, NULL),
(82, '', '11.01.2017', '12.01.2017', '12.01.2017', 1, 0.00109, 0, 2, 0, 0, 1, 9, 9, 1, 2, 49, 1, 1, 1, NULL),
(83, '', '11.01.2017', '12.01.2017', '12.01.2017', 1, 0.0011, 0, 2, 0, 0, 1, 9, 31, 1, 2, 49, 1, 1, 1, NULL),
(84, '', '01.02.2017', '06.02.2017', '06.02.2017', 1, 0.116, 0, 2, 0.0752, 0.134, 4, 13, 46, 7, 5, 50, 1, 1, 1, NULL),
(85, '', '01.02.2017', '06.02.2017', '06.02.2017', 1, 0.121, 0, 2, 0.0804, 0.166, 4, 13, 46, 7, 5, 51, 1, 1, 1, NULL),
(86, '', '01.02.2017', '06.02.2017', '06.02.2017', 1, 0.134, 0, 2, 0.902, 8.21, 4, 13, 46, 7, 5, 52, 1, 1, 1, NULL),
(87, '', '01.02.2017', '06.02.2017', '06.02.2017', 1, 0.139, 0, 2, 0.897, 8.19, 4, 13, 46, 7, 5, 53, 1, 1, 1, NULL),
(88, '', '19.01.2017', '20.01.2017', '20.01.2017', 1, 0.00397, 0, 2, 0.0377, 0.44, 2, 3, 47, 8, 3, 54, 1, 1, 1, NULL),
(89, '', '19.01.2017', '20.01.2017', '20.01.2017', 1, 0.00397, 0, 2, 0.0363, 0.423, 2, 3, 47, 8, 3, 55, 1, 1, 1, NULL),
(90, '', '19.01.2017', '20.01.2017', '20.01.2017', 1, 0.00393, 0, 2, 0.0921, 1.11, 2, 3, 47, 8, 3, 56, 1, 1, 1, NULL),
(91, '', '19.01.2017', '20.01.2017', '20.01.2017', 1, 0.00393, 0, 2, 0.0887, 1.06, 2, 3, 47, 8, 3, 57, 1, 1, 1, NULL),
(92, '', '23.01.2017', '24.01.2017', '24.01.2017', 1, 0.00137, 0, 2, 0, 0, 4, 9, 9, 1, 5, 58, 1, 1, 1, NULL),
(93, '', '23.01.2017', '24.01.2017', '24.01.2017', 1, 0.00124, 0, 2, 0, 0, 4, 9, 31, 1, 5, 58, 1, 1, 1, NULL),
(94, '', '23.01.2017', '24.01.2017', '24.01.2017', 1, 0.00134, 0, 2, 0, 0, 4, 9, 9, 1, 5, 59, 1, 1, 1, NULL),
(95, '', '23.01.2017', '24.01.2017', '24.01.2017', 1, 0.00112, 0, 2, 0, 0, 4, 9, 31, 1, 5, 59, 1, 1, 1, NULL),
(96, '', '26.01.2017', '30.01.2017', '30.01.2017', 1, 1.74, 0, 2, 0, 0, 3, 9, 9, 1, 4, 60, 1, 1, 1, NULL),
(97, '', '26.01.2017', '30.01.2017', '30.01.2017', 1, 1.58, 0, 2, 0, 0, 3, 9, 31, 1, 4, 60, 1, 1, 1, NULL),
(98, '', '26.01.2017', '30.01.2017', '30.01.2017', 1, 1.84, 0, 2, 0, 0, 3, 9, 9, 1, 4, 61, 1, 1, 1, NULL),
(99, '', '26.01.2017', '30.01.2017', '30.01.2017', 1, 1.9, 0, 2, 0, 0, 3, 9, 31, 1, 4, 61, 1, 1, 1, NULL),
(100, '', '26.01.2017', '30.01.2017', '30.01.2017', 1, 1.61, 0, 2, 0, 0, 3, 9, 9, 1, 4, 62, 1, 1, 1, NULL),
(101, '', '26.01.2017', '30.01.2017', '30.01.2017', 1, 1.8, 0, 2, 0, 0, 3, 9, 31, 1, 4, 62, 1, 1, 1, NULL),
(102, '', '26.01.2017', '30.01.2017', '30.01.2017', 1, 1.55, 0, 2, 0, 0, 3, 9, 9, 1, 4, 63, 1, 1, 1, NULL),
(103, '', '26.01.2017', '30.01.2017', '30.01.2017', 1, 1.71, 0, 2, 0, 0, 3, 9, 31, 1, 4, 63, 1, 1, 1, NULL),
(104, '', '26.01.2017', '30.01.2017', '30.01.2017', 1, 1.41, 0, 2, 0, 0, 3, 9, 9, 1, 4, 64, 1, 1, 1, NULL),
(105, '', '26.01.2017', '30.01.2017', '30.01.2017', 1, 2.08, 0, 2, 0, 0, 3, 9, 31, 1, 4, 64, 1, 1, 1, NULL),
(106, '', '26.01.2017', '30.01.2017', '30.01.2017', 1, 1.55, 0, 2, 0, 0, 3, 9, 9, 1, 4, 65, 1, 1, 1, NULL),
(107, '', '26.01.2017', '30.01.2017', '30.01.2017', 1, 1.68, 0, 2, 0, 0, 3, 9, 31, 1, 4, 65, 1, 1, 1, NULL),
(108, '', '26.01.2017', '30.01.2017', '30.01.2017', 1, 1.7, 0, 2, 0, 0, 3, 9, 9, 1, 4, 66, 1, 1, 1, NULL),
(109, '', '26.01.2017', '30.01.2017', '30.01.2017', 1, 1.73, 0, 2, 0, 0, 3, 9, 31, 1, 4, 66, 1, 1, 1, NULL),
(111, '', '26.01.2017', '30.01.2017', '30.01.2017', 1, 0, 0, 2, 2.77, 41.3, 3, 9, 9, 1, 4, 67, 1, 1, 1, NULL),
(112, '', '26.01.2017', '30.01.2017', '30.01.2017', 1, 0, 0, 2, 77.8, 2670, 3, 9, 31, 1, 4, 67, 1, 1, 1, NULL),
(113, '', '26.01.2017', '30.01.2017', '30.01.2017', 1, 0, 0, 2, 2.1, 23.9, 3, 9, 9, 1, 4, 68, 1, 1, 1, NULL),
(114, '', '26.01.2017', '30.01.2017', '30.01.2017', 1, 0, 0, 2, 1.75, 17.4, 3, 9, 30, 1, 4, 68, 1, 1, 1, NULL),
(115, '', '26.01.2017', '30.01.2017', '30.01.2017', 1, 0, 0, 2, 340, 12100, 3, 9, 31, 1, 4, 68, 1, 1, 1, NULL),
(116, '', '27.01.2017', '30.01.2017', '30.01.2017', 1, 1.71, 0, 2, 0, 0, 3, 9, 9, 1, 4, 69, 1, 1, 1, NULL),
(117, '', '27.01.2017', '30.01.2017', '30.01.2017', 1, 1.9, 0, 2, 0, 0, 3, 9, 31, 1, 4, 69, 1, 1, 1, NULL),
(118, '', '27.01.2017', '30.01.2017', '30.01.2017', 1, 1.85, 0, 2, 0, 0, 3, 9, 9, 1, 4, 70, 1, 1, 1, NULL),
(119, '', '27.01.2017', '30.01.2017', '30.01.2017', 1, 1.88, 0, 2, 0, 0, 3, 9, 31, 1, 4, 70, 1, 1, 1, NULL),
(120, '', '27.01.2017', '30.01.2017', '30.01.2017', 1, 1.79, 0, 2, 0, 0, 3, 9, 9, 1, 4, 71, 1, 1, 1, NULL),
(121, '', '27.01.2017', '30.01.2017', '30.01.2017', 1, 1.83, 0, 2, 0, 0, 3, 9, 31, 1, 4, 71, 1, 1, 1, NULL),
(122, '', '27.01.2017', '30.01.2017', '30.01.2017', 1, 1.79, 0, 2, 0, 0, 3, 9, 9, 1, 4, 72, 1, 1, 1, NULL),
(123, '', '27.01.2017', '30.01.2017', '30.01.2017', 1, 1.68, 0, 2, 0, 0, 3, 9, 31, 1, 4, 72, 1, 1, 1, NULL),
(124, '', '27.01.2017', '30.01.2017', '30.01.2017', 1, 1.3, 0, 2, 0, 0, 3, 9, 9, 1, 4, 73, 1, 1, 1, NULL),
(125, '', '27.01.2017', '30.01.2017', '30.01.2017', 1, 1.97, 0, 2, 0, 0, 3, 9, 31, 1, 4, 73, 1, 1, 1, NULL),
(126, '', '27.01.2017', '30.01.2017', '30.01.2017', 1, 1.83, 0, 2, 0, 0, 3, 9, 9, 1, 4, 74, 1, 1, 1, NULL),
(127, '', '27.01.2017', '30.01.2017', '30.01.2017', 1, 1.66, 0, 2, 0, 0, 3, 9, 31, 1, 4, 74, 1, 1, 1, NULL),
(128, '', '27.01.2017', '30.01.2017', '30.01.2017', 1, 1.34, 0, 2, 0, 0, 3, 9, 9, 1, 4, 75, 1, 1, 1, NULL),
(129, '', '27.01.2017', '30.01.2017', '30.01.2017', 1, 1.48, 0, 2, 0, 0, 3, 9, 31, 1, 4, 75, 1, 1, 1, NULL),
(131, '', '27.01.2017', '30.01.2017', '30.01.2017', 1, 1.48, 0, 2, 0, 0, 3, 9, 9, 1, 4, 76, 1, 1, 1, NULL),
(132, '', '27.01.2017', '30.01.2017', '30.01.2017', 1, 1.3, 0, 2, 0, 0, 3, 9, 31, 1, 4, 76, 1, 1, 1, NULL),
(133, '', '26.01.2017', '27.01.2017', '27.01.2017', 1, 0.00115, 0, 2, 0, 0, 1, 9, 9, 1, 2, 77, 1, 1, 1, 7),
(134, '', '26.01.2017', '27.01.2017', '27.01.2017', 1, 0, 0, 2, 0.00499, 0.0202, 1, 9, 31, 1, 2, 77, 1, 1, 1, 7),
(135, '', '31.01.2017', '02.02.2017', '02.02.2017', 1, 0, 0, 2, 0.000152, 0.00636, 4, 9, 9, 1, 5, 78, 1, 1, 1, NULL),
(136, '', '31.01.2017', '02.02.2017', '02.02.2017', 1, 0, 0, 2, 0.000122, 0.00417, 4, 9, 31, 1, 5, 78, 1, 1, 1, NULL),
(137, '', '31.01.2017', '02.02.2017', '02.02.2017', 1, 0, 0, 2, 0.0000343, 0.000946, 4, 9, 9, 1, 5, 79, 1, 1, 1, NULL),
(138, '', '31.01.2017', '02.02.2017', '02.02.2017', 1, 0, 0, 2, 0.0000248, 0.000441, 4, 9, 31, 1, 5, 79, 1, 1, 1, NULL),
(139, '', '31.01.2017', '02.02.2017', '02.02.2017', 1, 217, 0, 2, 0, 0, 4, 9, 9, 1, 5, 80, 1, 1, 1, NULL),
(140, '', '31.01.2017', '02.02.2017', '02.02.2017', 1, 0, 0, 2, 74.6, 259, 4, 9, 31, 1, 5, 80, 1, 1, 1, NULL),
(141, '', '01.02.2017', '01.02.2017', '02.02.2017', 1, 221, 0, 2, 0, 0, 4, 9, 9, 1, 5, 81, 1, 1, 1, NULL),
(142, '', '01.02.2017', '01.02.2017', '02.02.2017', 1, 0, 0, 2, 121, 944, 4, 9, 31, 1, 5, 81, 1, 1, 1, NULL),
(143, '', '01.02.2017', '02.02.2017', '02.02.2017', 1, 232, 0, 2, 0, 0, 4, 9, 9, 1, 5, 82, 1, 1, 1, NULL),
(144, '', '01.02.2017', '02.02.2017', '02.02.2017', 1, 0, 0, 2, 300, 4840, 4, 9, 31, 1, 5, 82, 1, 1, 1, NULL),
(145, '', '01.02.2017', '06.02.2017', '06.02.2017', 1, 4650, 0, 2, 0, 0, 4, 3, 47, 8, 5, 83, 1, 1, 1, NULL),
(147, '', '01.02.2017', '06.02.2017', '06.02.2017', 1, 0, 0, 2, 34400, 400000, 4, 3, 47, 8, 5, 102, 1, 1, 1, NULL),
(148, '', '03.02.2017', '06..02.2017', '06.02.2017', 1, 0.00454, 0, 2, 0.0271, 0.31, 2, 3, 47, 8, 3, 103, 1, 1, 1, NULL),
(149, '', '03.02.2017', '06..02.2017', '06.02.2017', 1, 0.00461, 0, 2, 0.0266, 0.303, 2, 3, 47, 8, 3, 104, 1, 1, 1, NULL),
(150, '', '03.02.2017', '06.02.2017', '06.02.2017', 1, 0.0046, 0, 2, 0.11, 1.33, 2, 3, 47, 8, 3, 105, 1, 1, 1, NULL),
(151, '', '03.02.2017', '06.02.2017', '06.02.2017', 1, 0.00464, 0, 2, 0.106, 1.28, 2, 3, 47, 8, 3, 106, 1, 1, 1, NULL),
(152, '', '03.02.2017', '07.02.2017', '07.02.2017', 1, 0, 1, 2, 0.207, 0.718, NULL, 9, 9, 1, 1, 107, 1, 1, 1, NULL),
(153, '', '03.02.2017', '07.02.2017', '07.02.2017', 1, 0, 1, 2, 0.284, 1.19, NULL, 9, 31, 1, 1, 107, 1, 1, 1, NULL),
(154, '', '03.02.2017', '07.02.2017', '07.02.2017', 1, 0.49, 1, 2, 0, 0, NULL, 9, 9, 1, 1, 108, 1, 1, 1, NULL),
(155, '', '03.02.2017', '07.02.2017', '07.02.2017', 1, 0.362, 1, 2, 0, 0, NULL, 9, 31, 1, 1, 108, 1, 1, 1, NULL),
(156, '', '03.02.2017', '07.02.2017', '07.02.2017', 1, 0.463, 1, 2, 0, 0, NULL, 9, 9, 1, 1, 109, 1, 1, 1, NULL),
(157, '', '03.02.2017', '07.02.2017', '07.02.2017', 1, 0.378, 1, 2, 0, 0, NULL, 9, 31, 1, 1, 109, 1, 1, 1, NULL),
(158, '', '03.02.2017', '07.02.2017', '07.02.2017', 1, 0.401, 1, 2, 0, 0, NULL, 9, 9, 1, 1, 110, 1, 1, 1, NULL),
(159, '', '03.02.2017', '07.02.2017', '07.02.2017', 1, 0.28, 1, 2, 0, 0, NULL, 9, 31, 1, 1, 110, 1, 1, 1, NULL),
(160, '', '14.02.2017', '16.02.2017', '16.02.2017', 1, 1.81, 0, 2, 0, 0, 3, 9, 9, 1, 4, 111, 1, 1, 1, NULL),
(161, '', '14.02.2017', '16.02.2017', '16.02.2017', 1, 1.9, 0, 2, 0, 0, 3, 9, 31, 1, 4, 111, 1, 1, 1, NULL),
(162, '', '14.02.2017', '16.02.2017', '16.02.2017', 1, 1.65, 0, 2, 0, 0, 3, 9, 9, 1, 4, 112, 1, 1, 1, NULL),
(163, '', '14.02.2017', '16.02.2017', '16.02.2017', 1, 1.54, 0, 2, 0, 0, 3, 9, 31, 1, 4, 112, 1, 1, 1, NULL),
(164, '', '14.02.2017', '16.02.2017', '16.02.2017', 1, 1.21, 0, 2, 0, 0, 3, 9, 9, 1, 4, 113, 1, 1, 1, NULL),
(165, '', '14.02.2017', '16.02.2017', '16.02.2017', 1, 0, 0, 2, 0.805, 2.03, 3, 9, 31, 1, 4, 113, 1, 1, 1, NULL),
(166, '', '14.02.2017', '16.02.2017', '16.02.2017', 1, 1.44, 0, 2, 0, 0, 3, 9, 9, 1, 4, 114, 1, 1, 1, NULL),
(167, '', '14.02.2017', '16.02.2017', '16.02.2017', 1, 0, 0, 2, 0.801, 2.4, 3, 9, 31, 1, 4, 114, 1, 1, 1, NULL),
(168, '', '14.02.2017', '16.02.2017', '16.02.2017', 1, 1.56, 0, 2, 0, 0, 3, 9, 9, 1, 4, 115, 1, 1, 1, NULL),
(169, '', '14.02.2017', '16.02.2017', '16.02.2017', 1, 0, 0, 2, 1.49, 8.22, 3, 9, 31, 1, 4, 115, 1, 1, 1, NULL),
(170, '', '14.02.2017', '16.02.2017', '16.02.2017', 1, 1.41, 0, 2, 0, 0, 3, 9, 9, 1, 4, 116, 1, 1, 1, NULL),
(171, '', '14.02.2017', '16.02.2017', '16.02.2017', 1, 0, 0, 2, 0.88, 3.01, 3, 9, 31, 1, 4, 116, 1, 1, 1, NULL),
(172, '', '14.02.2017', '16.02.2017', '16.02.2017', 1, 1.66, 0, 2, 0, 0, 3, 9, 9, 1, 4, 117, 1, 1, 1, NULL),
(173, '', '14.02.2017', '16.02.2017', '16.02.2017', 1, 2.59, 0, 2, 0, 0, 3, 9, 31, 1, 4, 117, 1, 1, 1, NULL),
(175, '', '14.02.2017', '16.02.2017', '16.02.2017', 1, 1.48, 0, 2, 0, 0, 3, 9, 9, 1, 4, 118, 1, 1, 1, NULL),
(176, '', '14.02.2017', '16.02.2017', '16.02.2017', 1, 0, 0, 2, 45.2, 1500, 3, 9, 31, 1, 4, 118, 1, 1, 1, NULL),
(177, '', '14.02.2017', '16.02.2017', '16.02.2017', 1, 1.76, 0, 2, 0, 0, 3, 9, 9, 1, 4, 119, 1, 1, 1, NULL),
(178, '', '14.02.2017', '16.02.2017', '16.02.2017', 1, 0, 0, 2, 1.03, 3.95, 3, 9, 31, 1, 4, 119, 1, 1, 1, NULL),
(179, '', '14.02.2017', '16.02.2017', '16.02.2017', 1, 1.91, 0, 2, 0, 0, 3, 9, 9, 1, 4, 120, 1, 1, 1, NULL),
(180, '', '14.02.2017', '16.02.2017', '16.02.2017', 1, 1.62, 0, 2, 0, 0, 3, 9, 31, 1, 4, 120, 1, 1, 1, NULL),
(181, '', '14.02.2017', '17.02.2017', '17.02.2017', 1, 0, 0, 2, 3.3, 10.2, 5, 9, 9, 1, 6, 121, 1, 1, 1, NULL),
(182, '', '14.02.2017', '17.02.2017', '17.02.2017', 1, 0, 0, 2, 75.1, 317, 5, 9, 31, 1, 6, 121, 1, 1, 1, NULL),
(183, '', '14.02.2017', '17.02.2017', '17.02.2017', 1, 0, 0, 2, 10.5, 39.9, 5, 9, 9, 1, 6, 122, 1, 1, 1, NULL),
(184, '', '14.02.2017', '17.02.2017', '17.02.2017', 1, 0, 0, 2, 223, 970, 5, 9, 31, 1, 6, 122, 1, 1, 1, NULL),
(185, '', '14.02.2017', '17.02.2017', '17.02.2017', 1, 0, 0, 2, 5.86, 20.5, 5, 9, 9, 1, 6, 123, 1, 1, 1, NULL),
(186, '', '14.02.2017', '17.02.2017', '17.02.2017', 1, 0, 0, 2, 221, 960, 5, 9, 31, 1, 6, 123, 1, 1, 1, NULL),
(187, '', '14.02.2017', '17.02.2017', '17.02.2017', 1, 0, 0, 2, 9.01, 34, 5, 9, 9, 1, 6, 124, 1, 1, 1, NULL),
(188, '', '14.02.2017', '17.02.2017', '17.02.2017', 1, 0, 0, 2, 187, 814, 5, 9, 31, 1, 6, 124, 1, 1, 1, NULL),
(189, '', '14.02.2017', '17.02.2017', '17.02.2017', 1, 2.46, 0, 2, 0, 0, 5, 9, 9, 1, 6, 125, 1, 1, 1, NULL),
(190, '', '14.02.2017', '17.02.2017', '17.02.2017', 1, 0, 0, 2, 7.59, 25, 5, 9, 31, 1, 6, 125, 1, 1, 1, NULL),
(191, '', '14.02.2017', '17.02.2017', '17.02.2017', 1, 3.1, 0, 2, 0, 0, 5, 9, 9, 1, 6, 126, 1, 1, 1, NULL),
(192, '', '14.02.2017', '17.02.2017', '17.02.2017', 1, 0, 0, 2, 11.2, 40.4, 5, 9, 31, 1, 6, 126, 1, 1, 1, NULL),
(193, '', '14.02.2017', '17.02.2017', '17.02.2017', 1, 2.47, 0, 2, 0, 0, 5, 9, 9, 1, 6, 127, 1, 1, 1, NULL),
(194, '', '14.02.2017', '17.02.2017', '17.02.2017', 1, 0, 0, 2, 13.2, 49.4, 5, 9, 31, 1, 6, 127, 1, 1, 1, NULL),
(196, '', '14.02.2017', '17.02.2017', '17.02.2017', 1, 3.11, 0, 2, 0, 0, 5, 9, 9, 1, 6, 128, 1, 1, 1, NULL),
(197, '', '14.02.2017', '17.02.2017', '17.02.2017', 1, 0, 0, 2, 12, 43.4, 5, 9, 31, 1, 6, 128, 1, 1, 1, NULL),
(198, '', '15.02.2017', '07.03.2017', '07.03.2017', 1, 0.0543, 0, 2, 0.0438, 0.224, 4, 13, 46, 7, 5, 129, 1, 1, 1, NULL),
(199, '', '15.02.2017', '07.03.2017', '07.03.2017', 1, 0.057, 0, 2, 0.0506, 0.298, 4, 13, 46, 7, 5, 130, 1, 1, 1, NULL),
(200, '', '15.02.2017', '07.03.2017', '07.03.2017', 1, 0.0675, 0, 2, 0.775, 7.35, 4, 13, 46, 7, 5, 131, 1, 1, 1, NULL),
(201, '', '15.02.2017', '07.03.2017', '07.03.2017', 1, 0.065, 0, 2, 0.785, 7.44, 4, 13, 46, 7, 5, 132, 1, 1, 1, NULL),
(202, '', '15.02.2017', '16.02.2017', '16.02.2017', 1, 0, 0, 2, 0.000511, 0.00134, 1, 9, 9, 1, 2, 133, 1, 1, 1, NULL),
(203, '', '15.02.2017', '16.02.2017', '16.02.2017', 1, 0, 0, 2, 0.006, 0.0246, 1, 9, 31, 1, 2, 133, 1, 1, 1, NULL),
(204, '', '17.02.2017', '20.02.2017', '20.02.2017', 1, 0.00417, 0, 2, 0.0158, 0.171, 2, 3, 47, 8, 3, 134, 1, 1, 1, NULL),
(205, '', '17.02.2017', '20.02.2017', '20.02.2017', 1, 0.00416, 0, 2, 0.0174, 0.19, 2, 3, 47, 8, 3, 135, 1, 1, 1, NULL),
(206, '', '17.02.2017', '20.02.2017', '20.02.2017', 1, 0.00415, 0, 2, 0.0765, 0.915, 2, 3, 47, 8, 3, 136, 1, 1, 1, NULL),
(207, '', '17.02.2017', '20.02.2017', '20.02.2017', 1, 0.00408, 0, 2, 0.0746, 0.892, 2, 3, 47, 8, 3, 137, 1, 1, 1, NULL),
(208, '', '22.02.2017', '23.02.2017', '23.02.2017', 1, 0.00175, 0, 2, 0, 0, 1, 9, 9, 1, 2, 138, 1, 1, 1, NULL),
(209, '', '22.02.2017', '23.02.2017', '23.02.2017', 1, 0, 0, 2, 0.00143, 0.00398, 1, 9, 31, 1, 2, 138, 1, 1, 1, NULL),
(210, '', '15.02.2017', '24.02.2017', '24.02.2017', 1, 0, 0, 2, 414, 3080, 4, 15, 50, 5, 5, 139, 1, 1, 1, NULL),
(211, '', '15.02.2017', '24.02.2017', '24.02.2017', 1, 0, 0, 2, 625, 4960, 4, 15, 50, 5, 5, 140, 1, 1, 1, NULL),
(212, '', '27.02.2017', '01.03.2017', '01.03.2017', 1, 0, 0, 2, 0.00756, 0.0307, 1, 9, 9, 1, 2, 141, 1, 1, 1, 1),
(213, '', '27.02.2017', '01.03.2017', '01.03.2017', 1, 0, 0, 2, 2.74, 12.2, 1, 9, 31, 1, 2, 141, 1, 1, 1, 1),
(214, '', '27.02.2017', '01.03.2017', '01.03.2017', 1, 0.00171, 0, 2, 0, 0, 1, 9, 9, 1, 2, 142, 1, 1, 1, 1),
(215, '', '27.02.2017', '01.03.2017', '01.03.2017', 1, 0, 0, 2, 0.00927, 0.038, 1, 9, 31, 1, 2, 142, 1, 1, 1, 1),
(216, '', '24.02.2017', '09.03.2017', '09.03.2017', 1, 0, 0, 2, 7.01, 35.7, 4, 15, 50, 5, 5, 143, 1, 1, 1, NULL),
(227, '', '28.02.2017', '01.03.2017', '01.03.2017', 1, 229, 0, 2, 0, 0, 4, 9, 9, 1, 5, 149, 1, 1, 1, NULL),
(228, '', '28.02.2017', '01.03.2017', '01.03.2017', 1, 0, 0, 2, 144, 1180, 4, 9, 31, 1, 5, 149, 1, 1, 1, NULL),
(229, '', '28.02.2017', '01.03.2017', '01.03.2017', 1, 214, 0, 2, 0, 0, 4, 9, 9, 1, 5, 150, 1, 1, 1, NULL),
(230, '', '28.02.2017', '01.03.2017', '01.03.2017', 1, 0, 0, 2, 311, 5620, 4, 9, 31, 1, 5, 150, 1, 1, 1, NULL),
(231, '', '27.02.2017', '01.03.2017', '01.03.2017', 1, 0, 1829.25, 2, 0.00448, 0.0198, 1, 9, 9, 1, 2, 151, 1, 1, 1, 1),
(232, '', '27.02.2017', '01.03.2017', '01.03.2017', 1, 0, 1829.25, 2, 2.52, 11.2, 1, 9, 31, 1, 2, 151, 1, 1, 1, 1),
(234, 'C:\\GENIE2K\\REPFILES\\3783-1.RPT', '02.01.2019', '03.01.2019', '10.01.2019', 1, 264, 0.001, 2, 167, 1590, 9, 9, 31, 1, 5, 154, 8, 2, NULL, NULL),
(235, 'C:\\GENIE2K\\REPFILES\\3783-1.RPT', '02.01.2019', '03.01.2019', '10.01.2019', 0, 204, 0.001, 2, 0, 0, 9, 9, 5, 1, 5, 154, 8, 2, NULL, NULL),
(236, 'C:\\GENIE2K\\REPFILES\\3783-1.RPT', '02.01.2019', '03.01.2019', '10.01.2019', 1, 240, 0.001, 2, 0, 0, 9, 9, 9, 1, 5, 154, 8, 2, NULL, NULL),
(237, 'C:\\GENIE2K\\REPFILES\\3783-1.RPT', '02.01.2019', '03.01.2019', '10.01.2019', 0, 278, 0.001, 2, 0, 0, 9, 9, 24, 1, 5, 154, 8, 2, NULL, NULL),
(238, 'C:\\GENIE2K\\REPFILES\\3783-1.RPT', '02.01.2019', '03.01.2019', '10.01.2019', 0, 231, 0.001, 2, 0, 0, 9, 9, 30, 1, 5, 154, 8, 2, NULL, NULL),
(239, 'C:\\GENIE2K\\REPFILES\\3783-2.RPT', '02.01.2019', '03.01.2019', '10.01.2019', 1, 242, 0.001, 2, 399, 8200, 9, 9, 31, 1, 5, 155, 8, 2, NULL, NULL),
(240, 'C:\\GENIE2K\\REPFILES\\3783-2.RPT', '02.01.2019', '03.01.2019', '10.01.2019', 0, 205, 0.001, 2, 0, 0, 9, 9, 5, 1, 5, 155, 8, 2, NULL, NULL),
(241, 'C:\\GENIE2K\\REPFILES\\3783-2.RPT', '02.01.2019', '03.01.2019', '10.01.2019', 1, 224, 0.001, 2, 0, 0, 9, 9, 9, 1, 5, 155, 8, 2, NULL, NULL),
(242, 'C:\\GENIE2K\\REPFILES\\3783-2.RPT', '02.01.2019', '03.01.2019', '10.01.2019', 0, 292, 0.001, 2, 0, 0, 9, 9, 24, 1, 5, 155, 8, 2, NULL, NULL),
(243, 'C:\\GENIE2K\\REPFILES\\3783-2.RPT', '02.01.2019', '03.01.2019', '10.01.2019', 0, 221, 0.001, 2, 0, 0, 9, 9, 30, 1, 5, 155, 8, 2, NULL, NULL),
(244, 'C:\\GENIE2K\\REPFILES\\3783-2.RPT', '02.01.2019', '03.01.2019', '10.01.2019', 0, 748, 0.001, 2, 0, 0, 9, 9, 45, 1, 5, 155, 8, 2, NULL, NULL),
(245, 'C:\\GENIE2K\\REPFILES\\3783-3.RPT', '02.01.2019', '03.01.2019', '10.01.2019', 0, 213, 0.001, 2, 0, 0, 9, 9, 17, 1, 5, 156, 8, 2, NULL, NULL),
(246, 'C:\\GENIE2K\\REPFILES\\3783-3.RPT', '02.01.2019', '03.01.2019', '10.01.2019', 1, 226, 0.001, 2, 0, 0, 9, 9, 9, 1, 5, 156, 8, 2, NULL, NULL),
(247, 'C:\\GENIE2K\\REPFILES\\3783-3.RPT', '02.01.2019', '03.01.2019', '10.01.2019', 0, 231, 0.001, 2, 0, 0, 9, 9, 24, 1, 5, 156, 8, 2, NULL, NULL),
(248, 'C:\\GENIE2K\\REPFILES\\3783-3.RPT', '02.01.2019', '03.01.2019', '10.01.2019', 0, 218, 0.001, 2, 0, 0, 9, 9, 30, 1, 5, 156, 8, 2, NULL, NULL),
(249, 'C:\\GENIE2K\\REPFILES\\3783-3.RPT', '02.01.2019', '03.01.2019', '10.01.2019', 1, 245, 0.001, 2, 0, 0, 9, 9, 31, 1, 5, 156, 8, 2, NULL, NULL),
(250, 'L:\\ЛИ-РХ\\Excel_Изчисления_Tri Carb\\H-3_М.ЛИ-РХ-03_Tri Carb\\H3-BT-2018\\H3_3775-1_ВТ1-Декември_Ред 4-Т21.xls', '09.01.2019', '11.01.2019', '14.01.2019', 1, 0.00787, 9, 2, 0.0204, 0.229, 2, 3, 47, 8, 3, 157, 5, 3, NULL, NULL),
(251, 'L:\\ЛИ-РХ\\Excel_Изчисления_Tri Carb\\H-3_М.ЛИ-РХ-03_Tri Carb\\H3-BT-2018\\H3_3775-2_ВТ1-Декември_Ред 4-Т21.xls', '09.01.2019', '11.01.2019', '14.01.2019', 1, 0.0078, 9, 2, 0.0206, 0.231, 2, 3, 47, 8, 3, 158, 5, 3, NULL, NULL),
(252, 'L:\\ЛИ-РХ\\Excel_Изчисления_Tri Carb\\H-3_М.ЛИ-РХ-03_Tri Carb\\H3-BT-2018\\H3_3775-3_ВТ2-Декември_Ред 4-Т21.xls', '09.01.2019', '11.01.2019', '14.01.2019', 1, 0.00782, 9, 2, 0.0247, 0.282, 2, 3, 47, 8, 3, 159, 5, 3, NULL, NULL),
(253, 'L:\\ЛИ-РХ\\Excel_Изчисления_Tri Carb\\H-3_М.ЛИ-РХ-03_Tri Carb\\H3-BT-2018\\H3_3775-4_ВТ2-Декември_Ред 4-Т21.xls', '09.01.2019', '11.01.2019', '14.01.2019', 1, 0.00783, 9, 2, 0.0257, 0.294, 2, 3, 47, 8, 3, 160, 5, 3, NULL, NULL),
(254, 'L:\\ЛИ-РХ\\Excel - Изчисления\\C-14_M.ЛИ-РХ-15\\C-14_2018\\C-14_3776-1 BT-1-Ред 4-T05.xls', '08.01.2019', '14.01.2019', '14.01.2019', 1, 0.0646, 6.7795, 2, 0.0515, 0.238, 6, 13, 46, 7, 5, 161, 5, 3, NULL, NULL),
(255, 'L:\\ЛИ-РХ\\Excel - Изчисления\\C-14_M.ЛИ-РХ-15\\C-14_2018\\C-14_3776-2 BT-1-Ред 4-T05.xls', '08.01.2019', '14.01.2019', '14.01.2019', 1, 0.0693, 6.8295, 2, 0.0524, 0.217, 6, 13, 46, 7, 5, 162, 5, 3, NULL, NULL),
(256, 'L:\\ЛИ-РХ\\Excel - Изчисления\\C-14_M.ЛИ-РХ-15\\C-14_2018\\C-14_3776-3 BT-2-Ред 4-T05.xls', '08.01.2019', '14.01.2019', '14.01.2019', 1, 0.288, 8188.6, 2, 1.05, 8.72, 6, 13, 46, 7, 5, 163, 5, 3, NULL, NULL),
(257, 'L:\\ЛИ-РХ\\Excel - Изчисления\\C-14_M.ЛИ-РХ-15\\C-14_2018\\C-14_3776-4 BT-2-Ред 4-T05.xls', '08.01.2019', '14.01.2019', '14.01.2019', 1, 0.285, 8.1874, 2, 0.997, 8.28, 6, 13, 46, 7, 5, 164, 5, 3, NULL, NULL),
(258, 'C:\\GENIE2K\\REPFILES\\3782-1.RPT', '', '3.1.2019', '16.01.2019', 1, 0.0000162, 20100, 2, 0.0000215, 0.000241, 9, 9, 9, 1, 5, 170, 5, 2, NULL, NULL),
(259, 'C:\\GENIE2K\\REPFILES\\3782-1.RPT', '', '3.1.2019', '16.01.2019', 1, 0.0000179, 20100, 2, 0.000027, 0.000292, 9, 9, 31, 1, 5, 170, 5, 2, NULL, NULL),
(260, 'C:\\GENIE2K\\REPFILES\\3782-1.RPT', '', '3.1.2019', '16.01.2019', 0, 0.0000152, 20100, 2, 0, 0, 9, 9, 5, 1, 5, 170, 5, 2, NULL, NULL),
(261, 'C:\\GENIE2K\\REPFILES\\3782-1.RPT', '', '3.1.2019', '16.01.2019', 0, 0.0000225, 20100, 2, 0, 0, 9, 9, 24, 1, 5, 170, 5, 2, NULL, NULL),
(262, 'C:\\GENIE2K\\REPFILES\\3782-1.RPT', '', '3.1.2019', '16.01.2019', 0, 0.0000147, 20100, 2, 0, 0, 9, 9, 30, 1, 5, 170, 5, 2, NULL, NULL),
(263, 'C:\\GENIE2K\\REPFILES\\3782-1.RPT', '', '3.1.2019', '16.01.2019', 0, 0.000101, 20100, 2, 0, 0, 9, 9, 45, 1, 5, 170, 5, 2, NULL, NULL),
(264, 'C:\\GENIE2K\\REPFILES\\3782-2.RPT', '', '3.1.2019', '16.01.2019', 1, 0.0000116, 24200, 2, 0.0000136, 0.000141, 9, 9, 9, 1, 5, 171, 5, 2, NULL, NULL),
(265, 'C:\\GENIE2K\\REPFILES\\3782-2.RPT', '', '3.1.2019', '16.01.2019', 1, 0.0000141, 24200, 2, 0.0000692, 0.000901, 9, 9, 31, 1, 5, 171, 5, 2, NULL, NULL),
(266, 'C:\\GENIE2K\\REPFILES\\3782-2.RPT', '', '3.1.2019', '16.01.2019', 0, 0.0000124, 24200, 2, 0, 0, 9, 9, 5, 1, 5, 171, 5, 2, NULL, NULL),
(267, 'C:\\GENIE2K\\REPFILES\\3782-2.RPT', '', '3.1.2019', '16.01.2019', 0, 0.0000169, 24200, 2, 0, 0, 9, 9, 24, 1, 5, 171, 5, 2, NULL, NULL),
(268, 'C:\\GENIE2K\\REPFILES\\3782-2.RPT', '', '3.1.2019', '16.01.2019', 0, 0.000014, 24200, 2, 0, 0, 9, 9, 30, 1, 5, 171, 5, 2, NULL, NULL),
(269, 'C:\\GENIE2K\\REPFILES\\3782-2.RPT', '', '3.1.2019', '16.01.2019', 0, 0.0000833, 24200, 2, 0, 0, 9, 9, 45, 1, 5, 171, 5, 2, NULL, NULL),
(270, 'C:\\GENIE2K\\REPFILES\\3782-2.RPT', '', '3.1.2019', '16.01.2019', 1, 0.0000116, 24200, 2, 0.0000136, 0.000141, 9, 9, 9, 1, 5, 171, 5, 2, NULL, NULL),
(271, 'C:\\GENIE2K\\REPFILES\\3782-2.RPT', '', '3.1.2019', '16.01.2019', 1, 0.0000141, 24200, 2, 0.0000692, 0.000901, 9, 9, 31, 1, 5, 171, 5, 2, NULL, NULL),
(272, 'C:\\GENIE2K\\REPFILES\\3782-2.RPT', '', '3.1.2019', '16.01.2019', 0, 0.0000124, 24200, 2, 0, 0, 9, 9, 5, 1, 5, 171, 5, 2, NULL, NULL),
(273, 'C:\\GENIE2K\\REPFILES\\3782-2.RPT', '', '3.1.2019', '16.01.2019', 0, 0.0000169, 24200, 2, 0, 0, 9, 9, 24, 1, 5, 171, 5, 2, NULL, NULL),
(274, 'C:\\GENIE2K\\REPFILES\\3782-2.RPT', '', '3.1.2019', '16.01.2019', 0, 0.000014, 24200, 2, 0, 0, 9, 9, 30, 1, 5, 171, 5, 2, NULL, NULL),
(275, 'C:\\GENIE2K\\REPFILES\\3782-2.RPT', '', '3.1.2019', '16.01.2019', 0, 0.0000833, 24200, 2, 0, 0, 9, 9, 45, 1, 5, 171, 5, 2, NULL, NULL),
(276, 'C:\\3781-1.RPT', '', '31.12.2018', '16.01.2019', 0, 0.0000198, 1410, 2, 0, 0, 9, 9, 5, 1, 5, 173, 5, 2, NULL, NULL),
(277, 'C:\\3781-1.RPT', '', '31.12.2018', '16.01.2019', 1, 0.0000239, 1410, 2, 0, 0, 9, 9, 9, 1, 5, 173, 5, 2, NULL, NULL),
(278, 'C:\\3781-1.RPT', '', '31.12.2018', '16.01.2019', 0, 0.0000182, 1410, 2, 0, 0, 9, 9, 24, 1, 5, 173, 5, 2, NULL, NULL),
(279, 'C:\\3781-1.RPT', '', '31.12.2018', '16.01.2019', 0, 0.0000194, 1410, 2, 0, 0, 9, 9, 30, 1, 5, 173, 5, 2, NULL, NULL),
(280, 'C:\\3781-1.RPT', '', '31.12.2018', '16.01.2019', 1, 0.0000201, 1410, 2, 0, 0, 9, 9, 31, 1, 5, 173, 5, 2, NULL, NULL),
(281, 'C:\\3781-1.RPT', '', '31.12.2018', '16.01.2019', 0, 0.0000376, 1410, 2, 0, 0, 9, 9, 45, 1, 5, 173, 5, 2, NULL, NULL);

-- --------------------------------------------------------

--
-- Структура на таблица `sample`
--

CREATE TABLE `sample` (
  `ID_SAMPLE` int(11) NOT NULL,
  `DATE_TIME_REFERENCE` varchar(255) DEFAULT NULL,
  `DESCRIPTION_SAMPLE` varchar(255) DEFAULT NULL,
  `GODINA_PERIOD` int(11) DEFAULT NULL,
  `SAMPLE_CODE` varchar(255) DEFAULT NULL,
  `OBEKT_NA_IZPITVANE_ID_OBEKT_NA_IZPITVANE` int(11) DEFAULT NULL,
  `PERIOD_ID_PERIOD` int(11) DEFAULT NULL,
  `REQUEST_ID_RECUEST` int(11) DEFAULT NULL
) ENGINE=InnoDB DEFAULT CHARSET=utf8;

--
-- Схема на данните от таблица `sample`
--

INSERT INTO `sample` (`ID_SAMPLE`, `DATE_TIME_REFERENCE`, `DESCRIPTION_SAMPLE`, `GODINA_PERIOD`, `SAMPLE_CODE`, `OBEKT_NA_IZPITVANE_ID_OBEKT_NA_IZPITVANE`, `PERIOD_ID_PERIOD`, `REQUEST_ID_RECUEST`) VALUES
(5, '17.12.2016 21:59', 'CO2+CO+CхHу', 2016, '1', 1, 12, 3),
(6, '17.12.2016 21:59', 'CO2', 2016, '2', 1, 12, 3),
(7, '17.12.2016 09:21', ' CO2+CO+CхHу', 2016, '1', 2, 12, 4),
(8, '17.12.2016 09:21', ' CO2', 2016, '2', 2, 12, 4),
(9, '22.12.2016 10:00', '', 2016, '1', 127, 12, 5),
(10, '22.12.2016 10:00', '', 2016, '2', 128, 12, 5),
(11, '22.12.2016 10:00', '', 2016, '3', 129, 12, 5),
(12, '22.12.2016 10:00', '', 2016, '4', 130, 12, 5),
(13, '22.12.2016 10:00', '', 2016, '5', 131, 12, 5),
(14, '22.12.2016 10:00', '', 2016, '6', 132, 12, 5),
(15, '22.12.2016 10:00', '', 2016, '7', 133, 12, 5),
(16, '22.12.2016 10:00', '', 2016, '8', 134, 12, 5),
(17, '22.12.2016 10:00', '', 2016, '9', 135, 12, 5),
(18, '16.12.2016 12:00', '', 2016, '1', 10, 12, 6),
(19, '16.12.2016 12:00', '', 2016, '1', 11, 12, 7),
(20, '17.12.2016 09:40', 'V = 22685.7 m3', 2016, '1', 1, 12, 8),
(21, '17.12.2016 09:27', ' V = 22071.6 m3', 2016, '1', 2, 12, 9),
(22, '08.12.2016 21:37', 'НТ+НТО', 2016, '1', 1, 12, 11),
(23, '08.12.2016 21:37', 'НТ+НТО', 2016, '2', 1, 12, 11),
(24, '08.12.2016 09:13', 'НТ+НТО', 2016, '1', 2, 12, 12),
(25, '08.12.2016 09:13', 'НТO', 2016, '2', 2, 12, 12),
(26, '22.12.2016 10:00', 'Топлоизолационна вата, m=210.19 g', 2016, '1', 7, 12, 13),
(27, '22.12.2016 10:00', 'Топлоизолационна вата, m=186.21 g', 2016, '1', 8, 12, 14),
(28, '16.12.2016 12:00', 'Сборна водна проба за м. 12.2016 г., период\r 01.12.2016 ÷ 31.12.2016, V=0.1 l', 2016, '1', 12, 12, 15),
(29, '31.10.2016 12:00', ' V=4.5 l', 2016, '1', 13, 34, 16),
(32, '16.11.2016 00:00', ' V=4.5 l', 2016, '1', 12, 34, 17),
(35, '31.10.2016 12:00', ' V=4.5 l', 2016, '1', 13, 34, 18),
(36, '16.11.2016 00:00', 'V=4.5 l', 2016, '1', 12, 34, 19),
(38, '16.11.2016 00:00', 'V=68507.3 m3', 2016, '1', 1, 11, 22),
(39, '25.12.2016 09:20', 'НТ+НТО', 2016, '1', 1, 12, 23),
(40, '25.12.2016 09:20', 'НТO', 2016, '2', 6, 12, 23),
(41, '18.12.2016 12:00', '', 2016, '1', 136, 12, 24),
(42, '18.12.2016 12:00', '', 2016, '2', 137, 12, 24),
(43, '18.12.2016 12:00', '', 2016, '3', 138, 12, 24),
(44, '18.12.2016 12:00', '', 2016, '4', 139, 12, 24),
(45, '16.11.2016 00:00', ' V= 59486,1 m3', 2016, '1', 2, 34, 25),
(46, '25.12.2016 09:20', 'НТ+НТО', 2016, '1', 2, 12, 26),
(47, '25.12.2016 09:20', 'НТO', 2016, '2', 2, 12, 26),
(48, '11.01.2017 10:30', '3165-1, Топлоизолационна вата, m=177.33 g', 2017, '1', 14, 1, 27),
(49, '11.01.2017 10:30', '3166-1, Топлоизолационна вата, m=161.91 g', 2017, '1', 15, 1, 28),
(50, '17.01.2017 09:25', 'CO2+CO+CхHу', 2017, '1', 1, 1, 29),
(51, '17.01.2017 09:25', 'CO2', 2017, '2', 1, 1, 29),
(52, '17.01.2017 09:29', 'CO2+CO+CхHу', 2017, '1', 2, 1, 30),
(53, '17.01.2017 09:29', 'CO2', 2017, '2', 2, 1, 30),
(54, '09.01.2017 21:18', 'НТ+НТО', 2017, '1', 1, 1, 31),
(55, '09.01.2017 21:18', 'НТO', 2017, '2', 1, 1, 31),
(56, '09.01.2017 21:34', 'НТ+НТО', 2017, '1', 2, 1, 32),
(57, '09.01.2017 21:34', 'НТO', 2017, '2', 2, 1, 32),
(58, '20.01.2017 13:00', 'за период: 20.01.201г. - 21.01.201г. V=28.8m3', 2017, '1', 2, 1, 33),
(59, '21.01.2017 13:00', 'за период: 21.01.201г. - 22.01.201г. V=28.8m3', 2017, '2', 2, 1, 33),
(60, '26.01.2017 10:00', '', 2017, '1', 127, 1, 34),
(61, '26.01.2017 10:00', '', 2017, '2', 128, 1, 34),
(62, '26.01.2017 10:00', '', 2017, '3', 129, 1, 34),
(63, '26.01.2017 10:00', '', 2017, '4', 130, 1, 34),
(64, '26.01.2017 10:00', '', 2017, '5', 140, 1, 34),
(65, '26.01.2017 10:00', '', 2017, '6', 131, 1, 34),
(66, '26.01.2017 10:00', '', 2017, '7', 141, 1, 34),
(67, '26.01.2017 10:00', '', 2017, '8', 142, 1, 34),
(68, '26.01.2017 10:00', '', 2017, '9', 143, 1, 34),
(69, '26.01.2017 14:00', '', 2017, '1', 144, 1, 35),
(70, '26.01.2017 14:00', '', 2017, '2', 145, 1, 35),
(71, '26.01.2017 14:00', '', 2017, '3', 146, 1, 35),
(72, '26.01.2017 14:00', '', 2017, '4', 147, 1, 35),
(73, '26.01.2017 14:00', '', 2017, '5', 148, 1, 35),
(74, '26.01.2017 14:00', '', 2017, '6', 149, 1, 35),
(75, '26.01.2017 14:00', '', 2017, '7', 150, 1, 35),
(76, '26.01.2017 14:00', '', 2017, '8', 151, 1, 35),
(77, '26.01.2017 10:30', 'Топлоизолационна вата, m=169.64 g', 2017, '1', 17, 1, 36),
(78, '17.01.2017 09:22', 'Vвъздух=21421.8 m3', 2017, '1', 1, 1, 37),
(79, '17.01.2017 09:34', ' Vвъздух=19045.4 m3', 2017, '1', 2, 1, 38),
(80, '16.01.2017 12:00', 'V=1.0 l', 2017, '1', 11, 1, 40),
(81, '16.01.2017 12:00', 'V=1.0 l', 2017, '1', 13, 1, 41),
(82, '16.01.2017 12:00', 'V=1.0 l', 2017, '1', 12, 1, 42),
(83, '16.01.2017 12:00', ' V=0.1l', 2017, '1', 13, 1, 43),
(102, '16.01.2017 12:00', 'V=0.1 l', 2017, '1', 12, 1, 62),
(103, '23.01.2017 21:07', 'НТ+НТО', 2017, '1', 1, 1, 63),
(104, '23.01.2017 21:07', 'НТO', 2017, '2', 1, 1, 63),
(105, '23.01.2017 16:50', 'НТ+НТО', 2017, '1', 2, 1, 64),
(106, '23.01.2017 16:50', 'НТO', 2017, '2', 2, 1, 64),
(107, '17.01.2017 12:00', '', 2017, '1', 136, 1, 65),
(108, '17.01.2017 12:00', '', 2017, '2', 137, 1, 65),
(109, '17.01.2017 12:00', '', 2017, '3', 138, 1, 65),
(110, '17.01.2017 12:00', '', 2017, '4', 139, 1, 65),
(111, '14.02.2017 11:30', '', 2017, '1', 127, 2, 66),
(112, '14.02.2017 11:30', '', 2017, '2', 128, 2, 66),
(113, '14.02.2017 11:30', '', 2017, '3', 129, 2, 66),
(114, '14.02.2017 11:30', '', 2017, '4', 130, 2, 66),
(115, '14.02.2017 11:30', '', 2017, '5', 140, 2, 66),
(116, '14.02.2017 11:30', '', 2017, '6', 131, 2, 66),
(117, '14.02.2017 11:30', '', 2017, '7', 132, 2, 66),
(118, '14.02.2017 11:30', '', 2017, '8', 133, 2, 66),
(119, '14.02.2017 11:30', '', 2017, '9', 134, 2, 66),
(120, '14.02.2017 11:30', '', 2017, '10', 135, 2, 66),
(121, '14.02.2017 15:00', 'm= 705.02g', 2017, '1', 144, 2, 67),
(122, '14.02.2017 15:00', 'm= 695.25g', 2017, '2', 145, 2, 67),
(123, '14.02.2017 15:00', 'm= 721.30g', 2017, '3', 146, 2, 67),
(124, '14.02.2017 15:00', 'm= 790.42g', 2017, '4', 147, 2, 67),
(125, '14.02.2017 15:00', 'm= 612.83g', 2017, '5', 148, 2, 67),
(126, '14.02.2017 15:00', 'm= 744.55g', 2017, '6', 149, 2, 67),
(127, '14.02.2017 15:00', 'm= 815.84g', 2017, '7', 150, 2, 67),
(128, '14.02.2017 15:00', 'm= 677.29g', 2017, '8', 151, 2, 67),
(129, '14.02.2017 21:01', 'CO2+CO+CхHу', 2017, '1', 1, 2, 68),
(130, '14.02.2017 21:01', 'CO2', 2017, '2', 1, 2, 68),
(131, '14.02.2017 21:18', 'CO2+CO+CхHу', 2017, '1', 2, 2, 69),
(132, '14.02.2017 21:18', 'CO2', 2017, '2', 2, 2, 69),
(133, '15.02.2017 10:00', 'Топлоизолационна вата, m=169.62 g', 2017, '1', 18, NULL, 70),
(134, '07.02.2017 20:49', 'НТ+НТО', 2017, '1', 1, 2, 71),
(135, '07.02.2017 20:49', 'НТO', 2017, '2', 1, 2, 71),
(136, '07.02.2017 21:15', 'НТ+НТО', 2017, '1', 2, 2, 72),
(137, '07.02.2017 21:15', 'НТO', 2017, '2', 2, 2, 72),
(138, '22.02.2017 10:00', 'Топлоизолационна вата, m=177,23 g', 2017, '1', 19, NULL, 73),
(139, '15.02.2017 13:00', 'Вход на резервоара, V=1.0  l', 2017, '1', 21, NULL, 74),
(140, '15.02.2017 13:00', 'Дренаж на резервоара, V=1.0  l', 2017, '2', 21, NULL, 74),
(141, '27.02.2017 14:00', ' Бетон от повърхностен слой, m=29.55 g', 2017, '1', 20, NULL, 75),
(142, '27.02.2017 14:00', 'Бетон от слой на 5cm от повърхността, m=37.82 g', 2017, '2', 20, NULL, 75),
(143, '24.02.2017 15:00', 'Водна проба от дренажа на резервоара, V = 5.0 l', 2017, '1', 21, 2, 76),
(149, '15.02.2017 00:00', 'V=1.0 l', 2017, '1', 13, 2, 83),
(150, '15.02.2017 00:00', 'V=1.0 l', 2017, '1', 12, 2, 84),
(151, '27.02.2017 14:00', 'm=1829.25 g', 17, '1', 22, 2, 85),
(154, '16.12.2018 12:00', '', 2018, '1', 3, 12, 88),
(155, '16.12.2018 12:00', '', 2018, '2', 4, 12, 88),
(156, '16.12.2018 12:00', '', 2018, '3', 11, 12, 88),
(157, '19.12.2018 00:00', 'HT+HTO', 2018, '1', 1, 12, 89),
(158, '19.12.2018 00:00', 'HTO', 2018, '2', 1, 12, 89),
(159, '19.12.2018 00:00', 'HT+HTO', 2018, '3', 2, 12, 89),
(160, '19.12.2018 00:00', 'HTO', 2018, '4', 2, 12, 89),
(161, '19.12.2018 00:00', 'CO2+CO+CxHy', 2018, '1', 1, 12, 90),
(162, '19.12.2018 00:00', 'CO2', 2018, '2', 1, 12, 90),
(163, '19.12.2018 00:00', 'CO2+CO+CxHy', 2018, '3', 2, 12, 90),
(164, '19.12.2018 00:00', 'CO2', 2018, '4', 2, 12, 90),
(165, '15.01.2019 23:02', 'за период: 01.01.2019г. - 30.01.2019г.', 2019, '1', 127, 2, 91),
(166, '22.01.2019 11:01', '', 2019, '2', 128, 2, 91),
(167, '22.01.2019 11:01', '', 2019, '3', 129, 2, 91),
(168, '22.01.2019 11:01', '', 2019, '4', 130, 2, 91),
(169, '22.01.2019 11:01', '', 2019, '5', 131, 2, 91),
(170, '19.12.2018 00:00', 'V = 20075,7 m3', 2018, '1', 1, 12, 92),
(171, '19.12.2018 00:00', 'V = 24190,0 m3', 2018, '2', 2, 12, 92),
(173, '14.12.2018 10:30', 'V = 1411,2 m3', 2018, '1', 113, NULL, 94),
(174, '12.11.2018 22:30', 'V = 4586.2 m3', 2018, '1', 113, 34, 95);

-- --------------------------------------------------------

--
-- Структура на таблица `users`
--

CREATE TABLE `users` (
  `ID_USERS` int(11) NOT NULL,
  `FAMILY` varchar(255) DEFAULT NULL,
  `ISADMIN` tinyint(1) DEFAULT '0',
  `NAME` varchar(255) DEFAULT NULL,
  `NIKNAME` varchar(255) DEFAULT NULL,
  `PASS` varchar(255) DEFAULT NULL,
  `POST_ID_POST` int(11) DEFAULT NULL
) ENGINE=InnoDB DEFAULT CHARSET=utf8;

--
-- Схема на данните от таблица `users`
--

INSERT INTO `users` (`ID_USERS`, `FAMILY`, `ISADMIN`, `NAME`, `NIKNAME`, `PASS`, `POST_ID_POST`) VALUES
(1, 'Непознат', 0, 'Непознат', '555', '123', 1),
(2, 'Балачев', 0, 'Михаил', 'mbalachev', '123', 2),
(3, 'Катранкиев', 0, 'Петър', 'pkatrankiev', '123', 2),
(4, 'Илиев', 1, 'Мартин', 'miliev', '123', 4),
(5, 'Денова', 0, 'Таня', 'denova', '123', 3),
(6, 'Иванов', 0, 'Иван', 'ivanow', '123', 3),
(7, 'Михайлова', 0, 'Малинка', 'malinka', '123', 3),
(8, 'Иванова', 0, 'Зорница', 'zory', '123', 3);

-- --------------------------------------------------------

--
-- Структура на таблица `zabelejki`
--

CREATE TABLE `zabelejki` (
  `ID_ZABELEJKI` int(11) NOT NULL,
  `NAME` varchar(255) DEFAULT NULL
) ENGINE=InnoDB DEFAULT CHARSET=utf8;

--
-- Схема на данните от таблица `zabelejki`
--

INSERT INTO `zabelejki` (`ID_ZABELEJKI`, `NAME`) VALUES
(1, 'Към неопределеността е добавена 10% систематична грешка.'),
(2, '12 Ако е необходимо, протоколът от изпитване \r\nможе да включва мнения и интерпретации за определени изпитвания (заключения не се допускат) само в съответствие с изискванията на т. 5.10.5 от БДС EN ISO/IEC 17025.'),
(3, 'Резултатите от изпитването се отнасят само за изпитваните проби.Протоколът от изпитване не може да бъде възпроизвеждан, освен с писменото разрешениена лабораторията и само изцяло.'),
(5, ''),
(7, 'Към неопределеността е добавена 10% систематична грешка.'),
(8, 'Наредба за радиационна защита, обн., ДВ, бр. 16 от 20.02.2018 г., Приложение № 2, Таблица № 5'),
(9, 'Да се докладва МДА на 14С за всяка проба');

--
-- Indexes for dumped tables
--

--
-- Indexes for table `aplicant`
--
ALTER TABLE `aplicant`
  ADD PRIMARY KEY (`ID_APLICANT`);

--
-- Indexes for table `dimension`
--
ALTER TABLE `dimension`
  ADD PRIMARY KEY (`ID_DIMENSION`),
  ADD UNIQUE KEY `NAME` (`NAME`);

--
-- Indexes for table `external_applicant`
--
ALTER TABLE `external_applicant`
  ADD PRIMARY KEY (`ID_EXTERNAL_APPLICANT`);

--
-- Indexes for table `extra_module`
--
ALTER TABLE `extra_module`
  ADD PRIMARY KEY (`ID_EXTRA_MODULE`),
  ADD KEY `FK_EXTRA_MODULE_APLICANT_ID_APLICANT` (`APLICANT_ID_APLICANT`),
  ADD KEY `EXTRAMODULEEXTERNALAPPLICANT_ID_EXTERNAL_APPLICANT` (`EXTERNAL_APPLICANT_ID_EXTERNAL_APPLICANT`),
  ADD KEY `FK_EXTRA_MODULE_OTCLONENIE_ID_OTCLON` (`OTCLONENIE_ID_OTCLON`),
  ADD KEY `EXTRAMODULEINTERNALAPPLICANT_ID_INTERNAL_APPLICANT` (`INTERNAL_APPLICANT_ID_INTERNAL_APPLICANT`);

--
-- Indexes for table `ind_num_doc`
--
ALTER TABLE `ind_num_doc`
  ADD PRIMARY KEY (`ID_IND_NUM_DOC`);

--
-- Indexes for table `internal_applicant`
--
ALTER TABLE `internal_applicant`
  ADD PRIMARY KEY (`ID_INTERNAL_APPLICANT`);

--
-- Indexes for table `izpitvanpokazatel`
--
ALTER TABLE `izpitvanpokazatel`
  ADD PRIMARY KEY (`ID_POKAZATEL`),
  ADD KEY `FK_IZPITVANPOKAZATEL_METODY_ID_METODY` (`METODY_ID_METODY`),
  ADD KEY `FK_IZPITVANPOKAZATEL_REQUEST_ID_RECUEST` (`REQUEST_ID_RECUEST`),
  ADD KEY `FK_IZPITVANPOKAZATEL_POKAZATEL_ID_POKAZATEL` (`POKAZATEL_ID_POKAZATEL`);

--
-- Indexes for table `izpitvan_produkt`
--
ALTER TABLE `izpitvan_produkt`
  ADD PRIMARY KEY (`ID_IZPITVAN_PRODUKT`);

--
-- Indexes for table `list_izpitvan_pokazatel`
--
ALTER TABLE `list_izpitvan_pokazatel`
  ADD PRIMARY KEY (`ID_POKAZATEL`);

--
-- Indexes for table `metody`
--
ALTER TABLE `metody`
  ADD PRIMARY KEY (`ID_METODY`);

--
-- Indexes for table `metody_to_pokazatel`
--
ALTER TABLE `metody_to_pokazatel`
  ADD PRIMARY KEY (`ID_METODY_TO_POKAZATEL`),
  ADD KEY `FK_METODY_TO_POKAZATEL_METODY_ID_METODY` (`METODY_ID_METODY`),
  ADD KEY `FK_METODY_TO_POKAZATEL_POKAZATEL_ID_POKAZATEL` (`POKAZATEL_ID_POKAZATEL`);

--
-- Indexes for table `nuclide`
--
ALTER TABLE `nuclide`
  ADD PRIMARY KEY (`ID_NUCLIDE`);

--
-- Indexes for table `nuclide_to_pokazatel`
--
ALTER TABLE `nuclide_to_pokazatel`
  ADD PRIMARY KEY (`ID_NUCLIDE_TO_POKAZATEL`),
  ADD KEY `FK_NUCLIDE_TO_POKAZATEL_NUCLIDE_ID_NUCLIDE` (`NUCLIDE_ID_NUCLIDE`),
  ADD KEY `FK_NUCLIDE_TO_POKAZATEL_POKAZATEL_ID_POKAZATEL` (`POKAZATEL_ID_POKAZATEL`);

--
-- Indexes for table `obekt_na_izpitvane_request`
--
ALTER TABLE `obekt_na_izpitvane_request`
  ADD PRIMARY KEY (`ID_OBEKT_NA_IZPITVANE`);

--
-- Indexes for table `obekt_na_izpitvane_sample`
--
ALTER TABLE `obekt_na_izpitvane_sample`
  ADD PRIMARY KEY (`ID_OBEKT_NA_IZPITVANE`),
  ADD KEY `BKTNZPTVNESAMPLEBCTZPTVNEREQUESTIDOBEKTNAIZPITVANE` (`OBECT_IZPITVANE_REQUEST_ID_OBEKT_NA_IZPITVANE`);

--
-- Indexes for table `otclonenie`
--
ALTER TABLE `otclonenie`
  ADD PRIMARY KEY (`ID_OTCLON`);

--
-- Indexes for table `period`
--
ALTER TABLE `period`
  ADD PRIMARY KEY (`ID_PERIOD`);

--
-- Indexes for table `post`
--
ALTER TABLE `post`
  ADD PRIMARY KEY (`ID_POST`);

--
-- Indexes for table `razmernosti`
--
ALTER TABLE `razmernosti`
  ADD PRIMARY KEY (`ID_RAZMERNOSTI`);

--
-- Indexes for table `request`
--
ALTER TABLE `request`
  ADD PRIMARY KEY (`ID_RECUEST`),
  ADD UNIQUE KEY `recuest_code` (`recuest_code`),
  ADD KEY `FK_REQUEST_IND_NUM_DOC_ID_IND_NUM_DOC` (`IND_NUM_DOC_ID_IND_NUM_DOC`),
  ADD KEY `REQUESTOBEKTNAIZPITVANEREQUESTIDOBEKT_NA_IZPITVANE` (`OBEKT_NA_IZPITVANE_REQUEST_ID_OBEKT_NA_IZPITVANE`),
  ADD KEY `FK_REQUEST_ZABELEJKI_ID_ZABELEJKI` (`ZABELEJKI_ID_ZABELEJKI`),
  ADD KEY `FK_REQUEST_IZPITVAN_PRODUKT_ID_IZPITVAN_PRODUKT` (`IZPITVAN_PRODUKT_ID_IZPITVAN_PRODUKT`),
  ADD KEY `FK_REQUEST_USERS_ID_USERS` (`USERS_ID_USERS`),
  ADD KEY `FK_REQUEST_RAZMERNOSTI_ID_RAZMERNOSTI` (`RAZMERNOSTI_ID_RAZMERNOSTI`),
  ADD KEY `FK_REQUEST_EXTRA_MODULE_ID_EXTRA_MODULE` (`EXTRA_MODULE_ID_EXTRA_MODULE`);

--
-- Indexes for table `results`
--
ALTER TABLE `results`
  ADD PRIMARY KEY (`ID_RESULTS`);

--
-- Indexes for table `sample`
--
ALTER TABLE `sample`
  ADD PRIMARY KEY (`ID_SAMPLE`),
  ADD KEY `FK_SAMPLE_PERIOD_ID_PERIOD` (`PERIOD_ID_PERIOD`),
  ADD KEY `FK_SAMPLE_OBEKT_NA_IZPITVANE_ID_OBEKT_NA_IZPITVANE` (`OBEKT_NA_IZPITVANE_ID_OBEKT_NA_IZPITVANE`),
  ADD KEY `FK_SAMPLE_REQUEST_ID_RECUEST` (`REQUEST_ID_RECUEST`);

--
-- Indexes for table `users`
--
ALTER TABLE `users`
  ADD PRIMARY KEY (`ID_USERS`),
  ADD KEY `FK_USERS_POST_ID_POST` (`POST_ID_POST`);

--
-- Indexes for table `zabelejki`
--
ALTER TABLE `zabelejki`
  ADD PRIMARY KEY (`ID_ZABELEJKI`);

--
-- AUTO_INCREMENT for dumped tables
--

--
-- AUTO_INCREMENT for table `aplicant`
--
ALTER TABLE `aplicant`
  MODIFY `ID_APLICANT` int(11) NOT NULL AUTO_INCREMENT, AUTO_INCREMENT=4;

--
-- AUTO_INCREMENT for table `dimension`
--
ALTER TABLE `dimension`
  MODIFY `ID_DIMENSION` int(11) NOT NULL AUTO_INCREMENT, AUTO_INCREMENT=10;

--
-- AUTO_INCREMENT for table `external_applicant`
--
ALTER TABLE `external_applicant`
  MODIFY `ID_EXTERNAL_APPLICANT` int(11) NOT NULL AUTO_INCREMENT, AUTO_INCREMENT=8;

--
-- AUTO_INCREMENT for table `extra_module`
--
ALTER TABLE `extra_module`
  MODIFY `ID_EXTRA_MODULE` int(11) NOT NULL AUTO_INCREMENT, AUTO_INCREMENT=34;

--
-- AUTO_INCREMENT for table `ind_num_doc`
--
ALTER TABLE `ind_num_doc`
  MODIFY `ID_IND_NUM_DOC` int(11) NOT NULL AUTO_INCREMENT, AUTO_INCREMENT=5;

--
-- AUTO_INCREMENT for table `internal_applicant`
--
ALTER TABLE `internal_applicant`
  MODIFY `ID_INTERNAL_APPLICANT` int(11) NOT NULL AUTO_INCREMENT, AUTO_INCREMENT=19;

--
-- AUTO_INCREMENT for table `izpitvanpokazatel`
--
ALTER TABLE `izpitvanpokazatel`
  MODIFY `ID_POKAZATEL` int(11) NOT NULL AUTO_INCREMENT, AUTO_INCREMENT=272;

--
-- AUTO_INCREMENT for table `izpitvan_produkt`
--
ALTER TABLE `izpitvan_produkt`
  MODIFY `ID_IZPITVAN_PRODUKT` int(11) NOT NULL AUTO_INCREMENT, AUTO_INCREMENT=10;

--
-- AUTO_INCREMENT for table `list_izpitvan_pokazatel`
--
ALTER TABLE `list_izpitvan_pokazatel`
  MODIFY `ID_POKAZATEL` int(11) NOT NULL AUTO_INCREMENT, AUTO_INCREMENT=11;

--
-- AUTO_INCREMENT for table `metody`
--
ALTER TABLE `metody`
  MODIFY `ID_METODY` int(11) NOT NULL AUTO_INCREMENT, AUTO_INCREMENT=30;

--
-- AUTO_INCREMENT for table `metody_to_pokazatel`
--
ALTER TABLE `metody_to_pokazatel`
  MODIFY `ID_METODY_TO_POKAZATEL` int(11) NOT NULL AUTO_INCREMENT, AUTO_INCREMENT=14;

--
-- AUTO_INCREMENT for table `nuclide`
--
ALTER TABLE `nuclide`
  MODIFY `ID_NUCLIDE` int(11) NOT NULL AUTO_INCREMENT, AUTO_INCREMENT=64;

--
-- AUTO_INCREMENT for table `nuclide_to_pokazatel`
--
ALTER TABLE `nuclide_to_pokazatel`
  MODIFY `ID_NUCLIDE_TO_POKAZATEL` int(11) NOT NULL AUTO_INCREMENT, AUTO_INCREMENT=65;

--
-- AUTO_INCREMENT for table `obekt_na_izpitvane_request`
--
ALTER TABLE `obekt_na_izpitvane_request`
  MODIFY `ID_OBEKT_NA_IZPITVANE` int(11) NOT NULL AUTO_INCREMENT, AUTO_INCREMENT=170;

--
-- AUTO_INCREMENT for table `obekt_na_izpitvane_sample`
--
ALTER TABLE `obekt_na_izpitvane_sample`
  MODIFY `ID_OBEKT_NA_IZPITVANE` int(11) NOT NULL AUTO_INCREMENT, AUTO_INCREMENT=156;

--
-- AUTO_INCREMENT for table `otclonenie`
--
ALTER TABLE `otclonenie`
  MODIFY `ID_OTCLON` int(11) NOT NULL AUTO_INCREMENT, AUTO_INCREMENT=3;

--
-- AUTO_INCREMENT for table `period`
--
ALTER TABLE `period`
  MODIFY `ID_PERIOD` int(11) NOT NULL AUTO_INCREMENT, AUTO_INCREMENT=100;

--
-- AUTO_INCREMENT for table `post`
--
ALTER TABLE `post`
  MODIFY `ID_POST` int(11) NOT NULL AUTO_INCREMENT, AUTO_INCREMENT=5;

--
-- AUTO_INCREMENT for table `razmernosti`
--
ALTER TABLE `razmernosti`
  MODIFY `ID_RAZMERNOSTI` int(11) NOT NULL AUTO_INCREMENT, AUTO_INCREMENT=9;

--
-- AUTO_INCREMENT for table `request`
--
ALTER TABLE `request`
  MODIFY `ID_RECUEST` int(11) NOT NULL AUTO_INCREMENT, AUTO_INCREMENT=96;

--
-- AUTO_INCREMENT for table `results`
--
ALTER TABLE `results`
  MODIFY `ID_RESULTS` int(11) NOT NULL AUTO_INCREMENT, AUTO_INCREMENT=282;

--
-- AUTO_INCREMENT for table `sample`
--
ALTER TABLE `sample`
  MODIFY `ID_SAMPLE` int(11) NOT NULL AUTO_INCREMENT, AUTO_INCREMENT=175;

--
-- AUTO_INCREMENT for table `users`
--
ALTER TABLE `users`
  MODIFY `ID_USERS` int(11) NOT NULL AUTO_INCREMENT, AUTO_INCREMENT=9;

--
-- AUTO_INCREMENT for table `zabelejki`
--
ALTER TABLE `zabelejki`
  MODIFY `ID_ZABELEJKI` int(11) NOT NULL AUTO_INCREMENT, AUTO_INCREMENT=10;

--
-- Ограничения за дъмпнати таблици
--

--
-- Ограничения за таблица `extra_module`
--
ALTER TABLE `extra_module`
  ADD CONSTRAINT `EXTRAMODULEEXTERNALAPPLICANT_ID_EXTERNAL_APPLICANT` FOREIGN KEY (`EXTERNAL_APPLICANT_ID_EXTERNAL_APPLICANT`) REFERENCES `external_applicant` (`ID_EXTERNAL_APPLICANT`),
  ADD CONSTRAINT `EXTRAMODULEINTERNALAPPLICANT_ID_INTERNAL_APPLICANT` FOREIGN KEY (`INTERNAL_APPLICANT_ID_INTERNAL_APPLICANT`) REFERENCES `internal_applicant` (`ID_INTERNAL_APPLICANT`),
  ADD CONSTRAINT `FK_EXTRA_MODULE_APLICANT_ID_APLICANT` FOREIGN KEY (`APLICANT_ID_APLICANT`) REFERENCES `aplicant` (`ID_APLICANT`),
  ADD CONSTRAINT `FK_EXTRA_MODULE_OTCLONENIE_ID_OTCLON` FOREIGN KEY (`OTCLONENIE_ID_OTCLON`) REFERENCES `otclonenie` (`ID_OTCLON`);

--
-- Ограничения за таблица `izpitvanpokazatel`
--
ALTER TABLE `izpitvanpokazatel`
  ADD CONSTRAINT `FK_IZPITVANPOKAZATEL_METODY_ID_METODY` FOREIGN KEY (`METODY_ID_METODY`) REFERENCES `metody` (`ID_METODY`),
  ADD CONSTRAINT `FK_IZPITVANPOKAZATEL_POKAZATEL_ID_POKAZATEL` FOREIGN KEY (`POKAZATEL_ID_POKAZATEL`) REFERENCES `list_izpitvan_pokazatel` (`ID_POKAZATEL`),
  ADD CONSTRAINT `FK_IZPITVANPOKAZATEL_REQUEST_ID_RECUEST` FOREIGN KEY (`REQUEST_ID_RECUEST`) REFERENCES `request` (`ID_RECUEST`);

--
-- Ограничения за таблица `metody_to_pokazatel`
--
ALTER TABLE `metody_to_pokazatel`
  ADD CONSTRAINT `FK_METODY_TO_POKAZATEL_METODY_ID_METODY` FOREIGN KEY (`METODY_ID_METODY`) REFERENCES `metody` (`ID_METODY`),
  ADD CONSTRAINT `FK_METODY_TO_POKAZATEL_POKAZATEL_ID_POKAZATEL` FOREIGN KEY (`POKAZATEL_ID_POKAZATEL`) REFERENCES `list_izpitvan_pokazatel` (`ID_POKAZATEL`);

--
-- Ограничения за таблица `nuclide_to_pokazatel`
--
ALTER TABLE `nuclide_to_pokazatel`
  ADD CONSTRAINT `FK_NUCLIDE_TO_POKAZATEL_NUCLIDE_ID_NUCLIDE` FOREIGN KEY (`NUCLIDE_ID_NUCLIDE`) REFERENCES `nuclide` (`ID_NUCLIDE`),
  ADD CONSTRAINT `FK_NUCLIDE_TO_POKAZATEL_POKAZATEL_ID_POKAZATEL` FOREIGN KEY (`POKAZATEL_ID_POKAZATEL`) REFERENCES `list_izpitvan_pokazatel` (`ID_POKAZATEL`);

--
-- Ограничения за таблица `obekt_na_izpitvane_sample`
--
ALTER TABLE `obekt_na_izpitvane_sample`
  ADD CONSTRAINT `BKTNZPTVNESAMPLEBCTZPTVNEREQUESTIDOBEKTNAIZPITVANE` FOREIGN KEY (`OBECT_IZPITVANE_REQUEST_ID_OBEKT_NA_IZPITVANE`) REFERENCES `obekt_na_izpitvane_request` (`ID_OBEKT_NA_IZPITVANE`);

--
-- Ограничения за таблица `request`
--
ALTER TABLE `request`
  ADD CONSTRAINT `FK_REQUEST_EXTRA_MODULE_ID_EXTRA_MODULE` FOREIGN KEY (`EXTRA_MODULE_ID_EXTRA_MODULE`) REFERENCES `extra_module` (`ID_EXTRA_MODULE`),
  ADD CONSTRAINT `FK_REQUEST_IND_NUM_DOC_ID_IND_NUM_DOC` FOREIGN KEY (`IND_NUM_DOC_ID_IND_NUM_DOC`) REFERENCES `ind_num_doc` (`ID_IND_NUM_DOC`),
  ADD CONSTRAINT `FK_REQUEST_IZPITVAN_PRODUKT_ID_IZPITVAN_PRODUKT` FOREIGN KEY (`IZPITVAN_PRODUKT_ID_IZPITVAN_PRODUKT`) REFERENCES `izpitvan_produkt` (`ID_IZPITVAN_PRODUKT`),
  ADD CONSTRAINT `FK_REQUEST_RAZMERNOSTI_ID_RAZMERNOSTI` FOREIGN KEY (`RAZMERNOSTI_ID_RAZMERNOSTI`) REFERENCES `razmernosti` (`ID_RAZMERNOSTI`),
  ADD CONSTRAINT `FK_REQUEST_USERS_ID_USERS` FOREIGN KEY (`USERS_ID_USERS`) REFERENCES `users` (`ID_USERS`),
  ADD CONSTRAINT `FK_REQUEST_ZABELEJKI_ID_ZABELEJKI` FOREIGN KEY (`ZABELEJKI_ID_ZABELEJKI`) REFERENCES `zabelejki` (`ID_ZABELEJKI`),
  ADD CONSTRAINT `REQUESTOBEKTNAIZPITVANEREQUESTIDOBEKT_NA_IZPITVANE` FOREIGN KEY (`OBEKT_NA_IZPITVANE_REQUEST_ID_OBEKT_NA_IZPITVANE`) REFERENCES `obekt_na_izpitvane_request` (`ID_OBEKT_NA_IZPITVANE`);

--
-- Ограничения за таблица `sample`
--
ALTER TABLE `sample`
  ADD CONSTRAINT `FK_SAMPLE_OBEKT_NA_IZPITVANE_ID_OBEKT_NA_IZPITVANE` FOREIGN KEY (`OBEKT_NA_IZPITVANE_ID_OBEKT_NA_IZPITVANE`) REFERENCES `obekt_na_izpitvane_sample` (`ID_OBEKT_NA_IZPITVANE`),
  ADD CONSTRAINT `FK_SAMPLE_PERIOD_ID_PERIOD` FOREIGN KEY (`PERIOD_ID_PERIOD`) REFERENCES `period` (`ID_PERIOD`),
  ADD CONSTRAINT `FK_SAMPLE_REQUEST_ID_RECUEST` FOREIGN KEY (`REQUEST_ID_RECUEST`) REFERENCES `request` (`ID_RECUEST`);

--
-- Ограничения за таблица `users`
--
ALTER TABLE `users`
  ADD CONSTRAINT `FK_USERS_POST_ID_POST` FOREIGN KEY (`POST_ID_POST`) REFERENCES `post` (`ID_POST`);
COMMIT;

/*!40101 SET CHARACTER_SET_CLIENT=@OLD_CHARACTER_SET_CLIENT */;
/*!40101 SET CHARACTER_SET_RESULTS=@OLD_CHARACTER_SET_RESULTS */;
/*!40101 SET COLLATION_CONNECTION=@OLD_COLLATION_CONNECTION */;
