-- phpMyAdmin SQL Dump
-- version 4.8.4
-- https://www.phpmyadmin.net/
--
-- Host: 127.0.0.1
-- Generation Time: 19 юни 2019 в 15:13
-- Версия на сървъра: 10.1.37-MariaDB
-- PHP Version: 7.3.1

SET SQL_MODE = "NO_AUTO_VALUE_ON_ZERO";
SET AUTOCOMMIT = 0;
START TRANSACTION;
SET time_zone = "+00:00";


/*!40101 SET @OLD_CHARACTER_SET_CLIENT=@@CHARACTER_SET_CLIENT */;
/*!40101 SET @OLD_CHARACTER_SET_RESULTS=@@CHARACTER_SET_RESULTS */;
/*!40101 SET @OLD_COLLATION_CONNECTION=@@COLLATION_CONNECTION */;
/*!40101 SET NAMES utf8mb4 */;

--
-- Database: `rhdbase`
--

-- --------------------------------------------------------

--
-- Структура на таблица `aplicant`
--

CREATE TABLE `aplicant` (
  `ID_APLICANT` int(11) NOT NULL,
  `FAMILY` varchar(255) DEFAULT NULL,
  `NAME` varchar(255) DEFAULT NULL
) ENGINE=InnoDB DEFAULT CHARSET=utf8;

--
-- Схема на данните от таблица `aplicant`
--

INSERT INTO `aplicant` (`ID_APLICANT`, `FAMILY`, `NAME`) VALUES
(1, 'Петров', 'Йордан'),
(2, 'Пашов', 'Иван'),
(3, 'Непознат', 'Непознат'),
(4, 'Стойков', 'Петър'),
(5, 'Силвестров', 'Владимир'),
(6, 'Караиванов', 'Николай'),
(7, 'Петров', 'Иван'),
(8, '', ''),
(9, 'Герасимов', 'Людмил'),
(10, 'Финков', 'Данаил'),
(11, 'Станимирова', 'Боряна'),
(12, 'Ганева', 'Нели');

-- --------------------------------------------------------

--
-- Структура на таблица `dimension`
--

CREATE TABLE `dimension` (
  `ID_DIMENSION` int(11) NOT NULL,
  `NAME` varchar(255) DEFAULT NULL
) ENGINE=InnoDB DEFAULT CHARSET=utf8;

--
-- Схема на данните от таблица `dimension`
--

INSERT INTO `dimension` (`ID_DIMENSION`, `NAME`) VALUES
(8, ''),
(7, 'cm²'),
(1, 'g'),
(5, 'kg'),
(3, 'L'),
(2, 'mL'),
(6, 'm³'),
(9, 'unknown');

-- --------------------------------------------------------

--
-- Структура на таблица `dobiv`
--

CREATE TABLE `dobiv` (
  `ID_DOBIV` int(11) NOT NULL,
  `BASIC_VALUE` varchar(255) DEFAULT NULL,
  `CODE_STANDART` varchar(255) DEFAULT NULL,
  `DATE_CHIM_OPER` varchar(255) DEFAULT NULL,
  `DATE_MEASUR` varchar(255) DEFAULT NULL,
  `DATE_REDAC` varchar(255) DEFAULT NULL,
  `DESCRIPTION` varchar(255) DEFAULT NULL,
  `UNCERTAINTY` double DEFAULT NULL,
  `VALUE_RESULT` double DEFAULT NULL,
  `IZPITVAN_PRODUKT_ID_IZPITVAN_PRODUKT` int(11) DEFAULT NULL,
  `METODY_ID_METODY` int(11) DEFAULT NULL,
  `NUCLIDE_ID_NUCLIDE` int(11) DEFAULT NULL,
  `TSI_ID_TSI` int(11) DEFAULT NULL,
  `USER_CHIM_OPER_ID_USERS` int(11) DEFAULT NULL,
  `USER_MEASUR_ID_USERS` int(11) DEFAULT NULL,
  `USER_REDAC_ID_USERS` int(11) DEFAULT NULL
) ENGINE=InnoDB DEFAULT CHARSET=utf8;

--
-- Схема на данните от таблица `dobiv`
--

INSERT INTO `dobiv` (`ID_DOBIV`, `BASIC_VALUE`, `CODE_STANDART`, `DATE_CHIM_OPER`, `DATE_MEASUR`, `DATE_REDAC`, `DESCRIPTION`, `UNCERTAINTY`, `VALUE_RESULT`, `IZPITVAN_PRODUKT_ID_IZPITVAN_PRODUKT`, `METODY_ID_METODY`, `NUCLIDE_ID_NUCLIDE`, `TSI_ID_TSI`, `USER_CHIM_OPER_ID_USERS`, `USER_MEASUR_ID_USERS`, `USER_REDAC_ID_USERS`) VALUES
(3, '', 'H3-St2-050419', '05.04.2019', '09.04.2019', '09.04.2019', 'за сондажни кладенци  Р-3877', 0, -0.03, 4, 3, 47, 7, 9, 3, 3),
(4, '', 'H3-St1-050419', '05.04.2019', '05.04.2019', '09.04.2019', 'за газообразни и течни изхвърляния за м.март', 0, -0.32, 5, 3, 47, 7, 9, 3, 3),
(5, '', 'H3-St1-280219', '27.02.2019', '28.02.2019', '09.04.2019', 'за газообразни и течни изхвърляния за м.март', 0, -0.61, 5, 3, 47, 7, 5, 3, 3),
(6, '', 'H3-St1-150219', '14.02.2019', '15.02.2019', '09.04.2019', 'за сондажни кладенци', 0, -0.33, 4, 3, 47, 7, 9, 3, 3),
(7, '', 'H3-St-130219', '13.02.2019', '13.02.2019', '09.04.2019', 'за сондажни кладенци', 0, -1.01, 4, 3, 47, 7, 9, 3, 3),
(8, '', 'H3-St-040219', '04.02.2019', '04.02.2019', '09.04.2019', 'за газообразни и течни изхвърляния за м.януари', 0, -0.68, 4, 3, 47, 7, 9, 3, 3),
(9, '', 'H3-St-2901', '29.01.2019', '29.01.2019', '09.04.2019', 'за сондажни кладенци', 0, -7.05, 4, 3, 47, 7, 7, 3, 3),
(10, '', 'H3-St-2801', '28.01.2019', '28.01.2019', '09.04.2019', 'за сондажни кладенци', 0, -5.55, 4, 3, 47, 7, 7, 3, 3),
(11, '', 'H3-St-2401', '24.01.2019', '25.01.2019', '09.04.2019', 'за сондажни кладенци', 0, -2.94, 4, 3, 47, 7, 7, 3, 3),
(12, '', 'H3-St-220119', '22.01.2019', '22.01.2019', '09.04.2019', 'за сондажни кладенци', 0, -1.46, 4, 3, 47, 8, 5, 3, 3),
(13, '', 'H3-St-090119', '09.01.2019', '10.01.2019', '09.04.2019', 'за газообразни и течни изхвърляния за м.декември', 0, -8.39, 5, 3, 47, 7, 5, 3, 3),
(14, '', '3774-1', '', '', '10.04.2019', 'Пепел СПИ', 0, 81.32, 2, 1, 66, 6, 10, 3, 3),
(15, '', '3774-1', '', '', '10.04.2019', 'Пепел СПИ', 0, 53.83, 2, 1, 65, 9, 10, 3, 3),
(16, '', '3774-1', '', '', '10.04.2019', 'Пепел СПИ', 0, 45.33, 2, 1, 67, 9, 10, 3, 3),
(17, '', '3774-2', '', '', '10.04.2019', 'Пепел СПИ', 0, 75.34, 2, 1, 66, 6, 10, 3, 3),
(18, '', '3774-2', '', '', '10.04.2019', 'Пепел СПИ', 0, 24.97, 2, 1, 65, 9, 10, 3, 3),
(19, '', '3774-2', '', '', '10.04.2019', 'Пепел СПИ', 0, 53.1, 2, 1, 67, 9, 10, 3, 3),
(20, '', '3786-1', '', '', '10.04.2019', 'ВТ-1   IVтрим.', 0, 73.26, 5, 1, 66, 6, 7, 3, 3),
(21, '', '3786-1', '', '', '10.04.2019', 'ВТ-1   IVтрим.', 0, 70.54, 5, 1, 55, 6, 7, 3, 3),
(22, '', '3786-1', '', '', '10.04.2019', 'ВТ-1   IVтрим.', 0, 85.25, 5, 1, 50, 6, 7, 3, 3),
(23, '', '3786-2', '', '', '10.04.2019', 'ВТ-2   IVтрим.', 0, 77.08, 5, 1, 66, 6, 7, 3, 3),
(24, '', '3786-2', '', '', '10.04.2019', 'ВТ-2   IVтрим.', 0, 63.06, 5, 1, 55, 6, 7, 3, 3),
(25, '', '3786-2', '', '', '10.04.2019', 'ВТ-2   IVтрим.', 0, 85.25, 5, 1, 50, 6, 7, 3, 3),
(26, '', '3787-1', '', '', '10.04.2019', 'ВТ-ЦНРД   IVтрим.', 0, 77.08, 5, 1, 66, 6, 7, 3, 3),
(27, '', '3787-1', '', '', '10.04.2019', 'ВТ-ЦНРД   IVтрим.', 0, 63.06, 5, 1, 55, 6, 7, 3, 3),
(28, '', '3787-1', '', '', '10.04.2019', 'ВТ-ЦНРД   IVтрим.', 0, 85.25, 5, 1, 50, 6, 7, 3, 3),
(29, '', '3791-1', '08.02.2019', '12.02.2019', '10.04.2019', 'Пепел СПИ', 0, 71.41, 2, 1, 66, 5, 6, 3, 3),
(30, '', '3791-1', '08.02.2019', '12.02.2019', '10.04.2019', 'Пепел СПИ', 0, 51.88, 2, 1, 65, 6, 6, 3, 3),
(31, '', '3791-1', '08.02.2019', '12.02.2019', '10.04.2019', 'Пепел СПИ', 0, 70.33, 2, 1, 67, 6, 6, 3, 3),
(32, '', '3791-3', '08.02.2019', '12.02.2019', '10.04.2019', 'Пепел СПИ', 0, 67.12, 2, 1, 66, 6, 6, 3, 3),
(33, '', '3791-3', '08.02.2019', '12.02.2019', '10.04.2019', 'Пепел СПИ', 0, 63.9, 2, 1, 65, 6, 6, 3, 3),
(34, '', '3791-3', '08.02.2019', '12.02.2019', '10.04.2019', 'Пепел СПИ', 0, 46.57, 2, 1, 67, 6, 6, 3, 3),
(35, '', 'A1-NPL-2018', '', '', '10.04.2019', 'NPL-2018', 0, 90.05, 4, 1, 66, 6, 7, 3, 3),
(36, '', '3794-1', '', '', '10.04.2019', 'CK1-IV trim 2018', 0, 80.15, 3, 7, 66, 6, 7, 2, 3),
(37, '', '3794-1', '', '', '10.04.2019', 'CK1-IV trim 2018', 0, 80.21, 3, 7, 55, 6, 7, 2, 3),
(38, '', '3794-2', '', '', '10.04.2019', 'CK2-IV trim 2018', 0, 86.05, 3, 7, 66, 6, 7, 2, 3),
(39, '', '3794-2', '', '', '10.04.2019', 'CK2-IV trim 2018', 0, 87.12, 3, 7, 55, 6, 7, 2, 3),
(40, '', '3812-1', '', '', '10.04.2019', 'Шлам, СК1, БТВ1', 0, 86.37, 2, 7, 65, 6, 9, 2, 3),
(41, '', '3812-1', '', '', '10.04.2019', 'Шлам, СК1, БТВ1', 0, 76.06, 2, 7, 66, 6, 9, 2, 3),
(42, '', '3812-1', '', '', '10.04.2019', 'Шлам, СК1, БТВ1', 0, 83.9, 2, 7, 67, 6, 9, 2, 3),
(43, '', '3812-2', '', '', '10.04.2019', 'Шлам, СК1, БТВ2', 0, 86.75, 2, 7, 65, 6, 9, 2, 3),
(44, '', '3812-2', '', '', '10.04.2019', 'Шлам, СК1, БТВ2', 0, 99.81, 2, 7, 66, 6, 9, 2, 3),
(45, '', '3812-2', '', '', '10.04.2019', 'Шлам, СК1, БТВ2', 0, 90.96, 2, 7, 67, 6, 9, 2, 3),
(46, '', '3812-3', '', '', '10.04.2019', 'Шлам, СК1, БТВ3', 0, 75.65, 2, 7, 65, 6, 9, 2, 3),
(47, '', '3812-3', '', '', '10.04.2019', 'Шлам, СК1, БТВ3', 0, 68.22, 2, 7, 66, 6, 9, 2, 3),
(48, '', '3812-3', '', '', '10.04.2019', 'Шлам, СК1, БТВ3', 0, 87.85, 2, 7, 67, 6, 9, 2, 3),
(49, '', '3846-2', '', '', '10.04.2019', 'Шлам, СК1, 0ТВ1', 0, 86.51, 2, 7, 65, 6, 5, 3, 3),
(50, '', '3846-2', '', '', '10.04.2019', 'Шлам, СК1, 0ТВ1', 0, 86.37, 2, 7, 66, 6, 5, 3, 3),
(51, '', '3846-2', '', '', '10.04.2019', 'Шлам, СК1, 0ТВ1', 0, 89.61, 2, 7, 67, 6, 5, 3, 3),
(52, '', '3815-2', '', '', '10.04.2019', 'Шлам, СК2, БТВ2', 0, 86.87, 2, 7, 65, 6, 9, 2, 3),
(53, '', '3815-2', '', '', '10.04.2019', 'Шлам, СК2, БТВ2', 0, 85.09, 2, 7, 66, 5, 9, 2, 3),
(54, '', '3815-2', '', '', '10.04.2019', 'Шлам, СК2, БТВ2', 0, 94.01, 2, 7, 67, 6, 9, 2, 3),
(55, '', '3815-3', '', '', '10.04.2019', 'Шлам, СК2, БТВ3', 0, 83.93, 2, 7, 65, 6, 9, 2, 3),
(56, '', '3815-3', '', '', '10.04.2019', 'Шлам, СК2, БТВ3', 0, 69.13, 2, 7, 66, 5, 9, 2, 3),
(57, '', '3815-3', '', '', '10.04.2019', 'Шлам, СК2, БТВ3', 0, 90.37, 2, 7, 67, 6, 9, 2, 3),
(58, '', '3846-3', '', '', '10.04.2019', 'Шлам, СК1, ОТВ1', 0, 79.18, 4, 7, 65, 6, 5, 3, 3),
(59, '', '3846-3', '', '', '10.04.2019', 'Шлам, СК1, ОТВ1', 0, 73.81, 4, 7, 66, 6, 5, 3, 3),
(60, '', '3846-3', '', '', '10.04.2019', 'Шлам, СК1, ОТВ1', 0, 94.91, 4, 7, 67, 6, 5, 3, 3),
(61, '', '3846-3', '', '', '02.04.2019', 'Шлам,СК1, ОТВ1', 0, 0.05, 4, 7, 54, 6, 8, 8, 3),
(62, '', '3849-1', '', '', '10.04.2019', 'Шлам, СК2, ОТВ2', 0, 89.37, 2, 7, 65, 6, 5, 3, 3),
(63, '', '3849-1', '', '', '10.04.2019', 'Шлам, СК2, ОТВ2', 0, 75.57, 2, 7, 66, 5, 5, 3, 3),
(64, '', '3849-1', '', '', '10.04.2019', 'Шлам, СК2, ОТВ2', 0, 94.71, 2, 7, 67, 5, 5, 3, 3),
(65, '', '3849-2', '', '', '10.04.2019', 'Шлам, СК2, ОТВ2', 0, 89.37, 2, 7, 65, 6, 5, 3, 3),
(66, '', '3849-2', '', '', '10.04.2019', 'Шлам, СК2, ОТВ2', 0, 83.6, 2, 7, 66, 5, 5, 3, 3),
(67, '', '3849-2', '', '', '10.04.2019', 'Шлам, СК2, ОТВ2', 0, 85.76, 2, 7, 67, 5, 5, 3, 3),
(68, '', 'C14-St-070119', '', '', '10.04.2019', 'ВТ-1 и ВТ-2', 2.8, 88.4, 5, 13, 46, 8, 5, 2, 3),
(69, '', 'C14-St1-040219', '', '', '10.04.2019', 'ВТ-1 и ВТ-2', 2.56, 97.7, 5, 13, 46, 7, 9, 2, 3),
(70, '', 'C14-St1-050319', '', '', '10.04.2019', 'ВТ-1 и ВТ-2', 2.56, 96.36, 5, 13, 46, 7, 5, 3, 3),
(71, '', 'C14-St1-020419', '', '', '10.04.2019', 'ВТ-1 и ВТ-2', 2.56, 83.73, 5, 13, 46, 7, 9, 3, 3),
(72, '', 'St1-210119', '', '', '10.04.2019', 'CK-1 и 2- IV trim 2018 ,3795', 0, 81.19, 3, 15, 48, 8, 9, 2, 3),
(73, '', 'St1-210119', '', '', '10.04.2019', 'CK-1 и 2- IV trim 2018 ,3795', 0, 74.61, 3, 15, 49, 8, 9, 2, 3),
(74, '', 'St1-210119', '', '', '10.04.2019', 'CK-1 и 2- IV trim 2018 ,3795', 0, 82.41, 3, 15, 50, 8, 9, 2, 3),
(75, '', ' St-120219', '10.04.2019', '', '10.04.2019', 'БТВ, 3812-1,2,3', 0, 66.92, 2, 15, 48, 7, 8, 2, 3),
(76, '', ' St-120219', '', '', '10.04.2019', 'БТВ, 3812-1,2,3', 0, 88.54, 2, 15, 49, 7, 8, 2, 3),
(77, '', ' St-120219', '', '', '10.04.2019', 'БТВ, 3812-1,2,3', 0, 89.67, 2, 15, 60, 8, 8, 2, 3),
(78, '', ' St-120219', '', '', '10.04.2019', 'БТВ, 3812-1,2,3', 0, 90.28, 2, 15, 50, 7, 8, 2, 3),
(79, '', 'St-050319', '', '', '10.04.2019', 'БТВ, 3815-1,2,3', 0, 67.29, 2, 15, 48, 7, 8, 3, 3),
(80, '', 'St-050319', '', '', '10.04.2019', 'БТВ, 3815-1,2,3', 0, 85.59, 2, 15, 49, 7, 8, 3, 3),
(81, '', 'St-050319', '', '', '10.04.2019', 'БТВ, 3815-1,2,3', 0, 90.14, 2, 15, 60, 8, 8, 3, 3),
(82, '', 'St-050319', '', '', '10.04.2019', 'БТВ, 3815-1,2,3', 0, 90.65, 2, 15, 50, 7, 8, 3, 3),
(83, '', 'St-180319', '', '', '10.04.2019', 'OТВ, 3846-1,2,3', 0, 72.21, 2, 15, 48, 7, 8, 3, 3),
(84, '', 'St-180319', '', '', '10.04.2019', 'OТВ, 3846-1,2,3', 0, 74.51, 2, 15, 49, 7, 8, 3, 3),
(85, '', 'St-180319', '', '', '10.04.2019', 'OТВ, 3846-1,2,3', 0, 86.16, 2, 15, 60, 8, 8, 3, 3),
(86, '', 'St-180319', '', '', '10.04.2019', 'OТВ, 3846-1,2,3', 0, 89.25, 2, 15, 50, 7, 8, 3, 3),
(87, '', 'Tc-3813-1-Sp', '', '', '10.04.2019', 'СК 1, БТВ 1', 0, 84.76, 2, 12, 62, 8, 7, 2, 3),
(88, '', 'Tc-3813-2-Sp', '', '', '10.04.2019', 'СК 1, БТВ 2', 0, 84.76, 2, 12, 62, 8, 7, 2, 3),
(89, '', 'Tc-3813-3-Sp', '', '', '10.04.2019', 'СК 1, БТВ 3', 0, 85.39, 2, 12, 62, 8, 7, 2, 3),
(90, '', 'Tc-3816-3-Sp', '', '', '10.04.2019', 'СК 2, БТВ 3', 0, 83.18, 2, 12, 62, 8, 7, 3, 3),
(91, '', 'Tc-3816-2-Sp', '', '', '10.04.2019', 'СК 2, БТВ 2', 0, 81.52, 2, 12, 62, 8, 7, 3, 3),
(92, '', 'H3-St3-050419', '05.04.2019', '10.04.2019', '10.04.2019', 'за сондажни кладенци  Р-3879', 0, -1.01, 4, 3, 47, 7, 5, 3, 3),
(93, '', 'H3-St-100419', '10.04.2019', '12.04.2019', '12.04.2019', 'за сондажни кладенци  Р-3881', 0, -1.29, 4, 3, 47, 7, 8, 3, 3),
(94, '', 'H3-St-120419', '12.04.2019', '15.04.2019', '15.04.2019', 'за сондажни кладенци  Р-3879-13', 0, -4.29, 4, 3, 47, 7, 9, 3, 3),
(95, '', 'Am-3874-1', '11.04.2019', '22.04.2019', '07.05.2019', '', 5.31, 85.4, 3, 7, 66, 5, 9, 2, 2),
(96, '', '3874-1', '11.04.2019', '22.04.2019', '07.05.2019', '', 5.31, 85.4, 3, 7, 66, 5, 9, 2, 2),
(97, '', '3874-1', '11.04.2019', '30.04.2019', '07.05.2019', '', 0, 58.65, 3, 7, 55, 8, 9, 2, 2),
(98, '', '3874-2', '11.04.2019', '22.04.2019', '07.05.2019', '', 5.38, 79.25, 3, 7, 66, 5, 9, 2, 2),
(99, '', '3874-2', '11.04.2019', '30.04.2019', '07.05.2019', '', 0, 83.38, 3, 7, 55, 8, 9, 2, 2),
(100, '', 'H3-St-030519', '03.05.2019', '07.05.2019', '08.05.2019', '', 0, -5.38, 5, 3, 47, 8, 9, 2, 4),
(101, '', 'Ni-St1-220419', '22.04.2019', '03.05.2019', '13.05.2019', '', 0.0426, 78.05, 3, 15, 49, 7, 9, 2, 3),
(102, '', 'Fei-St1-220419', '22.04.2019', '03.05.2019', '13.05.2019', '', 0.0212, 79.73, 3, 15, 48, 8, 9, 2, 3),
(103, '', 'Fe-St1-220419', '22.04.2019', '03.05.2019', '13.05.2019', '', 0.0212, 79.73, 3, 15, 48, 8, 9, 2, 3),
(104, '', 'Sr-St1-220419', '22.04.2019', '07.05.2019', '13.05.2019', '', 0.0218, 57.02, 3, 15, 50, 8, 9, 2, 3),
(105, '', 'H3-St-130519', '13.05.2019', '15.05.2019', '15.05.2019', '', 0, -1.01, 4, 3, 47, 7, 7, 3, 3),
(106, '', 'H3-St1-130519', '13.05.2019', '16.05.2019', '16.05.2019', '', 0, -0.88, 4, 3, 47, 7, 7, 3, 3),
(107, '', 'H3-St -150519', '15.05.2019', '16.05.2019', '16.05.2019', '', 0, -2.34, 4, 3, 47, 7, 7, 3, 3),
(108, '', 'Sr-St-300519', '28.05.2019', '06.06.2019', '06.06.2019', 'за одит', 0, 75.72, 2, 1, 66, 6, 5, 3, 3),
(109, '', 'Sr-St-300519', '28.05.2019', '06.06.2019', '06.06.2019', 'за одит', 0, 77.14, 2, 1, 67, 6, 5, 3, 3),
(110, '', 'Sr-St-300519', '28.05.2019', '06.06.2019', '06.06.2019', 'за одит', 2.36, 91.67, 2, 1, 50, 8, 5, 3, 3),
(111, '', 'Sr-St-300519', '28.05.2019', '06.06.2019', '06.06.2019', 'за одит', 0, 75.72, 2, 1, 66, 6, 5, 3, 3),
(112, '', 'Sr-St-300519', '28.05.2019', '06.06.2019', '06.06.2019', 'за одит', 0, 77.14, 2, 1, 67, 6, 5, 3, 3),
(113, '', 'Sr-St-300519', '28.05.2019', '06.06.2019', '06.06.2019', 'за одит', 2.36, 91.67, 2, 1, 50, 8, 5, 3, 3),
(114, '', 'H3-St1-070619', '07.06.2019', '10.06.2019', '10.06.2019', 'сондажни кладенци м.юни 2019', 0, -5.56, 4, 3, 47, 8, 5, 3, 3),
(115, '', 'H3-St2-070619', '07.06.2019', '10.06.2019', '10.06.2019', 'за ВТ-1, ВТ-2 и СК-1', 0, -6.45, 5, 3, 47, 8, 5, 3, 3),
(116, '', 'H3-St2-070619', '07.06.2019', '10.06.2019', '10.06.2019', 'за ВТ-1, ВТ-2 и СК-1', 0, -6.45, 5, 3, 47, 8, 5, 3, 3),
(117, '', 'H3-St2- 110619', '11.06.2019', '12.06.2019', '12.06.2019', '', 0, -4.68, 3, 3, 47, 8, 5, 3, 4),
(118, '', 'Sr-St-300419', '30.04.2019', '17.05.2019', '13.06.2019', 'ВТ-1, ВТ-2 и ВТ-ЦНРД от I трим за 2019', 0, 76.67, 5, 1, 50, 8, 7, 2, 3),
(119, '', 'Sr-St-300419', '30.04.2019', '17.05.2019', '13.06.2019', 'ВТ-1, ВТ-2 и ВТ-ЦНРД от I трим за 2019', 0, 76.67, 5, 1, 50, 8, 7, 2, 3),
(120, '', '3872-1', '30.04.2019', '20.05.2019', '13.06.2019', 'ВТ-1', 0, 74.11, 5, 1, 66, 8, 7, 2, 3),
(121, '', '3872-1', '30.04.2019', '20.05.2019', '13.06.2019', 'ВТ-1', 0, 58.86, 5, 1, 55, 5, 7, 2, 3),
(122, '', '3872-2', '30.04.2019', '20.05.2019', '13.06.2019', 'ВТ-2', 0, 81.32, 5, 1, 66, 8, 7, 2, 3),
(123, '', '3872-2', '30.04.2019', '20.05.2019', '13.06.2019', 'ВТ-2', 0, 66.37, 5, 1, 55, 5, 7, 2, 3),
(124, '', '3873-1', '30.04.2019', '20.05.2019', '13.06.2019', 'ВТ-ЦНРД', 0, 77.48, 5, 1, 66, 8, 7, 2, 3),
(125, '', '3873-1', '30.04.2019', '31.05.2019', '13.06.2019', 'ВТ-ЦНРД', 0, 77.52, 5, 1, 55, 5, 7, 2, 3),
(126, '', 'C14-St1-120619', '12.06.2019', '17.06.2019', '17.06.2019', '', 0.0248, 90.05, 5, 13, 46, 8, 5, 3, 3);

-- --------------------------------------------------------

--
-- Структура на таблица `dopalniziskv`
--

CREATE TABLE `dopalniziskv` (
  `ID_DOPIZIS` int(11) NOT NULL,
  `NAME` varchar(255) DEFAULT NULL
) ENGINE=InnoDB DEFAULT CHARSET=utf8;

--
-- Схема на данните от таблица `dopalniziskv`
--

INSERT INTO `dopalniziskv` (`ID_DOPIZIS`, `NAME`) VALUES
(1, ''),
(2, 'Да се докладва МДА на 14С за всяка проба'),
(3, 'Да се докладва МДА на 3H за всяка от пробите'),
(4, 'Да се докладва МДА на 60Co и 137Cs за всяка от пробите');

-- --------------------------------------------------------

--
-- Структура на таблица `external_applicant`
--

CREATE TABLE `external_applicant` (
  `ID_EXTERNAL_APPLICANT` int(11) NOT NULL,
  `EXTERNAL_APPLICANT_ADDRESS` varchar(255) DEFAULT NULL,
  `EXTERNAL_APPLICANT_CONTRACT_NUMBER` varchar(255) DEFAULT NULL,
  `EXTERNAL_APPLICANT_NAME` varchar(255) DEFAULT NULL,
  `EXTERNAL_APPLICANT_TELEPHONE` varchar(255) DEFAULT NULL
) ENGINE=InnoDB DEFAULT CHARSET=utf8;

--
-- Схема на данните от таблица `external_applicant`
--

INSERT INTO `external_applicant` (`ID_EXTERNAL_APPLICANT`, `EXTERNAL_APPLICANT_ADDRESS`, `EXTERNAL_APPLICANT_CONTRACT_NUMBER`, `EXTERNAL_APPLICANT_NAME`, `EXTERNAL_APPLICANT_TELEPHONE`) VALUES
(1, 'няма информация', 'няма информация', 'няма информация', ''),
(6, '', '', 'ЦНРД', '88-88');

-- --------------------------------------------------------

--
-- Структура на таблица `extra_module`
--

CREATE TABLE `extra_module` (
  `ID_EXTRA_MODULE` int(11) NOT NULL,
  `ADDITIONAL_ARRANGEMENTS` varchar(255) DEFAULT NULL,
  `ADDITIONAL_REQUIREMENTS` varchar(255) DEFAULT NULL,
  `RETURN_SAMPLES` tinyint(1) DEFAULT '0',
  `APLICANT_ID_APLICANT` int(11) DEFAULT NULL,
  `EXTERNAL_APPLICANT_ID_EXTERNAL_APPLICANT` int(11) DEFAULT NULL,
  `INTERNAL_APPLICANT_ID_INTERNAL_APPLICANT` int(11) DEFAULT NULL,
  `DOPLIZIS_ID_DOPIZIS` int(11) DEFAULT NULL
) ENGINE=InnoDB DEFAULT CHARSET=utf8;

--
-- Схема на данните от таблица `extra_module`
--

INSERT INTO `extra_module` (`ID_EXTRA_MODULE`, `ADDITIONAL_ARRANGEMENTS`, `ADDITIONAL_REQUIREMENTS`, `RETURN_SAMPLES`, `APLICANT_ID_APLICANT`, `EXTERNAL_APPLICANT_ID_EXTERNAL_APPLICANT`, `INTERNAL_APPLICANT_ID_INTERNAL_APPLICANT`, `DOPLIZIS_ID_DOPIZIS`) VALUES
(30, '', '', 1, 3, NULL, 15, 1),
(31, '', '', 1, 1, NULL, 18, 1),
(32, '', '', 1, 2, NULL, 16, 1),
(33, '', '', 0, 2, NULL, 16, 1),
(34, '', 'Да се докладват съответните лимитни стойности от НРЗ от 20.02.2018', 0, 4, NULL, 19, 3),
(35, '', 'Да се докладват съответните лимитни стойности от НРЗ от 20.02.2018', 0, 5, NULL, 20, 3),
(36, '', '', 1, 2, NULL, 21, 1),
(37, '', '', 0, 6, NULL, 22, 1),
(38, '', '', 0, 7, NULL, 23, 1),
(39, '', '', 1, 5, NULL, NULL, 2),
(40, '', '', 1, 5, NULL, NULL, 3),
(41, '', 'Да се докладват съответните лимитни стойности от НРЗ от 20.02.2018', 1, NULL, NULL, 19, 3),
(42, '', 'Да се докладват съответните лимитни стойности от НРЗ от 20.02.2018', 1, NULL, NULL, 20, 3),
(43, '', '', 1, 9, NULL, 24, 1),
(44, '', '', 0, NULL, NULL, NULL, 1),
(45, '', '', 1, 8, NULL, 25, 1),
(46, '', '', 0, 8, NULL, 19, 4),
(47, '', '', 1, 10, NULL, 3, 1),
(48, '', '', 0, 8, NULL, 26, 1),
(49, '', '', 0, 8, NULL, NULL, 1),
(50, '', '', 1, 11, NULL, 25, 1),
(51, '', '', 1, 12, NULL, 25, 1),
(52, '', '', 0, 8, NULL, NULL, 2),
(53, '', '', 0, 8, NULL, NULL, 3),
(54, '', '', 0, 8, NULL, 16, 1),
(55, '', 'Да се докладват съответните лимитни стойности от НРЗ от 20.02.2018', 0, 8, NULL, 19, 3),
(56, '', 'Да се докладват съответните лимитни стойности от НРЗ от 20.02.2018', 1, 8, NULL, 19, 3),
(57, '', '', 1, 2, NULL, 3, 1),
(58, '', '', 0, 8, NULL, 25, 1),
(59, '', '', 1, 8, NULL, NULL, 1),
(60, '', '', 1, 8, NULL, 27, 1),
(61, '', 'Да се докладват съответните лимитни стойности от НРЗ от 20.02.2018', 0, 8, NULL, NULL, 3),
(62, '', '', 0, 8, NULL, NULL, 4),
(63, '', '', 1, 8, NULL, 7, 1);

-- --------------------------------------------------------

--
-- Структура на таблица `ind_num_doc`
--

CREATE TABLE `ind_num_doc` (
  `ID_IND_NUM_DOC` int(11) NOT NULL,
  `CONTENT` varchar(255) DEFAULT NULL,
  `NAME` varchar(255) DEFAULT NULL
) ENGINE=InnoDB DEFAULT CHARSET=utf8;

--
-- Схема на данните от таблица `ind_num_doc`
--

INSERT INTO `ind_num_doc` (`ID_IND_NUM_DOC`, `CONTENT`, `NAME`) VALUES
(1, '', ''),
(2, 'Охарактеризиране на шламове и утайки в СП,,ИЕ 1÷4 блок', 'ПП12-ИЕ.РНК.ПН.007/00'),
(3, 'Проект 5f. Осигуряване проследимост на пробите от БНС и БВС на СК-1 и СК-2', 'ОП08-ИЕ.ФХК.ПР.002/00'),
(4, 'Обем и организация на радиохимичния и технологичен контрол', 'ОП01-ИЕ.РНК.ИН.001/01'),
(5, 'Обем и организация на радиохимичния и технологичен контрол', 'ОП01-ИЕ.РНК.ИН.001/03');

-- --------------------------------------------------------

--
-- Структура на таблица `internal_applicant`
--

CREATE TABLE `internal_applicant` (
  `ID_INTERNAL_APPLICANT` int(11) NOT NULL,
  `INTERNAL_APPLICANT_ADDRESS` varchar(255) DEFAULT NULL,
  `INTERNAL_APPLICANT_ORGANIZATION` varchar(255) DEFAULT NULL,
  `INTERNAL_APPLICANT_TELEPHONE` varchar(255) DEFAULT NULL
) ENGINE=InnoDB DEFAULT CHARSET=utf8;

--
-- Схема на данните от таблица `internal_applicant`
--

INSERT INTO `internal_applicant` (`ID_INTERNAL_APPLICANT`, `INTERNAL_APPLICANT_ADDRESS`, `INTERNAL_APPLICANT_ORGANIZATION`, `INTERNAL_APPLICANT_TELEPHONE`) VALUES
(1, 'няма информация', 'няма информация', 'няма информация'),
(2, 'гр.Колодуй', 'Държавно предприятие “Радиоактивни отпадъци', '67-90'),
(3, 'гр.Колодуй', 'с-р ОРДК', '67-90'),
(4, 'гр.Колодуй', 'с-р РХ1', '20-24'),
(5, '', 'ЦНРД', '77-77'),
(6, '', 'УМО', '77-44'),
(7, '', 'ЦНРД', '88-88'),
(8, '', 'ЦНРД', '88-99'),
(9, '', 'с-р „Дезактивация”', ''),
(14, '', 'с-р ОРДК', ''),
(15, '', 'Сектор „Дезактивация”', ''),
(16, '', 'с-р ОРДК', '23-46'),
(18, '', 'tt', '11'),
(19, 'гр. Козлодуй', 'СП \"РАО\" - Козлодуй', ''),
(20, 'гр. Козлодуй', 'СП \"ИЕ 1-4 блок\" Козлодуй', ''),
(21, '', 'с-р ОРДК', '35-24'),
(22, '', 'Направление ИО', '25-94'),
(23, '', 'сектор ПИ', ''),
(24, '', 'Сектор „Дезактивация”', '29-77'),
(25, '', 'н-е УМО, цех ЦНРД', ''),
(26, '', 'отдел „КБ”, сектор „ОРДК”', ''),
(27, '', 'н-е ИО', '');

-- --------------------------------------------------------

--
-- Структура на таблица `izpitvanpokazatel`
--

CREATE TABLE `izpitvanpokazatel` (
  `ID_POKAZATEL` int(11) NOT NULL,
  `METODY_ID_METODY` int(11) DEFAULT NULL,
  `POKAZATEL_ID_POKAZATEL` int(11) DEFAULT NULL,
  `REQUEST_ID_RECUEST` int(11) DEFAULT NULL
) ENGINE=InnoDB DEFAULT CHARSET=utf8;

--
-- Схема на данните от таблица `izpitvanpokazatel`
--

INSERT INTO `izpitvanpokazatel` (`ID_POKAZATEL`, `METODY_ID_METODY`, `POKAZATEL_ID_POKAZATEL`, `REQUEST_ID_RECUEST`) VALUES
(3, 13, 7, 3),
(4, 13, 7, 4),
(5, 9, 1, 5),
(6, 9, 1, 6),
(7, 9, 1, 7),
(8, 9, 1, 8),
(9, 9, 1, 9),
(10, 3, 8, 11),
(11, 3, 8, 12),
(12, 9, 1, 13),
(13, 9, 1, 14),
(14, 3, 8, 15),
(15, 15, 3, 16),
(16, 15, 4, 16),
(17, 15, 5, 16),
(18, 15, 3, 17),
(19, 15, 4, 17),
(20, 15, 5, 17),
(21, 7, 2, 18),
(22, 7, 2, 19),
(24, 1, 2, 22),
(25, 3, 8, 23),
(26, 9, 1, 24),
(27, 1, 2, 25),
(28, 3, 8, 26),
(30, 9, 1, 27),
(33, 9, 1, 28),
(35, 13, 7, 29),
(37, 13, 7, 30),
(56, 3, 8, 31),
(60, 3, 8, 32),
(68, 9, 1, 33),
(112, 9, 1, 34),
(115, 9, 1, 35),
(137, 9, 1, 36),
(147, 9, 1, 37),
(150, 9, 1, 38),
(153, 9, 1, 40),
(156, 9, 1, 41),
(159, 9, 1, 42),
(163, 3, 8, 43),
(193, 3, 8, 62),
(199, 3, 8, 63),
(203, 3, 8, 64),
(207, 9, 1, 65),
(212, 9, 1, 66),
(216, 9, 1, 67),
(219, 13, 7, 68),
(222, 13, 7, 69),
(225, 9, 1, 70),
(228, 3, 8, 71),
(231, 3, 8, 72),
(235, 9, 1, 73),
(241, 15, 5, 74),
(244, 9, 1, 75),
(246, 15, 5, 76),
(256, 9, 1, 83),
(259, 9, 1, 84),
(261, 9, 1, 85),
(263, 9, 1, 88),
(264, 3, 8, 89),
(265, 13, 7, 90),
(266, 9, 1, 91),
(267, 9, 1, 92),
(269, 9, 1, 94),
(270, NULL, 2, 95),
(271, NULL, 5, 95),
(272, NULL, 2, 96),
(273, 15, 3, 97),
(274, 15, 4, 97),
(275, 15, 5, 97),
(276, 3, 8, 98),
(277, 3, 8, 99),
(278, 3, 8, 100),
(279, 3, 8, 101),
(280, 3, 8, 102),
(281, 3, 8, 103),
(282, 1, 2, 104),
(283, 1, 5, 104),
(284, NULL, 1, 105),
(285, 3, 8, 106),
(286, 3, 8, 107),
(287, 13, 7, 108),
(288, 9, 1, 109),
(289, 9, 1, 110),
(290, 9, 1, 111),
(291, 9, 1, 112),
(292, 9, 1, 113),
(293, 3, 8, 114),
(294, 13, 7, 115),
(295, 9, 1, 116),
(296, 3, 8, 117),
(297, NULL, 1, 118),
(298, NULL, 2, 118),
(299, NULL, 3, 118),
(300, NULL, 4, 118),
(301, NULL, 5, 118),
(302, NULL, 6, 118),
(303, NULL, 10, 119),
(304, NULL, 7, 120),
(305, NULL, 8, 120),
(306, NULL, 9, 120),
(307, NULL, 1, 121),
(308, NULL, 1, 122),
(309, 1, 2, 123),
(310, 3, 8, 124),
(311, 3, 8, 125),
(316, 9, 1, 130),
(317, 9, 1, 131),
(318, 9, 1, 132),
(319, 9, 1, 133),
(320, 9, 1, 134),
(321, 9, 1, 135),
(322, 9, 1, 136),
(323, 9, 1, 137),
(324, 9, 1, 138),
(325, 9, 1, 139),
(326, 9, 1, 140),
(327, 9, 1, 141),
(328, 9, 1, 142),
(329, 9, 1, 143),
(330, 9, 1, 144),
(331, 9, 1, 145),
(332, 13, 7, 146),
(333, 9, 1, 147),
(334, 3, 8, 148),
(335, 3, 8, 149),
(336, 9, 1, 150),
(337, 9, 1, 151),
(338, 1, 2, 152),
(339, NULL, 5, 152),
(340, 1, 2, 153),
(341, NULL, 5, 153),
(342, 7, 2, 154),
(343, 15, 3, 155),
(344, 15, 4, 155),
(345, 15, 5, 155),
(346, 9, 1, 157),
(347, 3, 8, 158),
(348, 9, 1, 159),
(349, 3, 8, 160),
(350, 3, 8, 161),
(351, 9, 1, 162),
(352, 9, 1, 163),
(353, 9, 1, 164),
(354, 9, 1, 165),
(355, 9, 1, 167),
(356, 9, 1, 168),
(357, 9, 1, 169),
(358, 9, 1, 170),
(359, 9, 1, 171),
(360, 9, 1, 172),
(361, 9, 1, 173),
(362, 9, 1, 174),
(363, NULL, 7, 175),
(364, 3, 8, 176),
(365, 3, 8, 177),
(366, 9, 1, 178),
(367, 3, 8, 179),
(368, 3, 8, 180),
(369, 9, 1, 181),
(370, 3, 8, 182),
(371, 9, 1, 183),
(372, 9, 1, 184),
(373, 9, 1, 185),
(374, 9, 1, 186),
(375, 9, 1, 187),
(376, 3, 8, 188),
(377, 3, 8, 189),
(378, 13, 7, 190),
(379, 3, 8, 191),
(380, 9, 1, 192),
(381, 9, 1, 193),
(382, 9, 1, 194),
(383, 9, 1, 195),
(384, 9, 1, 196),
(385, 9, 1, 197),
(386, 9, 1, 198),
(387, 9, 1, 199),
(388, NULL, 1, 200),
(389, 9, 1, 201),
(390, NULL, 1, 202),
(391, NULL, 1, 203);

-- --------------------------------------------------------

--
-- Структура на таблица `izpitvan_produkt`
--

CREATE TABLE `izpitvan_produkt` (
  `ID_IZPITVAN_PRODUKT` int(11) NOT NULL,
  `NAME` varchar(255) DEFAULT NULL
) ENGINE=InnoDB DEFAULT CHARSET=utf8;

--
-- Схема на данните от таблица `izpitvan_produkt`
--

INSERT INTO `izpitvan_produkt` (`ID_IZPITVAN_PRODUKT`, `NAME`) VALUES
(1, 'Строителен материал'),
(2, 'Технологичен отпадък'),
(3, 'Течни изхвърляния'),
(4, 'Вода'),
(5, 'Газообразни изхвърляния'),
(6, 'Въздух'),
(7, 'Почва'),
(8, 'Технологичен материал'),
(9, ''),
(10, 'Вода за м.април'),
(11, 'Вода за м.май');

-- --------------------------------------------------------

--
-- Структура на таблица `list_izpitvan_pokazatel`
--

CREATE TABLE `list_izpitvan_pokazatel` (
  `ID_POKAZATEL` int(11) NOT NULL,
  `NAME` varchar(255) DEFAULT NULL
) ENGINE=InnoDB DEFAULT CHARSET=utf8;

--
-- Схема на данните от таблица `list_izpitvan_pokazatel`
--

INSERT INTO `list_izpitvan_pokazatel` (`ID_POKAZATEL`, `NAME`) VALUES
(1, 'Съдържание на гама-излъчващи радионуклиди'),
(2, 'Съдържание на алфа-излъчващи радионуклиди'),
(3, 'Съдържание на 55Fe'),
(4, 'Съдържание на 63Ni'),
(5, 'Съдържание на 90Sr'),
(6, 'Съдържание на 241Pu'),
(7, 'Съдържание на 14С'),
(8, 'Съдържание на 3H'),
(9, 'Съдържание на 129I'),
(10, 'Съдържание на 99Tc'),
(11, '');

-- --------------------------------------------------------

--
-- Структура на таблица `metody`
--

CREATE TABLE `metody` (
  `ID_METODY` int(11) NOT NULL,
  `CODE` varchar(255) DEFAULT NULL,
  `NAME` varchar(255) DEFAULT NULL,
  `inAcredit` tinyint(1) DEFAULT '1',
  `acting` tinyint(1) DEFAULT '1'
) ENGINE=InnoDB DEFAULT CHARSET=utf8;

--
-- Схема на данните от таблица `metody`
--

INSERT INTO `metody` (`ID_METODY`, `CODE`, `NAME`, `inAcredit`, `acting`) VALUES
(1, 'М.ЛИ-РХ-01 Редакция 02/2014', 'Определяне на съдържанието на алфа-излъчващи радионуклиди и 89/90Sr във води и горими материали', 1, 1),
(2, 'М.ЛИ-РХ-01 Редакция 03/2018', 'Определяне на съдържанието на алфа-излъчващи радионуклиди и 89/90Sr в различни матрици', 1, 1),
(3, 'M.ЛИ-РХ-03 Редакция 02/2014', 'Определяне на съдържанието на тритий във води', 1, 1),
(4, 'М.ЛИ-РХ-03 Редакция 04/2018', 'Определяне на съдържанието на тритий във води', 0, 1),
(6, 'M.ЛИ-РХ-07 Редакция 02/2014', 'Определяне на съдържанието на 241Pu след алфа-спектрометрия', 1, 1),
(7, 'M.ЛИ-РХ-08 Редакция 02/2014', 'Определяне на съдържанието на алфа-излъчващи радионуклиди в различни матрици', 1, 1),
(9, 'М.ЛИ-РХ-10 Редакция 02/2014', 'Определяне на съдържанието на гама-излъчващи радионуклиди', 1, 1),
(10, 'М.ЛИ-РХ-12 Редакция 01/2013', 'Определяне на съдържанието на 129І и 55Fe чрез нискоенергийна гама-спектрометрия', 0, 1),
(12, 'М.ЛИ-РХ-14 Редакция 03/2016', ' Определяне на съдържанието на 99Tс в различни матрици', 1, 1),
(13, 'М.ЛИ-РХ-15 Редакция 02/2014', 'Определяне на съдържанието на 14С в различни матрици', 1, 1),
(14, 'М.ЛИ-РХ-15 Редакция 04/2018', 'Определяне на съдържанието на 14С в различни матрици', 0, 1),
(15, 'M.ЛИ-РХ-16 Редакция 03/2014', 'Определяне на съдържанието на 55Fe, 63Ni, 89/90Sr и 241Pu в различни матрици', 1, 1);

-- --------------------------------------------------------

--
-- Структура на таблица `metody_to_niclidefordobive`
--

CREATE TABLE `metody_to_niclidefordobive` (
  `ID_METODY_TO_NICLIDEFORDOBIVE` int(11) NOT NULL,
  `METODY_ID_METODY` int(11) DEFAULT NULL,
  `NUCLIDE_ID_NUCLIDE` int(11) DEFAULT NULL
) ENGINE=InnoDB DEFAULT CHARSET=utf8;

--
-- Схема на данните от таблица `metody_to_niclidefordobive`
--

INSERT INTO `metody_to_niclidefordobive` (`ID_METODY_TO_NICLIDEFORDOBIVE`, `METODY_ID_METODY`, `NUCLIDE_ID_NUCLIDE`) VALUES
(1, 1, 66),
(2, 1, 65),
(3, 1, 67),
(4, 3, 47),
(5, 1, 55),
(6, 7, 65),
(7, 7, 66),
(8, 7, 67),
(9, 7, 55),
(10, 10, 63),
(11, 10, 48),
(12, 12, 62),
(13, 13, 46),
(14, 14, 46),
(15, 15, 48),
(16, 15, 49),
(17, 15, 60),
(18, 15, 50),
(19, 6, 60),
(20, 1, 50),
(21, 4, 47);

-- --------------------------------------------------------

--
-- Структура на таблица `metody_to_pokazatel`
--

CREATE TABLE `metody_to_pokazatel` (
  `ID_METODY_TO_POKAZATEL` int(11) NOT NULL,
  `METODY_ID_METODY` int(11) DEFAULT NULL,
  `POKAZATEL_ID_POKAZATEL` int(11) DEFAULT NULL
) ENGINE=InnoDB DEFAULT CHARSET=utf8;

--
-- Схема на данните от таблица `metody_to_pokazatel`
--

INSERT INTO `metody_to_pokazatel` (`ID_METODY_TO_POKAZATEL`, `METODY_ID_METODY`, `POKAZATEL_ID_POKAZATEL`) VALUES
(1, 7, 2),
(2, 15, 3),
(3, 15, 4),
(4, 1, 5),
(5, 15, 5),
(6, 6, 6),
(7, 15, 6),
(8, 13, 7),
(9, 3, 8),
(10, 10, 9),
(11, 12, 10),
(12, 1, 2),
(13, 9, 1),
(14, 4, 8);

-- --------------------------------------------------------

--
-- Структура на таблица `naredbi`
--

CREATE TABLE `naredbi` (
  `ID_NAREDBI` int(11) NOT NULL,
  `NAME_PROTOKOL` varchar(255) DEFAULT NULL,
  `NAME_REQUEST` varchar(255) DEFAULT NULL,
  `RAZMERNOST_ID_RAZMERNOSTI` int(11) DEFAULT NULL
) ENGINE=InnoDB DEFAULT CHARSET=utf8;

--
-- Схема на данните от таблица `naredbi`
--

INSERT INTO `naredbi` (`ID_NAREDBI`, `NAME_PROTOKOL`, `NAME_REQUEST`, `RAZMERNOST_ID_RAZMERNOSTI`) VALUES
(1, '', '', 1),
(2, 'Наредба за радиационна защита, обн., ДВ, бр. 16 от 20.02.2018 г., Приложение № 2, Таблица № 5', 'Да се докладват съответните лимитни стойности от НРЗ от 20.02.2018', 4);

-- --------------------------------------------------------

--
-- Структура на таблица `normi`
--

CREATE TABLE `normi` (
  `ID_NORMI` int(11) NOT NULL,
  `VALUE_NORMA` double DEFAULT NULL,
  `NAREDBI_ID_NAREDBI` int(11) DEFAULT NULL,
  `NUCLIDE_ID_NUCLIDE` int(11) DEFAULT NULL
) ENGINE=InnoDB DEFAULT CHARSET=utf8;

--
-- Схема на данните от таблица `normi`
--

INSERT INTO `normi` (`ID_NORMI`, `VALUE_NORMA`, `NAREDBI_ID_NAREDBI`, `NUCLIDE_ID_NUCLIDE`) VALUES
(1, 7600, 2, 47),
(2, 14, 2, 6),
(3, 40, 2, 17),
(4, 11, 2, 31),
(5, 14, 2, 9);

-- --------------------------------------------------------

--
-- Структура на таблица `nuclide`
--

CREATE TABLE `nuclide` (
  `ID_NUCLIDE` int(11) NOT NULL,
  `FAVORITE` tinyint(1) DEFAULT '0',
  `GENESIS` char(1) DEFAULT NULL,
  `HALF_LIFE` double DEFAULT NULL,
  `NAME_BG` varchar(255) DEFAULT NULL,
  `NAME_EN` varchar(255) DEFAULT NULL,
  `SYMBOL` varchar(255) DEFAULT NULL
) ENGINE=InnoDB DEFAULT CHARSET=utf8;

--
-- Схема на данните от таблица `nuclide`
--

INSERT INTO `nuclide` (`ID_NUCLIDE`, `FAVORITE`, `GENESIS`, `HALF_LIFE`, `NAME_BG`, `NAME_EN`, `SYMBOL`) VALUES
(1, 0, 't', 4598000, 'Берилий', 'Beryllium', '7Be'),
(2, 0, 't', 82140000, 'Натрий', 'Natrium', '22Na'),
(3, 0, 't', 3.946e16, 'Калий', 'Kalium', '40K'),
(4, 0, 't', 2394000, 'Хром', 'Chromium', '51Cr'),
(5, 1, 't', 26970000, 'Манган', 'Manganum', '54Mn'),
(6, 0, 't', 23480000, 'Кобалт', 'Cobaltum', '57Co'),
(7, 0, 't', 6120000, 'Кобалт', 'Cobaltum', '58Co'),
(8, 0, 't', 3844000, 'Желязо', 'Ferrum', '59Fe'),
(9, 1, 't', 166300000, 'Кобалт', 'Cobaltum', '60Co'),
(10, 0, 't', 21080000, 'Цинк', 'Zincum', '65Zn'),
(11, 0, 't', 10350000, 'Селен', 'Selenium', '75Se'),
(12, 0, 't', 339300000, 'Криптон', 'Krypton', '85Kr'),
(13, 0, 't', 5603000, 'Стронций', 'Strontium', '85Sr'),
(14, 0, 't', 9213000, 'Итрий', 'Yttrium', '88Y'),
(15, 0, 't', 1.104e15, 'Ниобий', 'Niobium', '92Nb'),
(16, 0, 't', 877000, 'Ниобий', 'Niobium', '92mNb'),
(17, 0, 't', 631100000000, 'Ниобий', 'Niobium', '94Nb'),
(18, 0, 't', 3023000, 'Ниобий', 'Niobium', '95Nb'),
(19, 0, 't', 5532000, 'Цирконий', 'Zirconium', '95Zr'),
(20, 0, 't', 3392000, 'Рутений', 'Ruthenium', '103Ru'),
(21, 0, 't', 32190000, 'Рутений', 'Ruthenium', '106Ru'),
(22, 0, 't', 13820000000, 'Сребро', 'Argentum', '108mAg'),
(23, 0, 't', 39910000, 'Кадмий', 'Cadmium', '109Cd'),
(24, 1, 't', 21580000, 'Сребро', 'Argentum', '110mAg'),
(25, 0, 't', 9944000, 'Калай', 'Stannum', '113Sn'),
(26, 0, 't', 5202000, 'Антимон', 'Stibium', '124Sb'),
(27, 0, 't', 87050000, 'Антимон', 'Stibium', '125Sb'),
(28, 0, 't', 693200, 'Йод', 'Iodum', '131I'),
(29, 0, 't', 332600000, 'Барий', 'Barium', '133Ba'),
(30, 1, 't', 65170000, 'Цезий', 'Caesium', '134Cs'),
(31, 1, 't', 948300000, 'Цезий', 'Caesium', '137Cs'),
(32, 0, 't', 11890000, 'Церий', 'Cerium', '139Ce'),
(33, 0, 't', 1102000, 'Барий', 'Barium', '140Ba'),
(34, 0, 't', 2808000, 'Церий', 'Cerium', '141Ce'),
(35, 0, 't', 24610000, 'Церий', 'Cerium', '144Ce'),
(36, 0, 't', 426700000, 'Европий', 'Europium', '152Eu'),
(37, 0, 't', 271400000, 'Европий', 'Europium', '154Eu'),
(38, 0, 't', 150000000, 'Европий', 'Europium', '155Eu'),
(39, 0, 't', 37870000000, 'Холмий', 'Holmium', '166mHo'),
(40, 0, 't', 9902000, 'Тантал', 'Tantalum', '182Ta182'),
(41, 0, 't', 6379000, 'Иридий', 'Iridium', '192Ir'),
(42, 0, 't', 4026000, 'Живак', 'Hydrargyrum', '203Hg'),
(43, 0, 't', 701500000, 'Олово', 'Plumbum', '210Pb'),
(44, 0, 't', 203600, 'Нептуний', 'Neptunium', '239Np'),
(45, 1, 't', 13650000000, 'Америций', 'Americium', '241Am'),
(46, 1, '-', 0, '-', '-', '14С'),
(47, 1, '-', 0, '-', '-', '3H'),
(48, 1, '-', 0, '-', '-', '55Fe'),
(49, 1, '-', 0, '-', '-', '63Ni'),
(50, 1, '-', 0, '-', '-', '90Sr'),
(51, 1, '-', 0, '-', '-', '238Pu'),
(52, 1, '-', 0, '-', '-', '239/240Pu'),
(53, 1, '-', 0, '-', '-', '242Cm'),
(54, 1, '-', 0, '-', '-', '243/244Cm'),
(55, 1, '-', 0, '-', '-', '242Pu'),
(56, 1, '-', 0, '-', '-', '238U'),
(57, 1, '-', 0, '-', '-', '233U'),
(58, 1, '-', 0, '-', '-', '234U'),
(59, 1, '-', 0, '-', '-', '235U'),
(60, 1, '-', 0, '-', '-', '241Pu'),
(62, 1, '-', 0, '-', '-', '99Tc'),
(63, 1, '-', 0, '-', '-', '129I'),
(64, 1, '-', 0, '-', '-', '89Sr'),
(65, 0, '-', 0, '-', '-', '232U'),
(66, 0, '-', 0, '-', '-', '243Am'),
(67, 0, '-', 0, '-', '-', '236Pu');

-- --------------------------------------------------------

--
-- Структура на таблица `nuclide_to_pokazatel`
--

CREATE TABLE `nuclide_to_pokazatel` (
  `ID_NUCLIDE_TO_POKAZATEL` int(11) NOT NULL,
  `NUCLIDE_ID_NUCLIDE` int(11) DEFAULT NULL,
  `POKAZATEL_ID_POKAZATEL` int(11) DEFAULT NULL
) ENGINE=InnoDB DEFAULT CHARSET=utf8;

--
-- Схема на данните от таблица `nuclide_to_pokazatel`
--

INSERT INTO `nuclide_to_pokazatel` (`ID_NUCLIDE_TO_POKAZATEL`, `NUCLIDE_ID_NUCLIDE`, `POKAZATEL_ID_POKAZATEL`) VALUES
(1, 48, 3),
(2, 49, 4),
(3, 50, 5),
(4, 60, 6),
(5, 46, 7),
(6, 47, 8),
(7, 63, 9),
(8, 62, 10),
(9, 51, 2),
(10, 52, 2),
(11, 53, 2),
(12, 54, 2),
(13, 55, 2),
(14, 56, 2),
(15, 57, 2),
(16, 58, 2),
(17, 59, 2),
(18, 1, 1),
(19, 2, 1),
(20, 3, 1),
(21, 4, 1),
(22, 5, 1),
(23, 6, 1),
(24, 7, 1),
(25, 8, 1),
(26, 9, 1),
(27, 10, 1),
(28, 11, 1),
(29, 12, 1),
(30, 13, 1),
(31, 14, 1),
(32, 15, 1),
(33, 16, 1),
(34, 17, 1),
(35, 18, 1),
(36, 19, 1),
(37, 20, 1),
(38, 21, 1),
(39, 22, 1),
(40, 23, 1),
(41, 24, 1),
(42, 25, 1),
(43, 26, 1),
(44, 27, 1),
(45, 28, 1),
(46, 29, 1),
(47, 30, 1),
(48, 31, 1),
(49, 32, 1),
(50, 33, 1),
(51, 34, 1),
(52, 35, 1),
(53, 36, 1),
(54, 37, 1),
(55, 38, 1),
(56, 39, 1),
(57, 40, 1),
(58, 41, 1),
(59, 42, 1),
(60, 43, 1),
(61, 44, 1),
(62, 45, 1),
(63, 45, 2),
(64, 50, 2),
(65, 64, 5);

-- --------------------------------------------------------

--
-- Структура на таблица `obekt_na_izpitvane_request`
--

CREATE TABLE `obekt_na_izpitvane_request` (
  `ID_OBEKT_NA_IZPITVANE` int(11) NOT NULL,
  `NAME` varchar(255) DEFAULT NULL,
  `Simple_Name` varchar(255) DEFAULT ''
) ENGINE=InnoDB DEFAULT CHARSET=utf8;

--
-- Схема на данните от таблица `obekt_na_izpitvane_request`
--

INSERT INTO `obekt_na_izpitvane_request` (`ID_OBEKT_NA_IZPITVANE`, `NAME`, `Simple_Name`) VALUES
(1, 'Вентилационна тръба-1 и Вентилационна тръба-2', ''),
(2, 'Спецкорпус-1 и Спецкорпус-2', ''),
(6, 'БВС-1', ''),
(7, 'БВС-2', ''),
(8, 'Вентилационна тръба-1', ''),
(9, 'Вентилационна тръба-2', ''),
(10, 'Тръбопроводи и задвижки ПВ от ДВН 7', ''),
(11, 'Тръбопроводи и задвижки ВТК и ОК от ДВН 7', ''),
(12, 'Ревизионни шахти от района на блокове 1÷4', ''),
(13, 'Спецкорпус - 2', ''),
(14, 'Бак 4 и 5 (Изход 2)', ''),
(15, 'Спецкорпус-2', ''),
(16, 'Спецкорпус-1', ''),
(17, 'Помещения: A 301/1, A 301/2, A 301/3, A 301/4', ''),
(18, 'Тръбопроводи ДВН-7', ''),
(19, 'Корпус ДВН-7', ''),
(20, 'ДСШ на ТГ 1÷8 на блокове 1 ÷ 4', ''),
(21, 'ДВН-8 и прилежащи тръбопроводи', ''),
(22, 'Дренажна система, кота 14.70', ''),
(23, 'Тръбопроводи от СПП, ТГ-6', ''),
(24, 'Плоча на турбофундамент на ТГ-7', ''),
(25, 'Резервоар за дъждовна вода, СК-1', ''),
(26, 'МЗ, ТГ-7', ''),
(35, 'Спецкорпус-1, Спецкорпус-2, Бак 4 и 5', ''),
(51, 'Спецкорпус-1, Бак 4 и 5 (Изход 2)', ''),
(107, 'Спецкорпус-1, Спецкорпус-2 и БАК 4 и 5', ''),
(114, 'Сондажни кладенци около цех РАО     ', ''),
(115, 'Резервоар 03D-SS02T02, ЦНРД', ''),
(118, 'Резервоар 03D-SS02T01, ЦНРД', ''),
(121, 'Вентилационна тръба на ЦНРД', ''),
(130, 'СПИ', ''),
(170, 'Сондажни кладенци от територията на СП \"РАО\"    ', ''),
(171, 'Сондажни кладенци от територията на СП \"ИЕ 1-4 блок\"  ', ''),
(172, 'Сондажни кладенци около хранилище за РАО', ''),
(173, 'Сондажни кладенци около площадка за временно съхранение на РАО и ХЗЗМ  ', ''),
(174, 'СК-1 - БТВ-1 ,БТВ-2 ,БТВ-3 ', ''),
(175, 'Очистваща система на СПИ', ''),
(176, 'Блок 1, пом 301/1 вторични РАО', ''),
(177, 'Вторичен кондензат на ТГ-7 и 8', ''),
(178, 'ГПК  ТГ-7', ''),
(179, 'ТГ-7', ''),
(181, 'Тръбопроводи ПВ кота - 3.60, ТГ4', ''),
(182, 'ТГ3,  кота - 3.60', ''),
(183, 'ТГ2,  кота - 3.60', ''),
(186, 'Резервоар 03D-SS02T02 и 03D-SS02T02, ЦНРД', NULL),
(187, 'Резервоар 03D-SS02T03, ЦНРД', NULL),
(188, 'Вана за дезактивация № DL34B01', NULL),
(189, 'ТГ-1', NULL);

-- --------------------------------------------------------

--
-- Структура на таблица `obekt_na_izpitvane_sample`
--

CREATE TABLE `obekt_na_izpitvane_sample` (
  `ID_OBEKT_NA_IZPITVANE` int(11) NOT NULL,
  `NAME` varchar(255) DEFAULT NULL,
  `OBECT_IZPITVANE_REQUEST_ID_OBEKT_NA_IZPITVANE` int(11) DEFAULT NULL
) ENGINE=InnoDB DEFAULT CHARSET=utf8;

--
-- Схема на данните от таблица `obekt_na_izpitvane_sample`
--

INSERT INTO `obekt_na_izpitvane_sample` (`ID_OBEKT_NA_IZPITVANE`, `NAME`, `OBECT_IZPITVANE_REQUEST_ID_OBEKT_NA_IZPITVANE`) VALUES
(1, 'Вентилационна тръба-1', NULL),
(2, 'Вентилационна тръба-2', NULL),
(3, 'Спецкорпус-1', NULL),
(4, 'Спецкорпус-2', NULL),
(5, 'БАК 1и2', NULL),
(6, '', NULL),
(7, 'Тръбопроводи и задвижки ПВ от ДВН 7', NULL),
(8, 'Тръбопроводи и задвижки ВТК и ОК от ДВН 7', NULL),
(10, 'Спецкорпус - 2', NULL),
(11, 'Бак 4 и 5 (Изход 2)', NULL),
(12, 'Спецкорпус-2', NULL),
(13, 'Спецкорпус-1', NULL),
(14, 'Тръбопроводи ДВН-7', NULL),
(15, 'Корпус ДВН-7', NULL),
(17, 'ДВН-8 и прилежащи тръбопроводи', NULL),
(18, 'Дренажна система, кота 14.70', NULL),
(19, 'Тръбопроводи от СПП, ТГ-6', NULL),
(20, 'Плоча на турбофундамент на ТГ-7', NULL),
(21, 'Резервоар за дъждовна вода, СК-1', NULL),
(22, 'МЗ, ТГ-7', NULL),
(62, 'БТВ-1 , СК-1', NULL),
(63, 'БТВ-2 , СК-1', NULL),
(65, 'БТВ-3 , СК-1', NULL),
(107, '03D-SS02T02, ЦНРД', NULL),
(110, '03D-SS02T01, ЦНРД', NULL),
(113, 'Вентилационна тръба на ЦНРД', NULL),
(127, 'РШ-1', NULL),
(128, 'РШ-90', NULL),
(129, 'РШ-156', NULL),
(130, 'РШ-165', NULL),
(131, 'РШ-171', NULL),
(132, 'РШ-118', NULL),
(133, 'КШ-18/2', NULL),
(134, 'К-2', NULL),
(135, 'ТЦ-3 ', NULL),
(136, 'A 301/1', NULL),
(137, 'А 301/2', NULL),
(138, 'А 301/3', NULL),
(139, 'А 301/4', NULL),
(140, 'РШ-170', NULL),
(141, 'РШ-162', NULL),
(142, 'СК1-юг', NULL),
(143, 'КШ-18/1', NULL),
(144, 'ТГ-1', NULL),
(145, 'ТГ-2', NULL),
(146, 'ТГ-3', NULL),
(147, 'ТГ-4', NULL),
(148, 'ТГ-5', NULL),
(149, 'ТГ-6', NULL),
(150, 'ТГ-7', NULL),
(151, 'ТГ-8', NULL),
(157, 'Cʷ3 (003)', NULL),
(158, 'Cʷ5 (005)', NULL),
(159, 'Cʷ7 (007)', NULL),
(160, 'Cʷ9 (009)', NULL),
(161, 'Cʷ11 (011)', NULL),
(162, 'Cʷ13 (013)', NULL),
(163, 'Cʷ15 (015)', NULL),
(164, 'Cʷ17 (017)', NULL),
(165, 'Cˢ1 (021)', NULL),
(166, 'Cˢ3 (023)', NULL),
(167, 'Cˢ5 (025)', NULL),
(168, 'Cˢ7 (027)', NULL),
(169, 'Cˢ9 (029)', NULL),
(170, '113', NULL),
(171, '114', NULL),
(172, '122', NULL),
(173, '126', NULL),
(174, '127', NULL),
(175, '131', NULL),
(176, '135', NULL),
(177, '136', NULL),
(178, '139', NULL),
(179, '910', NULL),
(180, '924', NULL),
(181, '931', NULL),
(182, '937', NULL),
(183, '942', NULL),
(184, '946', NULL),
(185, '948', NULL),
(186, '949', NULL),
(187, '950', NULL),
(188, '951', NULL),
(189, '952', NULL),
(190, '914', NULL),
(191, '918', NULL),
(192, '919', NULL),
(193, '926', NULL),
(194, '932', NULL),
(195, '936', NULL),
(196, '940', NULL),
(197, '332', NULL),
(198, '334', NULL),
(199, '335', NULL),
(200, '341', NULL),
(201, '342', NULL),
(202, '345', NULL),
(203, '349', NULL),
(204, 'Вентилация + DNOx', NULL),
(213, 'РШ-136', NULL),
(214, 'Cʷ12 (012)', NULL),
(215, 'Очистваща система на СПИ', NULL),
(216, 'Cʷ1 (001)', NULL),
(217, 'Блок 1, пом 301/1 вторични РАО', NULL),
(218, ' Вторичен кондензат на ТГ-7 и 8', NULL),
(219, 'ГПК  ТГ-7', NULL),
(220, 'Тръбопроводи ПВ кота - 3.60, ТГ4', NULL),
(221, 'Cʷ2 (002)', NULL),
(222, 'Cʷ4 (004)', NULL),
(223, 'Cʷ6 (006)', NULL),
(224, 'Cʷ8 (008)', NULL),
(225, 'Cʷ10 (010)', NULL),
(226, 'Cʷ14 (014)', NULL),
(227, 'Cʷ16 (016)', NULL),
(228, 'Cˢ2 (022)', NULL),
(229, 'Cˢ4 (024)', NULL),
(230, 'Cˢ6 (026)', NULL),
(231, 'Cˢ8 (028)', NULL),
(232, '927', NULL),
(233, '945', NULL),
(234, 'ТГ3,  кота - 3.60', NULL),
(235, 'ТГ2,  кота - 3.60', NULL),
(236, '145', NULL),
(237, '213', NULL),
(238, '222', NULL),
(239, '233', NULL),
(240, '236', NULL),
(241, '243', NULL),
(242, '422', NULL),
(243, '434', NULL),
(244, '440', NULL),
(245, '03D-SS02T03, ЦНРД', NULL),
(246, 'H3PO4', NULL);

-- --------------------------------------------------------

--
-- Структура на таблица `otclonenie`
--

CREATE TABLE `otclonenie` (
  `ID_OTCLON` int(11) NOT NULL,
  `NAME` varchar(255) DEFAULT NULL
) ENGINE=InnoDB DEFAULT CHARSET=utf8;

--
-- Схема на данните от таблица `otclonenie`
--

INSERT INTO `otclonenie` (`ID_OTCLON`, `NAME`) VALUES
(1, ''),
(2, 'Поради различна плътност на матрицата е добавена 10% систематична грешка към неопределеността');

-- --------------------------------------------------------

--
-- Структура на таблица `period`
--

CREATE TABLE `period` (
  `ID_PERIOD` int(11) NOT NULL,
  `VALUE` varchar(255) DEFAULT NULL
) ENGINE=InnoDB DEFAULT CHARSET=utf8;

--
-- Схема на данните от таблица `period`
--

INSERT INTO `period` (`ID_PERIOD`, `VALUE`) VALUES
(1, 'януари'),
(2, 'февруари'),
(3, 'март'),
(4, 'април'),
(5, 'май'),
(6, 'юни'),
(7, 'юли'),
(8, 'август'),
(9, 'септември'),
(10, 'октомври'),
(11, 'ноември'),
(12, 'декември'),
(31, '1-во тримесечие'),
(32, '2-ро тримесечие'),
(33, '3-то тримесечие'),
(34, '4-то тримесечие'),
(61, '1-во полугодие'),
(62, '2-ро полугодие'),
(99, 'годишен');

-- --------------------------------------------------------

--
-- Структура на таблица `post`
--

CREATE TABLE `post` (
  `ID_POST` int(11) NOT NULL,
  `NAME` varchar(255) DEFAULT NULL
) ENGINE=InnoDB DEFAULT CHARSET=utf8;

--
-- Схема на данните от таблица `post`
--

INSERT INTO `post` (`ID_POST`, `NAME`) VALUES
(1, '--'),
(2, 'ОИР'),
(3, 'ОРХО'),
(4, 'ОМО');

-- --------------------------------------------------------

--
-- Структура на таблица `razmernosti`
--

CREATE TABLE `razmernosti` (
  `ID_RAZMERNOSTI` int(11) NOT NULL,
  `NAME` varchar(255) DEFAULT NULL
) ENGINE=InnoDB DEFAULT CHARSET=utf8;

--
-- Схема на данните от таблица `razmernosti`
--

INSERT INTO `razmernosti` (`ID_RAZMERNOSTI`, `NAME`) VALUES
(1, 'Bq'),
(2, 'Bq/g'),
(3, 'Bq/ml'),
(4, 'Bq/l'),
(5, 'Bq/m³'),
(6, 'Bq/kg'),
(8, 'Bq/cm²'),
(9, 'unknown');

-- --------------------------------------------------------

--
-- Структура на таблица `request`
--

CREATE TABLE `request` (
  `ID_RECUEST` int(11) NOT NULL,
  `ACCREDITATION` tinyint(1) DEFAULT '0',
  `COUNTS_SAMPLES` int(11) DEFAULT NULL,
  `DATE_EXECUTION` varchar(255) DEFAULT NULL,
  `DATE_RECEPTION` varchar(255) DEFAULT NULL,
  `DATE_REQUEST` varchar(255) DEFAULT NULL,
  `DESCRIPTION_SAMPLE_GROUP` varchar(255) DEFAULT NULL,
  `recuest_code` varchar(255) DEFAULT NULL,
  `SECTION` tinyint(1) DEFAULT '0',
  `EXTRA_MODULE_ID_EXTRA_MODULE` int(11) DEFAULT NULL,
  `IND_NUM_DOC_ID_IND_NUM_DOC` int(11) DEFAULT NULL,
  `IZPITVAN_PRODUKT_ID_IZPITVAN_PRODUKT` int(11) DEFAULT NULL,
  `OBEKT_NA_IZPITVANE_REQUEST_ID_OBEKT_NA_IZPITVANE` int(11) DEFAULT NULL,
  `RAZMERNOSTI_ID_RAZMERNOSTI` int(11) DEFAULT NULL,
  `USERS_ID_USERS` int(11) DEFAULT NULL,
  `ZABELEJKI_ID_ZABELEJKI` int(11) DEFAULT NULL
) ENGINE=InnoDB DEFAULT CHARSET=utf8;

--
-- Схема на данните от таблица `request`
--

INSERT INTO `request` (`ID_RECUEST`, `ACCREDITATION`, `COUNTS_SAMPLES`, `DATE_EXECUTION`, `DATE_RECEPTION`, `DATE_REQUEST`, `DESCRIPTION_SAMPLE_GROUP`, `recuest_code`, `SECTION`, `EXTRA_MODULE_ID_EXTRA_MODULE`, `IND_NUM_DOC_ID_IND_NUM_DOC`, `IZPITVAN_PRODUKT_ID_IZPITVAN_PRODUKT`, `OBEKT_NA_IZPITVANE_REQUEST_ID_OBEKT_NA_IZPITVANE`, `RAZMERNOSTI_ID_RAZMERNOSTI`, `USERS_ID_USERS`, `ZABELEJKI_ID_ZABELEJKI`) VALUES
(3, 0, 2, '23.01.2017', '16.12.2016', '16.12.2016', ' сборна месечна водна проба, за периода 01.12.2016 ÷ 03.01.2017, за м. Декември', '3144', 1, NULL, 4, 5, 8, 5, 1, 5),
(4, 0, 2, '23.01.2017', '16.12.2016', '16.12.2016', ' сборна месечна водна проба за периода 30.11.2016 ÷ 03.01.2017, за м. Декември', '3145', 1, NULL, 4, 5, 9, 5, 1, 5),
(5, 0, 9, '22.12.2016', '22.12.2016', '22.12.2016', 'Водни проби, всяка с V=0.2l за м. Декември', '3150', 1, NULL, 4, 4, 12, 4, 1, 5),
(6, 0, 1, '18.01.2017', '03.01.2017', '03.01.2017', 'Сборна водна проба за период 01.12.2016 ÷ 31.12.2016, V=1.0 l  за м. Декември', '3151', 1, NULL, 4, 3, 13, 5, 1, 5),
(7, 0, 1, '20.01.2017', '03.01.2017', '03.01.2017', 'Сборна водна проба за  период 01.12.2016 ÷ 31.12.2016, V=1.0 l за м. Декември', '3152', 1, NULL, 4, 3, 14, 5, 1, 5),
(8, 0, 1, '18.01.2017', '03.01.2017', '03.01.2017', 'Сборна проба, аерозолен филтър за  период 30.11.2016 ÷ 03.01.2017  за  м.Декември', '3153', 1, NULL, 4, 5, 8, 5, 1, 5),
(9, 0, 1, '18.01.2017', '03.01.2017', '03.01.2017', 'Сборна проба, аерозолен филтър за   период 30.11.2016 ÷ 03.01.2017, за м. Декември', '3154', 1, NULL, 4, 5, 9, 5, 1, 5),
(11, 0, 2, '10.01.2017', '21.12.2016', '21.12.2016', 'Сборна проба воден десорбат за периода 01.12.2016 ÷ 16.12.2016,  за м.Декември', '3146', 1, NULL, 4, 5, 8, 3, 1, 5),
(12, 0, 2, '10.01.2017', '21.12.2016', '21.12.2016', 'Сборна проба воден десорбат за периода 30.11.2016 ÷ 16.12.2016, за  м.Декември', '3147', 1, NULL, 4, 5, 9, 3, 1, 5),
(13, 1, 1, '10.01.2017', '22.12.2016', '22.12.2016', '', '3148', 1, NULL, 1, 8, 10, 2, 1, 5),
(14, 1, 1, '10.01.2017', '22.12.2016', '22.12.2016', '', '3149', 1, NULL, 1, 8, 11, 2, 1, 1),
(15, 0, 1, '23.01.2017', '03.01.2017', '03.01.2017', '', '3155', 1, NULL, 4, 3, 15, 5, 1, 5),
(16, 0, 1, '08.03.2017', '04.01.2017', '04.01.2017', 'Сборна водна проба за   период 01.10.2016 ÷ 30.11.2016 , за 4-то тримесечие', '3156', 1, NULL, 4, 3, 16, 5, 1, 5),
(17, 0, 1, '08.03.2017', '04.01.2017', '04.01.2017', 'Сборна водна проба   период 01.10.2016 ÷ 31.12.2016 , за 4-то тримесечие', '3157', 1, NULL, 4, 3, 15, 5, 1, 5),
(18, 0, 1, '08.03.2017', '04.01.2017', '04.01.2017', 'Сборна водна проба  период 01.10.2016 ÷ 30.11.2016 , за 4-то тримесечие', '3158', 1, NULL, 4, 3, 16, 5, 1, 5),
(19, 0, 1, '08.03.2017', '04.01.2017', '04.01.2017', 'Сборна водна проба период 01.10.2016 ÷ 31.12.2016 ,  за 4-то тримесечие', '3159', 1, NULL, 4, 3, 15, 5, 1, 5),
(22, 1, 1, '20.03.2017', '04.01.2017', '04.01.2017', '3160-1/Сборна проба от аерозолни филтри за IV трим. 2016 г., период 01.10.2016  ÷ 31.12.2016, Vвъздух=68507.3 m3;\r', '3160', 1, NULL, 4, 9, 8, 5, 1, 5),
(23, 1, 2, '23.01.2017', '06.01.2017', '06.01.2017', 'Сборна проба воден десорбат за периода 16.12.2016 ÷ 03.01.2017\r\n', '3163', 1, NULL, 4, 9, 8, 3, 1, 5),
(24, 0, 4, '20.01.2017', '06.01.2017', '06.01.2017', 'Аерозолен филтър  за периода 01.12.2016 ÷ 04.01.2017  за м. Декември', '3162', 1, NULL, 4, 6, 17, 1, 1, 5),
(25, 0, 1, '20.03.2017', '04.01.2017', '04.01.2017', 'Сборна проба от аерозолни филтри  период 01.10.2016  ÷ 31.12.2016,  за 4-то тримесечие', '3161', 1, NULL, 4, 5, 9, 5, 1, 5),
(26, 0, 2, '23.01.2017', '06.01.2017', '06.01.2017', 'Сборна проба  воден десорбат за периода 16.12.2016 ÷ 03.01.2017 ', '3164', 1, NULL, 4, 5, 9, 3, 1, 5),
(27, 1, 1, '26.01.2017', '11.01.2017', '11.01.2017', '', '3165', 1, NULL, 1, 8, 18, 2, 1, 1),
(28, 1, 1, '26.01.2017', '11.01.2017', '11.01.2017', '', '3166', 1, NULL, 1, 8, 19, 2, 1, 1),
(29, 0, 2, '20.02.2017', '16.01.2017', '16.01.2017', 'Сборна месечна водна проба за периода 03.01.2017 ÷ 31.01.2017, за  м. Януари', '3167', 1, NULL, 4, 5, 8, 5, 1, 5),
(30, 0, 2, '20.02.2017', '16.01.2017', '16.01.2017', 'Сборна месечна водна проба за периода 03.01.2017 ÷ 31.01.2017,  за м. Януари', '3168', 1, NULL, 4, 5, 9, 5, 1, 5),
(31, 0, 2, '03.02.2017', '19.01.2017', '19.01.2017', 'Сборна проба воден десорбат за периода 03.01.2017 ÷ 16.01.2017, за м. Януари', '3169', 1, NULL, 4, 5, 8, 3, 1, 5),
(32, 0, 2, '03.02.2017', '19.01.2017', '19.01.2017', 'Сборна проба воден десорбат за периода 03.01.2017 ÷ 16.01.2017,  за м.Януари', '3170', 1, NULL, 4, 5, 9, 3, 1, 5),
(33, 0, 2, '07.02.2017', '23.01.2017', '23.01.2017', 'Дублиращ филтър от радиометър „Калина” ', '3171', 1, NULL, 1, 5, 9, 5, 1, 5),
(34, 0, 9, '13.02.2017', '26.01.2017', '26.01.2017', 'Водни проби, всяка с V=0.2l  за м.Януари', '3172', 1, NULL, 4, 4, 12, 4, 1, 5),
(35, 0, 8, '13.02.2017', '26.01.2017', '26.01.2017', 'Водни проби, всяка с V=0.2l  за м. Януари', '3173', 1, NULL, 4, 4, 20, 4, 1, 5),
(36, 1, 1, '10.02.2017', '26.01.2017', '26.01.2017', '', '3174', 1, NULL, 1, 8, 21, 2, 1, 1),
(37, 0, 1, '16.02.2017', '31.01.2017', '31.01.2017', 'Сборна проба, аерозолен филтър за период 03.01.2017 ÷ 31.01.2017,  за м.Януари', '3175', 1, NULL, 4, 5, 8, 5, 1, 5),
(38, 0, 1, '16.02.2017', '31.01.2017', '31.01.2017', 'Сборна проба, аерозолен филтър за  период 03.01.2017 ÷ 31.01.2017,  за м.Януари', '3176', 1, NULL, 4, 5, 9, 5, 1, 5),
(40, 0, 1, '16.02.2017', '31.01.2017', '31.01.2017', 'Сборна водна проба за период 01.01.2017 ÷ 31.01.2017,  за м.Януари', '3177', 1, NULL, 4, 3, 14, 5, 1, 5),
(41, 0, 1, '16.02.2017', '01.02.2017', '01.02.2017', 'Сборна водна проба за период 01.01.2017 ÷ 31.01.2017,  за  м.Януари', '3178', 1, NULL, 4, 3, 16, 5, 1, 5),
(42, 0, 1, '16.02.2017', '01.02.2017', '01.02.2017', 'Сборна водна проба за период 01.01.2017 ÷ 31.01.2017,  за  м.Януари', '3179', 1, NULL, 4, 3, 15, 5, 1, 5),
(43, 0, 1, '20.02.2017', '01.02.2017', '01.02.2017', 'Сборна водна проба за  период 01.01.2017 ÷ 31.01.2017,  за  м.Януари', '3180', 1, NULL, 4, 3, 16, 5, 1, 5),
(62, 0, 1, '20.02.2017', '01.02.2017', '01.02.2017', 'Сборна водна проба за период 01.01.2017 ÷ 31.01.2017, за м. Януари', '3181', 1, NULL, 4, 3, 15, 5, 1, 5),
(63, 0, 2, '20.02.2017', '03.02.2017', '03.02.2017', 'Сборна проба воден десорбат за периода 16.01.2017 ÷ 31.01.2017', '3182', 1, NULL, 4, 5, 8, 3, 1, 5),
(64, 0, 2, '20.02.2017', '03.02.2017', '03.02.2017', 'Сборна проба  воден десорбат за периода 16.01.2017 ÷ 31.01.2017', '3183', 1, NULL, 4, 5, 9, 3, 1, 5),
(65, 0, 4, '21.02.2017', '03.02.2017', '03.02.2017', 'Аерозолни филтри за периода 04.01.2017 ÷ 30.01.2017, за м. Януари', '3184', 1, NULL, 4, 6, 17, 1, 1, 5),
(66, 0, 10, '02.03.2017', '14.02.2017', '14.02.2017', 'Водни проби, за м.Февруари, всяка с V=0.2l', '3185', 1, NULL, 1, 4, 12, 4, 1, 5),
(67, 1, 8, '03.03.2017', '14.02.2017', '14.02.2017', 'Дънни утайки,  за м. Февруари', '3186', 1, NULL, 4, 2, 20, 6, 1, 1),
(68, 0, 2, '21.03.2017', '15.02.2017', '15.02.2017', 'Сборна месечна водна проба за периода 31.01.2017 ÷ 01.03.2017, за м.Февруари', '3187', 1, NULL, 4, 5, 8, 5, 1, 5),
(69, 0, 2, '21.03.2017', '15.02.2017', '15.02.2017', 'Сборна месечна водна проба за периода 31.01.2017 ÷ 01.03.2017, за м. Февруари', '3188', 1, NULL, 4, 5, 9, 5, 1, 5),
(70, 1, 1, '02.03.2017', '15.02.2017', '15.02.2017', '', '3189', 1, NULL, 1, 8, 22, 2, 1, 1),
(71, 0, 2, '06.03.2017', '17.02.2017', '17.02.2017', 'Сборна проба воден десорбат за периода 31.01.2017 ÷ 15.02.2017,  за 1-ва половина на м. Февруари', '3190', 1, NULL, 4, 5, 8, 3, 1, 5),
(72, 0, 2, '06.03.2017', '17.02.2017', '17.02.2017', 'Сборна проба воден десорбат за периода 31.01.2017 ÷ 15.02.2017,  за 1-та половина м. Февруари', '3191', 1, NULL, 4, 5, 9, 3, 1, 5),
(73, 1, 1, '09.03.2017', '22.02.2017', '22.02.2017', '', '3192', 1, NULL, 1, 8, 23, 2, 1, 1),
(74, 0, 2, '10.03.2017', '15.02.2017', '15.02.2017', '', '3193', 1, NULL, 1, 4, 25, 5, 1, 5),
(75, 1, 2, '15.03.2017', '27.02.2017', '27.02.2017', '', '3194', 1, NULL, 1, 2, 24, 2, 1, 1),
(76, 0, 1, '23.03.2017', '24.02.2017', '24.02.2017', '', '3195', 0, NULL, 1, 4, 25, 5, 1, 5),
(83, 0, 1, '15.03.2017', '28.02.2017', '28.02.2017', 'Сборна водна проба за м. 02.2017 г., период 01.02.2017 ÷ 28.02.2017\n', '3196', 1, NULL, 4, 3, 16, 5, 1, 5),
(84, 0, 1, '15.03.2017', '28.02.2017', '28.02.2017', 'Сборна водна проба за м. 02.2017 г., период 01.02.2017 ÷ 28.02.2017', '3197', 1, NULL, 4, 3, 15, 5, 1, 5),
(85, 1, 1, '15.03.2017', '27.02.2017', '27.02.2017', ' Бетон от демонтирана плоча на ТГ-7', '3198', 0, 30, 1, 1, 26, 2, 1, 1),
(88, 0, 3, '11.01.2019', '02.01.2019', '02.01.2019', 'Период за вземане на пробите: 01.12.2018г. - 31.12.2018г.\nза м.Декември', '3783', 1, NULL, 4, 3, 107, 5, 2, 5),
(89, 0, 4, '11.01.2019', '14.12.2018', '14.12.2018', 'Сборни проби воден десорбат за прериода: 04.12.2018г. - 02.01.2019г., за м.Декември', '3775', 1, NULL, 4, 5, 1, 1, 3, 5),
(90, 0, 4, '14.01.2019', '14.01.2019', '14.12.2018', 'Сборни водни проби за периода: 04.12.2018г. - 02.01.2018г.за м. Декември', '3776', 1, 39, 4, 5, 1, 5, 3, 5),
(91, 0, 5, '31.01.2019', '16.01.2019', '16.01.2019', 'за Февруари', '3000', 1, 39, 4, 4, 12, 4, 3, 5),
(92, 0, 2, '11.01.2019', '02.01.2019', '02.01.2019', 'Аерозолни филтри за периода: 04.12.2018г. - 02.01.2019г., за м. Декември', '3782', 1, NULL, 4, 5, 1, 5, 3, 5),
(94, 0, 1, '11.01.2019', '31.12.2018', '31.12.2018', 'Аерозолен филтър, период: 30.11.2018г. - 28.12.2018г.', '3781', 1, 32, 1, 5, 121, 5, 3, 5),
(95, 0, 1, '28.03.2019', '07.01.2019', '07.01.2019', 'Сборна проба аерозолен филтър за период: 28.09.2018г. - 28.12.2018г. за 4-то тримесечие', '3787', 1, 33, 1, 5, 121, 5, 3, 5),
(96, 0, 2, '12.03.2019', '21.01.2019', '21.01.2019', 'Сборни водни проби за 4-то тримесечие', '3794', 1, NULL, 4, 3, 2, 5, 3, 5),
(97, 0, 2, '12.03.2019', '21.01.2019', '21.01.2019', 'Сборни водни проби за 4-то тримесечие', '3795', 1, NULL, 4, 3, 2, 5, 3, 5),
(98, 0, 9, '11.02.2019', '22.01.2019', '22.01.2019', 'Водни проби за м.Януари', '3796', 1, 34, 1, 4, 114, 4, 3, 5),
(99, 0, 5, '11.02.2019', '22.01.2019', '22.01.2019', 'Водни проби за м.Януари', '3797', 1, 34, 1, 4, 170, 4, 3, 5),
(100, 0, 9, '11.02.2019', '23.01.2019', '24.01.2019', 'Водни проби за м.Януари', '3801', 1, 35, 1, 4, 171, 4, 3, 5),
(101, 0, 11, '11.02.2019', '24.01.2019', '24.01.2019', 'Водни проби за м.Януари', '3802', 1, 34, 1, 4, 172, 4, 3, 5),
(102, 0, 9, '11.02.2019', '24.01.2019', '24.01.2019', 'Водни проби за м.Януари', '3803', 1, 34, 1, 4, 173, 4, 3, 5),
(103, 0, 7, '11.02.2019', '25.01.2019', '25.01.2019', 'Водни проби за м.Януари', '3804', 1, 35, 1, 4, 171, 4, 3, 5),
(104, 0, 2, '08.03.2019', '31.10.2018', '07.01.2019', 'Сборни проби аерозолни филтри за периода: 02.10.2018г. - 02.01.2019г. за 4-то тримесечие', '3786', 1, NULL, 4, 5, 1, 5, 3, 5),
(105, 0, 2, '28.02.2019', '01.02.2019', '01.02.2019', 'Сборни водни проби с V=1l, за периода: 01.01.2019г. - 31.01.2019г. за м.Януари', '3805', 1, NULL, 4, 3, 51, 5, 3, 5),
(106, 0, 1, '12.02.2019', '04.02.2019', '04.02.2019', 'Сборна водна проба за периода: 01.01.2019г. - 31.01.2019г. за м.Януари', '3807', 1, NULL, 4, 3, 16, 5, 3, 5),
(107, 0, 4, '12.02.2019', '06.02.2019', '11.01.2019', 'Сборни проби воден десорбат за периода: 02.01.2019г. - 29.01.2019г. за м.Януари', '3792', 1, 40, 4, 5, 1, 3, 3, 5),
(108, 0, 4, '22.02.2019', '11.01.2019', '11.01.2019', 'Сборни водни проби за периода: 02.01.2019г. - 29.01.2019г. за м.Януари', '3793', 1, 39, 4, 5, 1, 5, 3, 5),
(109, 0, 4, '01.03.2019', '08.02.2019', '05.02.2019', 'Аерозолни филтри за периода: 03.01.2019г. - 01.02.2019г. за м.Януари', '3811', 1, NULL, 4, 6, 17, 1, 3, 5),
(110, 1, 2, '01.03.2019', '20.02.2019', '26.02.2019', ' По два аерозолни филтри: вентилация + DNOx', '3828', 1, 36, 1, 5, 130, 5, 3, 1),
(111, 1, 8, '12.03.2019', '21.02.2019', '21.02.2019', 'Дънни утайки,  за м. Февруари', '3832', 1, NULL, 5, 2, 20, 6, 3, 1),
(112, 0, 11, '12.03.2019', '21.02.2019', '21.02.2019', 'Водни проби за м.Февруари, всяка с V=0.5l', '3831', 1, NULL, 5, 4, 12, 4, 3, 5),
(113, 0, 3, '08.03.2019', '11.02.2019', '25.02.2019', 'Водни  проби за м.Февруари', '3833', 1, NULL, 5, 4, 114, 4, 3, 5),
(114, 0, 4, '12.03.2019', '07.02.2019', '28.02.2019', 'Сборни проби воден десорбат за м.Февруари за периода: 29.01.2019 ÷ 26.02.2019', '3836', 1, 40, 5, 5, 1, 3, 3, 5),
(115, 0, 4, '12.03.2019', '07.02.2019', '28.02.2019', 'Сборни водни проби за м.Февруари за периода: 29.01.2019 ÷ 26.02.2019', '3837', 1, 39, 5, 5, 1, 5, 3, 5),
(116, 0, 2, '12.03.2019', '28.02.2019', '28.02.2019', 'Сборни водни проби за м.Февруари за периода: 01.02.2019 ÷ 28.02.2019,  V=1.0 l  ', '3838', 1, NULL, 5, 3, 51, 5, 3, 5),
(117, 0, 1, '12.03.2019', '28.02.2019', '28.02.2019', 'Сборна водна проба за м.Февруари за периода: 01.02.2019 ÷ 28.02.2019', '3839', 1, NULL, 5, 3, 16, 5, 3, 5),
(118, 0, 3, '31.12.2019', '06.02.2019', '06.02.2019', ' Проби разтворен шлам', '3812', 1, 37, 1, 2, 174, 2, 3, 5),
(119, 1, 3, '31.12.2019', '06.02.2019', '06.02.2019', ' ', '3813', 1, 37, 1, 2, 174, 2, 3, 5),
(120, 1, 3, '31.12.2019', '06.02.2019', '03.02.2019', '  Проби разтворен шлам', '3814', 1, 37, 1, 2, 174, 2, 3, 5),
(121, 0, 4, '12.03.2019', '05.03.2019', '06.03.2019', 'Аерозолни филтри за м. Февруари за периода: 01.02.2019 ÷ 28.02.2019', '3841', 1, NULL, 5, 6, 17, 1, 3, 5),
(122, 0, 2, '15.03.2019', '06.03.2019', '06.03.2019', 'Аерозолни филтри за м. Февруари за периода: 01.02.2019 ÷ 28.02.2019', '3842', 1, NULL, 5, 5, 1, 5, 3, 5),
(123, 0, 3, '30.04.2019', '30.05.2018', '10.01.2019', ' Пепел от очистващата система на СПИ с m ~ 5g', '3791', 1, 38, 1, 2, 175, 2, 2, 5),
(124, 0, 9, '12.04.2019', '06.03.2019', '07.03.2019', 'Водни проби за м. март', '3843', 1, 41, 5, 4, 173, 4, 3, 5),
(125, 0, 14, '12.04.2019', '07.03.2019', '07.03.2019', 'Водни проби за м. март', '3844', 1, 41, 5, 4, 114, 4, 3, 5),
(130, 0, 2, '29.03.2019', '18.03.2019', '19.03.2019', ' Водни проби', '3856', 1, 43, 1, 2, 176, 4, 3, 5),
(131, 0, 9, '12.04.2019', '21.03.2019', '21.03.2019', 'Водни проби  за м. март, всяка с V=0.5l', '3857', 1, NULL, 5, 4, 12, 4, 3, 5),
(132, 0, 8, '12.04.2019', '21.03.2019', '21.03.2019', 'Водни проби за м. март, всяка с V=0.5l', '3858', 1, NULL, 5, 4, 20, 4, 3, 5),
(133, 0, 1, '05.04.2019', '22.03.2019', '22.03.2019', 'Вода от банята на ЦНРД с V=1l', '3859', 1, 45, 5, 4, 115, 4, 3, 5),
(134, 0, 3, '05.04.2019', '25.03.2019', '25.03.2019', 'Водни  проби за м. март', '3860', 1, 46, 5, 4, 114, 4, 3, 9),
(135, 1, 2, '05.04.2019', '26.03.2019', '26.03.2019', 'Топлоизолационна вата', '3861', 1, 47, 1, 8, 177, 2, 3, 1),
(136, 0, 1, '15.03.2019', '28.02.2019', '28.02.2019', 'Аерозолен филтър за м. февруари за периода: 31.01.2019 ÷ 28.02.2019', '3840', 1, 48, 5, 5, 121, 5, 2, 5),
(137, 0, 1, '15.02.2019', '01.02.2019', '01.02.2019', 'Аерозолен филтър за м. януари за периода: 28.12.2018 ÷ 31.01.2019', '3806', 1, 48, 5, 5, 121, 5, 3, 5),
(138, 0, 3, '12.04.2019', '28.03.2019', '28.03.2019', 'Сборни водни проби за м. март за периода: 28.02.2019 ÷ 28.03.2019', '3862', 1, 49, 5, 3, 35, 5, 3, 5),
(139, 0, 1, '18.01.2019', '07.01.2019', '07.01.2019', 'Вода от банята на ЦНРД с V=1l', '3788', 1, 50, 1, 4, 115, 4, 3, 5),
(140, 0, 1, '01.02.2019', '23.01.2019', '23.01.2019', 'Вода от банята на ЦНРД с V=1l', '3800', 1, 51, 1, 4, 118, 4, 3, 5),
(141, 0, 1, '15.02.2019', '11.02.2019', '11.02.2019', 'Вода от банята на ЦНРД с V=1l', '3818', 1, 51, 1, 4, 115, 4, 3, 5),
(142, 0, 1, '25.02.2019', '20.02.2019', '20.02.2019', 'Вода от банята на ЦНРД с V=1l', '3827', 1, 45, 5, 4, 118, 4, 3, 5),
(143, 0, 1, '12.04.2019', '29.03.2019', '29.03.2019', 'Аерозолен филтър за м. март за периода: 28.02.2019 ÷ 29.03.2019', '3863', 1, 48, 5, 5, 121, 5, 3, 5),
(144, 1, 3, '12.04.2019', '01.04.2019', '29.03.2019', 'Топлоизолационна вата', '3864', 1, 47, 1, 8, 177, 2, 3, 1),
(145, 1, 2, '12.04.2019', '01.04.2019', '01.04.2019', 'Топлоизолационна вата', '3865', 1, 47, 1, 8, 178, 2, 3, 1),
(146, 0, 4, '12.04.2019', '03.04.2019', '03.04.2019', 'Сборни водни проби за м. март за периода: 26.02.2019 ÷ 02.04.2019', '3866', 1, 52, 5, 5, 1, 5, 3, 5),
(147, 0, 4, '12.04.2019', '03.04.2019', '03.04.2019', 'Аерозолни филтри за м. март за периода: 28.02.2019 ÷ 01.04.2019', '3867', 1, 49, 5, 6, 17, 1, 3, 5),
(148, 0, 4, '12.04.2019', '03.04.2019', '03.04.2019', 'Сборни проби воден десорбат за м. март за периода: 28.02.2019 ÷ 02.04.2019', '3868', 1, 53, 5, 5, 1, 3, 3, 5),
(149, 0, 2, '12.04.2019', '03.04.2019', '03.04.2019', 'Сборна водна проба за м. март за периода: 28.02.2019 ÷ 28.03.2019', '3869', 1, 49, 5, 3, 2, 5, 3, 5),
(150, 0, 2, '12.04.2019', '03.04.2019', '03.04.2019', 'Аерозолни филтри за м. март за периода: 28.02.2019 ÷ 02.04.2019', '3870', 1, 49, 5, 5, 1, 5, 3, 5),
(151, 1, 2, '19.04.2019', '03.04.2019', '03.04.2019', 'Топлоизолационна вата', '3871', 1, 32, 1, 8, 179, 2, 3, 1),
(152, 0, 2, '07.06.2019', '04.04.2019', '04.04.2019', 'Сборни проби аерозолни филтри за 1-во тримесечие за периода: 02.01.2019 ÷ 02.04.2019', '3872', 1, 49, 5, 5, 1, 5, 3, 5),
(153, 0, 1, '07.06.2019', '04.04.2019', '04.04.2019', 'Сборна проба аерозолен филтър за 1-во тримесечие за периода: 28.12.2018 ÷ 29.03.2019', '3873', 1, 54, 5, 5, 121, 5, 3, 5),
(154, 0, 2, '07.06.2019', '04.04.2019', '04.04.2019', 'Сборни водни проби за 1-во тримесечие', '3874', 1, 49, 5, 3, 2, 5, 3, 5),
(155, 0, 2, '07.06.2019', '04.04.2019', '04.04.2019', 'Сборни водни проби за 1-во тримесечие', '3875', 1, 49, 5, 3, 2, 5, 3, 5),
(157, 1, 1, '19.04.2019', '04.04.2019', '04.04.2019', 'Топлоизолационна вата', '3876', 1, 47, 1, 8, 181, 2, 3, 1),
(158, 0, 17, '10.05.2019', '05.04.2019', '05.04.2019', 'Водни проби за м. април', '3877', 1, 55, 5, 4, 114, 4, 3, 5),
(159, 0, 1, '19.04.2019', '05.04.2019', '05.04.2019', 'Вода от банята на ЦНРД с V=1l', '3878', 1, 45, 5, 4, 118, 4, 3, 5),
(160, 0, 16, '10.05.2019', '05.04.2019', '05.04.2019', 'Водни проби за м. април', '3879', 1, 35, 5, 4, 171, 4, 3, 5),
(161, 0, 15, '10.05.2019', '09.04.2019', '09.04.2019', 'Водни проби за м. април', '3881', 1, 56, 5, 4, 172, 4, 3, 5),
(162, 1, 1, '26.04.2019', '15.04.2019', '15.04.2019', ' Топлоизолационна вата', '3882', 1, 57, 1, 8, 182, 2, 3, 1),
(163, 0, 5, '10.05.2019', '09.04.2019', '16.04.2019', 'Водни  проби за м. април', '3883', 1, 46, 5, 4, 170, 4, 3, 8),
(164, 0, 10, '17.05.2019', '18.04.2019', '18.04.2019', 'Водни проби за м. април', '3887', 1, 49, 5, 4, 12, 4, 3, 5),
(165, 0, 1, '17.05.2019', '18.04.2019', '18.04.2019', ' Вода от банята на ЦНРД', '3888', 1, 58, 5, 4, 115, 4, 3, 5),
(167, 1, 1, '03.05.2019', '22.04.2019', '22.04.2019', 'Топлоизолационна вата', '3889', 1, 57, 1, 8, 183, 2, 2, 1),
(168, 0, 4, '17.05.2019', '25.04.2019', '25.04.2019', 'Водни  проби за м. април', '3894', 1, 46, 5, 4, 170, 4, 3, 8),
(169, 0, 1, '17.05.2019', '25.04.2019', '25.04.2019', 'Водна  проба за  м. април', '3895', 1, 46, 5, 4, 171, 4, 3, 8),
(170, 0, 2, '17.05.2019', '25.04.2019', '25.04.2019', 'Сборни водни проби за м. април за периода: 28.03.2019 ÷ 25.04.2019', '3896', 1, 49, 5, 3, 2, 5, 3, 5),
(171, 0, 1, '17.05.2019', '02.05.2019', '02.05.2019', 'Сборна водна проба за м. април за периода: 01.04.2019 ÷ 30.04.2019', '3901', 1, 49, 5, 3, 14, 5, 2, 5),
(172, 0, 1, '17.05.2019', '30.04.2019', '30.04.2019', ' Вода от банята на ЦНРД с V=1l', '3897', 1, 58, 5, 4, 118, 4, 2, 5),
(173, 0, 2, '13.05.2019', '02.05.2019', '02.05.2019', 'Аерозолни филтри за м. април за периода: 02.04.2019 ÷ 30.04.2019', '3902', 1, 49, 5, 5, 1, 5, 2, 5),
(174, 0, 1, '17.05.2019', '30.04.2019', '30.04.2019', 'Аерозолен филтър за м. април за периода: 29.03.2019 ÷ 30.04.2019', '3900', 1, 48, 5, 5, 121, 5, 2, 5),
(175, 0, 4, '31.05.2019', '08.05.2019', '08.05.2019', 'Сборни водни проби за м. април за периода: 02.04.2019 ÷ 07.05.2019', '3906', 1, 52, 5, 5, 1, 5, 3, 5),
(176, 0, 4, '13.05.2019', '03.05.2019', '03.05.2019', 'Сборни проби воден десорбат за м. април за периода: 02.04.2019 ÷ 30.04.2019', '3904', 1, 53, 5, 5, 1, 3, 2, 5),
(177, 0, 2, '13.05.2019', '03.05.2019', '03.05.2019', 'Сборни водни проби за м. април за периода: 28.03.2019 ÷ 25.04.2019', '3905', 1, 59, 5, 3, 2, 5, 2, 5),
(178, 0, 4, '13.05.2019', '08.05.2019', '09.05.2019', 'Аерозолни филтри за м. април за периода: 01.04.2019 ÷ 03.05.2019', '3907', 1, 49, 5, 6, 17, 1, 3, 5),
(179, 0, 14, '17.05.2019', '10.05.2019', '10.05.2019', 'Водни  проби за м. май', '3912', 1, 53, 5, 4, 170, 4, 3, 8),
(180, 0, 8, '17.05.2019', '10.05.2019', '10.05.2019', 'Водни проби за м. май', '3913', 1, 53, 5, 4, 170, 4, 3, 8),
(181, 0, 3, '31.05.2019', '11.04.2019', '13.05.2019', ' ', '3914', 1, 60, 1, 2, 15, 2, 3, 5),
(182, 0, 9, '31.05.2019', '15.05.2019', '15.05.2019', 'Водни проби за м. май', '3915', 1, 61, 5, 4, 171, 4, 3, 5),
(183, 0, 2, '31.05.2019', '16.05.2019', '16.05.2019', ' Вода от ЦНРД', '3916', 1, 58, 5, 4, 186, 4, 3, 5),
(184, 0, 2, '12.06.2019', '04.06.2019', '04.06.2019', 'Сборни водни проби за м. май за периода: 25.04.2019 ÷ 01.06.2019', '3934', 1, 49, 5, 3, 51, 5, 3, 5),
(185, 0, 2, '12.06.2019', '04.06.2019', '04.06.2019', 'Аерозолни филтри за м. май за периода: 30.04.2019 ÷ 03.06.2019', '3935', 1, 49, 5, 5, 1, 5, 3, 5),
(186, 0, 4, '12.06.2019', '05.06.2019', '05.06.2019', 'Аерозолни филтри за м. май за периода: 03.05.2019 ÷ 03.06.2019', '3936', 1, 49, 5, 6, 17, 1, 3, 5),
(187, 0, 1, '12.06.2019', '31.05.2019', '03.06.2019', 'Аерозолен филтър за м. май за периода: 30.04.2019 ÷ 31.05.2019', '3933', 1, 49, 5, 5, 121, 5, 2, 5),
(188, 0, 20, '01.07.2019', '05.06.2019', '05.06.2019', 'Водни проби за м. юни', '3937', 1, 61, 5, 4, 170, 4, 3, 5),
(189, 0, 4, '12.06.2019', '07.06.2019', '07.06.2019', 'Сборни проби воден десорбат за м. май за периода: 30.04.2019 ÷ 04.06.2019', '3938', 1, 53, 5, 5, 1, 3, 3, 5),
(190, 0, 4, '12.06.2019', '07.06.2019', '07.06.2019', 'Сборни водни проби за м. май за периода: 07.05.2019 ÷ 06.06.2019', '3939', 1, 52, 5, 5, 1, 5, 3, 5),
(191, 0, 1, '12.06.2019', '07.06.2019', '07.06.2019', 'Сборна водна проба за  м. май за периода: 25.04.2019 ÷ 01.06.2019', '3940', 1, 49, 5, 3, 16, 5, 3, 5),
(192, 0, 1, '15.06.2019', '31.05.2019', '31.05.2019', ' Вода от банята на ЦНРД м. юни', '3932', 1, 49, 5, 4, 115, 4, 3, 5),
(193, 0, 1, '31.05.2019', '23.05.2019', '23.05.2019', ' Вода от банята на ЦНРД  м. май', '3925', 1, 49, 5, 4, 118, 4, 3, 5),
(194, 0, 1, '28.06.2019', '10.06.2019', '10.06.2019', ' Вода от банята на ЦНРД  м. юни', '3941', 1, 49, 5, 4, 118, 4, 3, 5),
(195, 0, 3, '28.06.2019', '10.05.2019', '12.06.2019', 'Водни  проби за м. май', '3945', 1, 62, 5, 4, 170, 4, 3, 8),
(196, 0, 1, '28.06.2019', '13.06.2019', '13.06.2019', 'Вода от банята на ЦНРД за м. юни', '3946', 1, 49, 5, 4, 187, 4, 3, 5),
(197, 1, 1, '28.06.2019', '13.06.2019', '13.06.2019', ' ', '3947', 1, 63, 1, 2, 188, 2, 3, 1),
(198, 1, 5, '28.06.2019', '14.06.2019', '14.06.2019', ' Топлоизолационна вата', '3948', 1, 32, 1, 8, 189, 2, 3, 1),
(199, 1, 5, '28.06.2019', '14.06.2019', '14.06.2019', '  Топлоизолационна вата', '3949', 1, 32, 1, 8, 189, 2, 3, 1),
(200, 1, 5, '28.06.2019', '14.06.2019', '14.06.2019', '  Топлоизолационна вата', '3950', 1, 32, 1, 8, 189, 2, 3, 1),
(201, 0, 1, '28.06.2019', '18.06.2019', '18.06.2019', 'Вода от банята на ЦНРД за м. юни', '3951', 1, 59, 5, 4, 115, 4, 3, 5),
(202, 0, 8, '12.07.2019', '19.06.2019', '19.06.2019', 'Водни проби за м. юни', '3952', 1, 49, 5, 4, 20, 4, 3, 5),
(203, 0, 9, '12.07.2019', '19.06.2019', '19.06.2019', 'Водни проби за м. юни', '3953', 1, 49, 5, 4, 12, 4, 3, 5);

-- --------------------------------------------------------

--
-- Структура на таблица `request_to_obektnaizpitvanerequest`
--

CREATE TABLE `request_to_obektnaizpitvanerequest` (
  `ID` int(11) NOT NULL,
  `OBEKTNAIZP_ID_OBEKT_NA_IZPITVANE` int(11) DEFAULT NULL,
  `REQUEST_ID_RECUEST` int(11) DEFAULT NULL
) ENGINE=InnoDB DEFAULT CHARSET=utf8;

--
-- Схема на данните от таблица `request_to_obektnaizpitvanerequest`
--

INSERT INTO `request_to_obektnaizpitvanerequest` (`ID`, `OBEKTNAIZP_ID_OBEKT_NA_IZPITVANE`, `REQUEST_ID_RECUEST`) VALUES
(1, 14, 91),
(2, 8, 3),
(3, 9, 4),
(4, 8, 11),
(5, 9, 12),
(6, 10, 13),
(7, 11, 14),
(8, 12, 5),
(9, 13, 6),
(10, 14, 7),
(11, 8, 8),
(12, 9, 9),
(13, 15, 15),
(14, 16, 16),
(15, 15, 17),
(16, 16, 18),
(17, 15, 19),
(18, 8, 22),
(19, 9, 25),
(20, 17, 24),
(21, 8, 23),
(22, 9, 26),
(23, 18, 27),
(24, 19, 28),
(25, 8, 29),
(26, 9, 30),
(27, 8, 31),
(28, 9, 32),
(29, 9, 33),
(30, 12, 34),
(31, 20, 35),
(32, 21, 36),
(33, 8, 37),
(34, 9, 38),
(35, 14, 40),
(36, 16, 41),
(37, 15, 42),
(38, 16, 43),
(39, 15, 62),
(40, 8, 63),
(41, 9, 64),
(42, 17, 65),
(43, 12, 66),
(44, 20, 67),
(45, 8, 68),
(46, 9, 69),
(47, 22, 70),
(48, 8, 71),
(49, 9, 72),
(50, 23, 73),
(51, 25, 74),
(52, 24, 75),
(53, 25, 76),
(54, 16, 83),
(55, 15, 84),
(56, 26, 85),
(57, 8, 89),
(58, 8, 90),
(59, 121, 94),
(60, 8, 92),
(61, 16, 88),
(62, 8, 104),
(63, 121, 95),
(64, 115, 139),
(65, 175, 123),
(66, 8, 107),
(67, 8, 108),
(68, 16, 96),
(69, 16, 97),
(70, 14, 98),
(71, 170, 99),
(72, 118, 140),
(73, 171, 100),
(74, 170, 101),
(75, 170, 102),
(76, 171, 103),
(77, 16, 105),
(78, 121, 137),
(79, 16, 106),
(80, 17, 109),
(81, 174, 118),
(82, 174, 119),
(83, 174, 120),
(84, 115, 141),
(85, 118, 142),
(86, 130, 110),
(87, 12, 112),
(88, 20, 111),
(89, 170, 113),
(90, 8, 114),
(91, 8, 115),
(92, 16, 116),
(93, 16, 117),
(94, 121, 136),
(95, 17, 121),
(96, 8, 122),
(97, 170, 124),
(98, 170, 125),
(99, 176, 130),
(100, 12, 131),
(101, 20, 132),
(102, 115, 133),
(103, 170, 134),
(104, 177, 135),
(105, 16, 138),
(106, 121, 143),
(107, 177, 144),
(108, 178, 145),
(109, 8, 146),
(110, 17, 147),
(111, 8, 148),
(112, 16, 149),
(113, 8, 150),
(114, 179, 151),
(115, 8, 152),
(116, 121, 153),
(117, 16, 154),
(118, 16, 155),
(119, 181, 157),
(120, 170, 158),
(121, 118, 159),
(122, 171, 160),
(123, 170, 161),
(124, 182, 162),
(125, 170, 163),
(126, 12, 164),
(127, 115, 165),
(128, 183, 167),
(129, 170, 168),
(130, 171, 169),
(131, 16, 170),
(132, 118, 172),
(133, 121, 174),
(134, 14, 171),
(135, 8, 173),
(136, 8, 176),
(137, 16, 177),
(138, 8, 175),
(139, 17, 178),
(140, 170, 179),
(141, 170, 180),
(142, 15, 181),
(144, 171, 182),
(145, 8, 91),
(146, 186, 183),
(147, 9, 89),
(148, 9, 90),
(149, 9, 92),
(150, 15, 88),
(151, 14, 88),
(152, 9, 104),
(153, 9, 107),
(154, 9, 108),
(155, 15, 96),
(156, 15, 97),
(157, 14, 105),
(158, 9, 114),
(159, 9, 115),
(160, 14, 116),
(161, 9, 122),
(162, 15, 138),
(163, 14, 138),
(164, 9, 146),
(165, 9, 148),
(166, 15, 149),
(167, 9, 150),
(168, 9, 152),
(169, 15, 154),
(170, 15, 155),
(171, 15, 170),
(172, 9, 173),
(173, 9, 176),
(174, 15, 177),
(175, 9, 175),
(176, 14, 193),
(177, 8, 193),
(178, 118, 194),
(179, 12, 190),
(180, 170, 188),
(181, 8, 185),
(182, 9, 184),
(183, 8, 189),
(184, 9, 189),
(185, 115, 192),
(186, 121, 187),
(187, 17, 186),
(188, 16, 191),
(189, 8, 98);

-- --------------------------------------------------------

--
-- Структура на таблица `results`
--

CREATE TABLE `results` (
  `ID_RESULTS` int(11) NOT NULL,
  `BASIC_VALUE` varchar(255) DEFAULT NULL,
  `DATE_CHIM_OPER` varchar(255) DEFAULT NULL,
  `DATE_MEASUR` varchar(255) DEFAULT NULL,
  `DATE_REDAC` varchar(255) DEFAULT NULL,
  `INPROTOKOL` tinyint(1) DEFAULT '0',
  `MDA` double DEFAULT NULL,
  `QUANTITY` double DEFAULT NULL,
  `SIGMA` int(11) DEFAULT NULL,
  `UNCERTAINTY` double DEFAULT NULL,
  `VALUE_RESULT` double DEFAULT NULL,
  `DIMENSION_ID_DIMENSION` int(11) DEFAULT NULL,
  `METODY_ID_METODY` int(11) DEFAULT NULL,
  `NUCLIDE_ID_NUCLIDE` int(11) DEFAULT NULL,
  `POKAZATEL_ID_POKAZATEL` int(11) DEFAULT NULL,
  `RTAZMERNOSTI_ID_RAZMERNOSTI` int(11) DEFAULT NULL,
  `SAMPLE_ID_SAMPLE` int(11) DEFAULT NULL,
  `USER_CHIM_OPER_ID_USERS` int(11) DEFAULT NULL,
  `USER_MEASUR_ID_USERS` int(11) DEFAULT NULL,
  `USER_REDAC_ID_USERS` int(11) DEFAULT NULL,
  `ZABELEJKI_ID_ZABELEJKI` int(11) DEFAULT NULL,
  `TSI_ID_TSI` int(11) DEFAULT NULL,
  `DOBIV_ID_DOBIV` int(11) DEFAULT NULL
) ENGINE=InnoDB DEFAULT CHARSET=utf8;

--
-- Схема на данните от таблица `results`
--

INSERT INTO `results` (`ID_RESULTS`, `BASIC_VALUE`, `DATE_CHIM_OPER`, `DATE_MEASUR`, `DATE_REDAC`, `INPROTOKOL`, `MDA`, `QUANTITY`, `SIGMA`, `UNCERTAINTY`, `VALUE_RESULT`, `DIMENSION_ID_DIMENSION`, `METODY_ID_METODY`, `NUCLIDE_ID_NUCLIDE`, `POKAZATEL_ID_POKAZATEL`, `RTAZMERNOSTI_ID_RAZMERNOSTI`, `SAMPLE_ID_SAMPLE`, `USER_CHIM_OPER_ID_USERS`, `USER_MEASUR_ID_USERS`, `USER_REDAC_ID_USERS`, `ZABELEJKI_ID_ZABELEJKI`, `TSI_ID_TSI`, `DOBIV_ID_DOBIV`) VALUES
(1, '', '04.01.2017', '09.01.2017', '09.01.2017', 1, 0.123, 0, 2, 0.107, 0.511, 4, 13, 46, 7, 5, 5, 1, 1, 3, NULL, NULL, NULL),
(2, '', '04.01.2017', '09.01.2017', '09.01.2017', 1, 0.124, 0, 2, 0.0872, 0.246, 4, 13, 46, 7, 5, 6, 1, 1, 3, NULL, NULL, NULL),
(3, '', '04.01.2017', '09.01.2017', '09.01.2017', 1, 0.136, 0, 2, 0.759, 6.86, 4, 13, 46, 7, 5, 7, 1, 1, 3, NULL, NULL, NULL),
(4, '', '04.01.2017', '09.01.2017', '09.01.2017', 1, 0.143, 0, 2, 0.744, 6.69, 4, 13, 46, 7, 5, 8, 1, 1, 3, NULL, NULL, NULL),
(5, '', '23.12.2016', '04.01.2017', '04.01.2017', 1, 1.61, 0, 2, 0, 0, 3, 9, 9, 1, 4, 9, 1, 1, 3, NULL, NULL, NULL),
(6, '', '23.12.2016', '04.01.2017', '04.01.2017', 1, 2.17, 0, 2, 0, 0, 3, 9, 31, 1, 4, 9, 1, 1, 3, NULL, NULL, NULL),
(7, '', '23.12.2016', '04.01.2017', '04.01.2017', 1, 1.71, 0, 2, 0, 0, 3, 9, 9, 1, 4, 10, 1, 1, 3, NULL, NULL, NULL),
(8, '', '23.12.2016', '04.01.2017', '04.01.2017', 1, 2.18, 0, 2, 0, 0, 3, 9, 31, 1, 4, 10, 1, 1, 3, NULL, NULL, NULL),
(9, '', '23.12.2016', '04.01.2017', '04.01.2017', 1, 1.34, 0, 2, 0, 0, 3, 9, 9, 1, 4, 11, 1, 1, 3, NULL, NULL, NULL),
(10, '', '23.12.2016', '04.01.2017', '04.01.2017', 1, 0, 0, 2, 1.04, 4.72, 3, 9, 31, 1, 4, 11, 1, 1, 3, NULL, NULL, NULL),
(11, '', '23.12.2016', '04.01.2017', '04.01.2017', 1, 1.67, 0, 2, 0, 0, 3, 9, 9, 1, 4, 12, 1, 1, 3, NULL, NULL, NULL),
(12, '', '23.12.2016', '04.01.2017', '04.01.2017', 1, 0, 0, 2, 1.41, 7.47, 3, 9, 31, 1, 4, 12, 1, 1, 3, NULL, NULL, NULL),
(13, '', '23.12.2016', '04.01.2017', '04.01.2017', 1, 1.7, 0, 2, 0, 0, 3, 9, 9, 1, 4, 13, 1, 1, 3, NULL, NULL, NULL),
(14, '', '23.12.2016', '04.01.2017', '04.01.2017', 1, 3.3, 0, 2, 0, 0, 3, 9, 31, 1, 4, 13, 1, 1, 3, NULL, NULL, NULL),
(15, '', '23.12.2016', '04.01.2017', '04.01.2017', 1, 1.77, 0, 2, 0, 0, 3, 9, 9, 1, 4, 14, 1, 1, 3, NULL, NULL, NULL),
(16, '', '23.12.2016', '04.01.2017', '04.01.2017', 1, 0, 0, 2, 0.943, 3.17, 3, 9, 31, 1, 4, 14, 1, 1, 3, NULL, NULL, NULL),
(17, '', '23.12.2016', '04.01.2017', '04.01.2017', 1, 1.5, 0, 2, 0, 0, 3, 9, 9, 1, 4, 15, 1, 1, 3, NULL, NULL, NULL),
(18, '', '23.12.2016', '04.01.2017', '04.01.2017', 1, 0, 0, 2, 40.9, 1340, 3, 9, 31, 1, 4, 15, 1, 1, 3, NULL, NULL, NULL),
(19, '', '23.12.2016', '04.01.2017', '04.01.2017', 1, 1.85, 0, 2, 0, 0, 3, 9, 9, 1, 4, 16, 1, 1, 3, NULL, NULL, NULL),
(20, '', '23.12.2016', '04.01.2017', '04.01.2017', 1, 0, 0, 2, 1.46, 8.09, 3, 9, 31, 1, 4, 16, 1, 1, 3, NULL, NULL, NULL),
(21, '', '23.12.2016', '04.01.2017', '04.01.2017', 1, 1.68, 0, 2, 0, 0, 3, 9, 9, 1, 4, 17, 1, 1, 3, NULL, NULL, NULL),
(22, '', '23.12.2016', '04.01.2017', '04.01.2017', 1, 1.96, 0, 2, 0, 0, 3, 9, 31, 1, 4, 17, 1, 1, 3, NULL, NULL, NULL),
(23, '', '03.01.2017', '04.01.2017', '04.01.2017', 1, 220, 0, 2, 0, 0, 4, 9, 9, 1, 5, 18, 1, 1, 3, NULL, NULL, NULL),
(24, '', '03.01.2017', '04.01.2017', '04.01.2017', 1, 0, 0, 2, 640, 16800, 4, 9, 31, 1, 5, 18, 1, 1, 3, NULL, NULL, NULL),
(25, '', '03.01.2017', '06.01.2017', '06.01.2017', 1, 70.9, 0, 2, 0, 0, 4, 9, 9, 1, 5, 19, 1, 1, 3, NULL, NULL, NULL),
(26, '', '03.01.2017', '06.01.2017', '06.01.2017', 1, 0, 0, 2, 32.2, 143, 4, 9, 31, 1, 5, 19, 1, 1, 3, NULL, NULL, NULL),
(27, '', '03.01.2017', '04.01.2017', '04.01.2017', 1, 0, 0, 2, 0.0000217, 0.000509, 4, 9, 9, 1, 5, 20, 1, 1, 3, NULL, NULL, NULL),
(28, '', '03.01.2017', '04.01.2017', '04.01.2017', 1, 0, 0, 2, 0.0000133, 0.000165, 4, 9, 31, 1, 5, 20, 1, 1, 3, NULL, NULL, NULL),
(29, '', '03.01.2017', '04.01.2017', '04.01.2017', 1, 0, 0, 2, 0.00000999, 0.000128, 4, 9, 9, 1, 5, 21, 1, 1, 3, NULL, NULL, NULL),
(30, '', '03.01.2017', '04.01.2017', '04.01.2017', 1, 0, 0, 2, 0.000038, 0.000955, 4, 9, 31, 1, 5, 21, 1, 1, 3, NULL, NULL, NULL),
(31, '', '21.12.2016', '22.12.2016', '27.12.2016', 1, 0.00424, 0, 2, 0.0317, 0.366, 2, 3, 47, 8, 3, 22, 1, 1, 3, NULL, NULL, NULL),
(32, '', '21.12.2016', '22.12.2016', '27.12.2016', 1, 0.00423, 0, 2, 0.0309, 0.355, 2, 3, 47, 8, 3, 23, 1, 1, 3, NULL, NULL, NULL),
(33, '', '21.12.2016', '22.12.2016', '27.12.2016', 1, 0, 0, 2, 0.0726, 0.867, 2, 3, 47, 8, 3, 24, 1, 1, 3, NULL, NULL, NULL),
(34, '', '21.12.2016', '22.12.2016', '27.12.2016', 1, 0, 0, 2, 0.0702, 0.837, 2, 3, 47, 8, 3, 25, 1, 1, 3, NULL, NULL, NULL),
(35, '', '22.12.2016', '27.12.2016', '27.12.2016', 1, 0.00187, 0, 2, 0, 0, 1, 9, 9, 1, 2, 26, 1, 1, 3, NULL, NULL, NULL),
(36, '', '22.12.2016', '27.12.2016', '27.12.2016', 1, 0.00214, 0, 2, 0, 0, 1, 9, 31, 1, 2, 26, 1, 1, 3, NULL, NULL, NULL),
(37, '', '22.12.2016', '27.12.2016', '27.12.2016', 1, 0.00185, 0, 2, 0, 0, 1, 9, 9, 1, 2, 27, 1, 1, 3, 1, NULL, NULL),
(38, '', '22.12.2016', '27.12.2016', '27.12.2016', 1, 0, 0, 2, 0.00103, 0.00208, 1, 9, 31, 1, 2, 27, 1, 1, 3, 7, NULL, NULL),
(39, '', '06.01.2017', '09.01.2017', '09.01.2017', 1, 0, 0, 2, 124000, 1500000, 4, 3, 47, 8, 5, 28, 1, 1, 3, NULL, NULL, NULL),
(40, '', '05.01.2017', '13.02.2017', '22.02.2017', 1, 22.2, 0, 2, 0, 0, 4, 15, 48, 3, 5, 29, 1, 1, 3, NULL, NULL, NULL),
(41, '', '05.01.2017', '13.02.2017', '22.02.2017', 1, 0, 0, 2, 15, 130, 4, 15, 49, 4, 5, 29, 1, 1, 3, NULL, NULL, NULL),
(42, '', '05.01.2017', '13.02.2017', '22.02.2017', 1, 0, 0, 2, 574, 5630, 4, 15, 50, 5, 5, 29, 1, 1, 3, NULL, NULL, NULL),
(43, '', '05.01.2017', '22.01.2017', '22.02.2017', 1, 22.4, 0, 2, 0, 0, 4, 15, 48, 3, 5, 32, 1, 1, 3, NULL, NULL, NULL),
(44, '', '05.01.2017', '22.01.2017', '22.02.2017', 1, 0, 0, 2, 81, 858, 4, 15, 49, 4, 5, 32, 1, 1, 3, NULL, NULL, NULL),
(45, '', '05.01.2017', '22.01.2017', '22.02.2017', 1, 0, 0, 2, 5.91, 9.34, 4, 15, 50, 5, 5, 32, 1, 1, 3, NULL, NULL, NULL),
(46, '', '10.01.2017', '23.01.2017', '22.02.2017', 1, 0, 0, 2, 0.137, 0.316, 4, 7, 51, 2, 5, 35, 1, 1, 3, NULL, NULL, NULL),
(47, '', '10.01.2017', '23.01.2017', '22.02.2017', 1, 0, 0, 2, 0.276, 1.91, 4, 7, 52, 2, 5, 35, 1, 1, 3, NULL, NULL, NULL),
(48, '', '10.01.2017', '23.01.2017', '22.02.2017', 1, 0, 0, 2, 0.107, 0.519, 4, 7, 45, 2, 5, 35, 1, 1, 3, NULL, NULL, NULL),
(49, '', '10.01.2017', '23.01.2017', '22.02.2017', 1, 0.0659, 0, 2, 0, 0, 4, 7, 53, 2, 5, 35, 1, 1, 3, NULL, NULL, NULL),
(50, '', '10.01.2017', '23.01.2017', '22.02.2017', 1, 0.0537, 0, 2, 0, 0, 4, 7, 54, 2, 5, 35, 1, 1, 3, NULL, NULL, NULL),
(51, '', '10.01.2017', '23.01.2017', '22.02.2017', 1, 0.066, 0, 2, 0, 0, 4, 7, 51, 2, 5, 36, 1, 1, 3, NULL, NULL, NULL),
(52, '', '10.01.2017', '23.01.2017', '22.02.2017', 1, 0.0544, 0, 2, 0, 0, 4, 7, 52, 2, 5, 36, 1, 1, 3, NULL, NULL, NULL),
(53, '', '10.01.2017', '23.01.2017', '22.02.2017', 1, 0, 0, 2, 0.115, 0.527, 4, 7, 45, 2, 5, 36, 1, 1, 3, NULL, NULL, NULL),
(54, '', '10.01.2017', '23.01.2017', '22.02.2017', 1, 0.0676, 0, 2, 0, 0, 4, 7, 53, 2, 5, 36, 1, 1, 3, NULL, NULL, NULL),
(55, '', '10.01.2017', '23.01.2017', '22.02.2017', 1, 0.0619, 0, 2, 0, 0, 4, 7, 54, 2, 5, 36, 1, 1, 3, NULL, NULL, NULL),
(56, '', '06.02.2017', '01.03.2017', '06.03.2017', 1, 0, 0, 2, 0.000000172, 0.00000192, 4, 1, 51, 2, 5, 38, 1, 1, 3, NULL, NULL, NULL),
(57, '', '06.02.2017', '01.03.2017', '06.03.2017', 1, 0, 0, 2, 0.000000193, 0.00000217, 4, 1, 52, 2, 5, 38, 1, 1, 3, NULL, NULL, NULL),
(58, '', '06.02.2017', '01.03.2017', '06.03.2017', 1, 0, 0, 2, 0.000000545, 0.0000057, 4, 1, 45, 2, 5, 38, 1, 1, 3, NULL, NULL, NULL),
(59, '', '06.02.2017', '01.03.2017', '06.03.2017', 1, 0, 0, 2, 0.00000000714, 0.0000000334, 4, 1, 53, 2, 5, 38, 1, 1, 3, NULL, NULL, NULL),
(60, '', '06.02.2017', '01.03.2017', '06.03.2017', 1, 0, 0, 2, 0.000000193, 0.00000199, 4, 1, 54, 2, 5, 38, 1, 1, 3, NULL, NULL, NULL),
(61, '', '06.02.2017', '01.03.2017', '06.03.2017', 1, 0, 0, 2, 0.00000204, 0.0000123, 4, 1, 50, 2, 5, 38, 1, 1, 3, NULL, NULL, NULL),
(62, '', '06.01.2017', '09.01.2017', '09.01.2017', 1, 0, 0, 2, 0.0252, 0.286, 2, 3, 47, 8, 3, 39, 1, 1, 3, NULL, NULL, NULL),
(63, '', '06.01.2017', '09.01.2017', '09.01.2017', 1, 0, 0, 2, 0.0249, 0.282, 2, 3, 47, 8, 3, 40, 1, 1, 3, NULL, NULL, NULL),
(64, '', '06.01.2017', '06.01.2017', '06.01.2017', 1, 0.587, 1, 2, 0, 0, NULL, 9, 9, 1, 1, 41, 1, 1, 3, NULL, NULL, NULL),
(65, '', '06.01.2017', '06.01.2017', '06.01.2017', 1, 0.3, 1, 2, 0, 0, NULL, 9, 31, 1, 1, 41, 1, 1, 3, NULL, NULL, NULL),
(66, '', '06.01.2017', '06.01.2017', '06.01.2017', 1, 0.414, 1, 2, 0, 0, NULL, 9, 9, 1, 1, 42, 1, 1, 3, NULL, NULL, NULL),
(67, '', '06.01.2017', '06.01.2017', '06.01.2017', 1, 0.354, 1, 2, 0, 0, NULL, 9, 31, 1, 1, 42, 1, 1, 3, NULL, NULL, NULL),
(68, '', '06.01.2017', '06.01.2017', '06.01.2017', 1, 0.433, 1, 2, 0, 0, NULL, 9, 9, 1, 1, 43, 1, 1, 3, NULL, NULL, NULL),
(69, '', '06.01.2017', '06.01.2017', '06.01.2017', 1, 0.28, 1, 2, 0, 0, NULL, 9, 31, 1, 1, 43, 1, 1, 3, NULL, NULL, NULL),
(70, '', '06.01.2017', '06.01.2017', '06.01.2017', 1, 0.346, 1, 2, 0, 0, NULL, 9, 9, 1, 1, 44, 1, 1, 3, NULL, NULL, NULL),
(71, '', '06.01.2017', '06.01.2017', '06.01.2017', 1, 0.3, 1, 2, 0, 0, NULL, 9, 31, 1, 1, 44, 1, 1, 3, NULL, NULL, NULL),
(72, '', '06.02.2017', '01.03.2017', '06.03.2017', 1, 0, 0, 2, 0.0000000124, 0.0000000617, 4, 1, 51, 2, 5, 45, 1, 1, 3, NULL, NULL, NULL),
(73, '', '06.02.2017', '01.03.2017', '06.03.2017', 1, 0, 0, 2, 0.0000000157, 0.000000106, 4, 1, 52, 2, 5, 45, 1, 1, 3, NULL, NULL, NULL),
(74, '', '06.02.2017', '01.03.2017', '06.03.2017', 1, 0, 0, 2, 0.000000034, 0.000000293, 4, 1, 45, 2, 5, 45, 1, 1, 3, NULL, NULL, NULL),
(75, '', '06.02.2017', '01.03.2017', '06.03.2017', 1, 0.00000000437, 0, 2, 0, 0, 4, 1, 53, 2, 5, 45, 1, 1, 3, NULL, NULL, NULL),
(76, '', '06.02.2017', '01.03.2017', '06.03.2017', 1, 0, 0, 2, 0.0000000112, 0.0000000613, 4, 1, 54, 2, 5, 45, 1, 1, 3, NULL, NULL, NULL),
(77, '', '06.02.2017', '01.03.2017', '06.03.2017', 1, 0, 0, 2, 0.000000706, 0.00000172, 4, 1, 50, 2, 5, 45, 1, 1, 3, NULL, NULL, NULL),
(78, '', '06.01.2017', '09.01.2017', '09.01.2017', 1, 0.00413, 0, 2, 0.0793, 0.949, 2, 3, 47, 8, 3, 46, 1, 1, 3, NULL, NULL, NULL),
(79, '', '06.01.2017', '09.01.2017', '09.01.2017', 1, 0.00424, 0, 2, 0.0833, 0.996, 2, 3, 47, 8, 3, 47, 1, 1, 3, NULL, NULL, NULL),
(80, '', '11.01.2017', '12.01.2017', '12.01.2017', 1, 0.00104, 0, 2, 0, 0, 1, 9, 9, 1, 2, 48, 1, 1, 3, NULL, NULL, NULL),
(81, '', '11.01.2017', '12.01.2017', '12.01.2017', 1, 0.00162, 0, 2, 0, 0, 1, 9, 31, 1, 2, 48, 1, 1, 3, NULL, NULL, NULL),
(82, '', '11.01.2017', '12.01.2017', '12.01.2017', 1, 0.00109, 0, 2, 0, 0, 1, 9, 9, 1, 2, 49, 1, 1, 3, NULL, NULL, NULL),
(83, '', '11.01.2017', '12.01.2017', '12.01.2017', 1, 0.0011, 0, 2, 0, 0, 1, 9, 31, 1, 2, 49, 1, 1, 3, NULL, NULL, NULL),
(84, '', '01.02.2017', '06.02.2017', '06.02.2017', 1, 0.116, 0, 2, 0.0752, 0.134, 4, 13, 46, 7, 5, 50, 1, 1, 3, NULL, NULL, NULL),
(85, '', '01.02.2017', '06.02.2017', '06.02.2017', 1, 0.121, 0, 2, 0.0804, 0.166, 4, 13, 46, 7, 5, 51, 1, 1, 3, NULL, NULL, NULL),
(86, '', '01.02.2017', '06.02.2017', '06.02.2017', 1, 0.134, 0, 2, 0.902, 8.21, 4, 13, 46, 7, 5, 52, 1, 1, 3, NULL, NULL, NULL),
(87, '', '01.02.2017', '06.02.2017', '06.02.2017', 1, 0.139, 0, 2, 0.897, 8.19, 4, 13, 46, 7, 5, 53, 1, 1, 3, NULL, NULL, NULL),
(88, '', '19.01.2017', '20.01.2017', '20.01.2017', 1, 0.00397, 0, 2, 0.0377, 0.44, 2, 3, 47, 8, 3, 54, 1, 1, 3, NULL, NULL, NULL),
(89, '', '19.01.2017', '20.01.2017', '20.01.2017', 1, 0.00397, 0, 2, 0.0363, 0.423, 2, 3, 47, 8, 3, 55, 1, 1, 3, NULL, NULL, NULL),
(90, '', '19.01.2017', '20.01.2017', '20.01.2017', 1, 0.00393, 0, 2, 0.0921, 1.11, 2, 3, 47, 8, 3, 56, 1, 1, 3, NULL, NULL, NULL),
(91, '', '19.01.2017', '20.01.2017', '20.01.2017', 1, 0.00393, 0, 2, 0.0887, 1.06, 2, 3, 47, 8, 3, 57, 1, 1, 3, NULL, NULL, NULL),
(92, '', '23.01.2017', '24.01.2017', '24.01.2017', 1, 0.00137, 0, 2, 0, 0, 4, 9, 9, 1, 5, 58, 1, 1, 3, NULL, NULL, NULL),
(93, '', '23.01.2017', '24.01.2017', '24.01.2017', 1, 0.00124, 0, 2, 0, 0, 4, 9, 31, 1, 5, 58, 1, 1, 3, NULL, NULL, NULL),
(94, '', '23.01.2017', '24.01.2017', '24.01.2017', 1, 0.00134, 0, 2, 0, 0, 4, 9, 9, 1, 5, 59, 1, 1, 3, NULL, NULL, NULL),
(95, '', '23.01.2017', '24.01.2017', '24.01.2017', 1, 0.00112, 0, 2, 0, 0, 4, 9, 31, 1, 5, 59, 1, 1, 3, NULL, NULL, NULL),
(96, '', '26.01.2017', '30.01.2017', '30.01.2017', 1, 1.74, 0, 2, 0, 0, 3, 9, 9, 1, 4, 60, 1, 1, 3, NULL, NULL, NULL),
(97, '', '26.01.2017', '30.01.2017', '30.01.2017', 1, 1.58, 0, 2, 0, 0, 3, 9, 31, 1, 4, 60, 1, 1, 3, NULL, NULL, NULL),
(98, '', '26.01.2017', '30.01.2017', '30.01.2017', 1, 1.84, 0, 2, 0, 0, 3, 9, 9, 1, 4, 61, 1, 1, 3, NULL, NULL, NULL),
(99, '', '26.01.2017', '30.01.2017', '30.01.2017', 1, 1.9, 0, 2, 0, 0, 3, 9, 31, 1, 4, 61, 1, 1, 3, NULL, NULL, NULL),
(100, '', '26.01.2017', '30.01.2017', '30.01.2017', 1, 1.61, 0, 2, 0, 0, 3, 9, 9, 1, 4, 62, 1, 1, 3, NULL, NULL, NULL),
(101, '', '26.01.2017', '30.01.2017', '30.01.2017', 1, 1.8, 0, 2, 0, 0, 3, 9, 31, 1, 4, 62, 1, 1, 3, NULL, NULL, NULL),
(102, '', '26.01.2017', '30.01.2017', '30.01.2017', 1, 1.55, 0, 2, 0, 0, 3, 9, 9, 1, 4, 63, 1, 1, 3, NULL, NULL, NULL),
(103, '', '26.01.2017', '30.01.2017', '30.01.2017', 1, 1.71, 0, 2, 0, 0, 3, 9, 31, 1, 4, 63, 1, 1, 3, NULL, NULL, NULL),
(104, '', '26.01.2017', '30.01.2017', '30.01.2017', 1, 1.41, 0, 2, 0, 0, 3, 9, 9, 1, 4, 64, 1, 1, 3, NULL, NULL, NULL),
(105, '', '26.01.2017', '30.01.2017', '30.01.2017', 1, 2.08, 0, 2, 0, 0, 3, 9, 31, 1, 4, 64, 1, 1, 3, NULL, NULL, NULL),
(106, '', '26.01.2017', '30.01.2017', '30.01.2017', 1, 1.55, 0, 2, 0, 0, 3, 9, 9, 1, 4, 65, 1, 1, 3, NULL, NULL, NULL),
(107, '', '26.01.2017', '30.01.2017', '30.01.2017', 1, 1.68, 0, 2, 0, 0, 3, 9, 31, 1, 4, 65, 1, 1, 3, NULL, NULL, NULL),
(108, '', '26.01.2017', '30.01.2017', '30.01.2017', 1, 1.7, 0, 2, 0, 0, 3, 9, 9, 1, 4, 66, 1, 1, 3, NULL, NULL, NULL),
(109, '', '26.01.2017', '30.01.2017', '30.01.2017', 1, 1.73, 0, 2, 0, 0, 3, 9, 31, 1, 4, 66, 1, 1, 3, NULL, NULL, NULL),
(111, '', '26.01.2017', '30.01.2017', '30.01.2017', 1, 0, 0, 2, 2.77, 41.3, 3, 9, 9, 1, 4, 67, 1, 1, 3, NULL, NULL, NULL),
(112, '', '26.01.2017', '30.01.2017', '30.01.2017', 1, 0, 0, 2, 77.8, 2670, 3, 9, 31, 1, 4, 67, 1, 1, 3, NULL, NULL, NULL),
(113, '', '26.01.2017', '30.01.2017', '30.01.2017', 1, 0, 0, 2, 2.1, 23.9, 3, 9, 9, 1, 4, 68, 1, 1, 3, NULL, NULL, NULL),
(114, '', '26.01.2017', '30.01.2017', '30.01.2017', 1, 0, 0, 2, 1.75, 17.4, 3, 9, 30, 1, 4, 68, 1, 1, 3, NULL, NULL, NULL),
(115, '', '26.01.2017', '30.01.2017', '30.01.2017', 1, 0, 0, 2, 340, 12100, 3, 9, 31, 1, 4, 68, 1, 1, 3, NULL, NULL, NULL),
(116, '', '27.01.2017', '30.01.2017', '30.01.2017', 1, 1.71, 0, 2, 0, 0, 3, 9, 9, 1, 4, 69, 1, 1, 3, NULL, NULL, NULL),
(117, '', '27.01.2017', '30.01.2017', '30.01.2017', 1, 1.9, 0, 2, 0, 0, 3, 9, 31, 1, 4, 69, 1, 1, 3, NULL, NULL, NULL),
(118, '', '27.01.2017', '30.01.2017', '30.01.2017', 1, 1.85, 0, 2, 0, 0, 3, 9, 9, 1, 4, 70, 1, 1, 3, NULL, NULL, NULL),
(119, '', '27.01.2017', '30.01.2017', '30.01.2017', 1, 1.88, 0, 2, 0, 0, 3, 9, 31, 1, 4, 70, 1, 1, 3, NULL, NULL, NULL),
(120, '', '27.01.2017', '30.01.2017', '30.01.2017', 1, 1.79, 0, 2, 0, 0, 3, 9, 9, 1, 4, 71, 1, 1, 3, NULL, NULL, NULL),
(121, '', '27.01.2017', '30.01.2017', '30.01.2017', 1, 1.83, 0, 2, 0, 0, 3, 9, 31, 1, 4, 71, 1, 1, 3, NULL, NULL, NULL),
(122, '', '27.01.2017', '30.01.2017', '30.01.2017', 1, 1.79, 0, 2, 0, 0, 3, 9, 9, 1, 4, 72, 1, 1, 3, NULL, NULL, NULL),
(123, '', '27.01.2017', '30.01.2017', '30.01.2017', 1, 1.68, 0, 2, 0, 0, 3, 9, 31, 1, 4, 72, 1, 1, 3, NULL, NULL, NULL),
(124, '', '27.01.2017', '30.01.2017', '30.01.2017', 1, 1.3, 0, 2, 0, 0, 3, 9, 9, 1, 4, 73, 1, 1, 3, NULL, NULL, NULL),
(125, '', '27.01.2017', '30.01.2017', '30.01.2017', 1, 1.97, 0, 2, 0, 0, 3, 9, 31, 1, 4, 73, 1, 1, 3, NULL, NULL, NULL),
(126, '', '27.01.2017', '30.01.2017', '30.01.2017', 1, 1.83, 0, 2, 0, 0, 3, 9, 9, 1, 4, 74, 1, 1, 3, NULL, NULL, NULL),
(127, '', '27.01.2017', '30.01.2017', '30.01.2017', 1, 1.66, 0, 2, 0, 0, 3, 9, 31, 1, 4, 74, 1, 1, 3, NULL, NULL, NULL),
(128, '', '27.01.2017', '30.01.2017', '30.01.2017', 1, 1.34, 0, 2, 0, 0, 3, 9, 9, 1, 4, 75, 1, 1, 3, NULL, NULL, NULL),
(129, '', '27.01.2017', '30.01.2017', '30.01.2017', 1, 1.48, 0, 2, 0, 0, 3, 9, 31, 1, 4, 75, 1, 1, 3, NULL, NULL, NULL),
(131, '', '27.01.2017', '30.01.2017', '30.01.2017', 1, 1.48, 0, 2, 0, 0, 3, 9, 9, 1, 4, 76, 1, 1, 3, NULL, NULL, NULL),
(132, '', '27.01.2017', '30.01.2017', '30.01.2017', 1, 1.3, 0, 2, 0, 0, 3, 9, 31, 1, 4, 76, 1, 1, 3, NULL, NULL, NULL),
(133, '', '26.01.2017', '27.01.2017', '27.01.2017', 1, 0.00115, 0, 2, 0, 0, 1, 9, 9, 1, 2, 77, 1, 1, 3, 7, NULL, NULL),
(134, '', '26.01.2017', '27.01.2017', '27.01.2017', 1, 0, 0, 2, 0.00499, 0.0202, 1, 9, 31, 1, 2, 77, 1, 1, 3, 7, NULL, NULL),
(135, '', '31.01.2017', '02.02.2017', '02.02.2017', 1, 0, 0, 2, 0.000152, 0.00636, 4, 9, 9, 1, 5, 78, 1, 1, 3, NULL, NULL, NULL),
(136, '', '31.01.2017', '02.02.2017', '02.02.2017', 1, 0, 0, 2, 0.000122, 0.00417, 4, 9, 31, 1, 5, 78, 1, 1, 3, NULL, NULL, NULL),
(137, '', '31.01.2017', '02.02.2017', '02.02.2017', 1, 0, 0, 2, 0.0000343, 0.000946, 4, 9, 9, 1, 5, 79, 1, 1, 3, NULL, NULL, NULL),
(138, '', '31.01.2017', '02.02.2017', '02.02.2017', 1, 0, 0, 2, 0.0000248, 0.000441, 4, 9, 31, 1, 5, 79, 1, 1, 3, NULL, NULL, NULL),
(139, '', '31.01.2017', '02.02.2017', '02.02.2017', 1, 217, 0, 2, 0, 0, 4, 9, 9, 1, 5, 80, 1, 1, 3, NULL, NULL, NULL),
(140, '', '31.01.2017', '02.02.2017', '02.02.2017', 1, 0, 0, 2, 74.6, 259, 4, 9, 31, 1, 5, 80, 1, 1, 3, NULL, NULL, NULL),
(141, '', '01.02.2017', '01.02.2017', '02.02.2017', 1, 221, 0, 2, 0, 0, 4, 9, 9, 1, 5, 81, 1, 1, 3, NULL, NULL, NULL),
(142, '', '01.02.2017', '01.02.2017', '02.02.2017', 1, 0, 0, 2, 121, 944, 4, 9, 31, 1, 5, 81, 1, 1, 3, NULL, NULL, NULL),
(143, '', '01.02.2017', '02.02.2017', '02.02.2017', 1, 232, 0, 2, 0, 0, 4, 9, 9, 1, 5, 82, 1, 1, 3, NULL, NULL, NULL),
(144, '', '01.02.2017', '02.02.2017', '02.02.2017', 1, 0, 0, 2, 300, 4840, 4, 9, 31, 1, 5, 82, 1, 1, 3, NULL, NULL, NULL),
(145, '', '01.02.2017', '06.02.2017', '06.02.2017', 1, 4650, 0, 2, 0, 0, 4, 3, 47, 8, 5, 83, 1, 1, 3, NULL, NULL, NULL),
(147, '', '01.02.2017', '06.02.2017', '06.02.2017', 1, 0, 0, 2, 34400, 400000, 4, 3, 47, 8, 5, 102, 1, 1, 3, NULL, NULL, NULL),
(148, '', '03.02.2017', '06..02.2017', '06.02.2017', 1, 0.00454, 0, 2, 0.0271, 0.31, 2, 3, 47, 8, 3, 103, 1, 1, 3, NULL, NULL, NULL),
(149, '', '03.02.2017', '06..02.2017', '06.02.2017', 1, 0.00461, 0, 2, 0.0266, 0.303, 2, 3, 47, 8, 3, 104, 1, 1, 3, NULL, NULL, NULL),
(150, '', '03.02.2017', '06.02.2017', '06.02.2017', 1, 0.0046, 0, 2, 0.11, 1.33, 2, 3, 47, 8, 3, 105, 1, 1, 3, NULL, NULL, NULL),
(151, '', '03.02.2017', '06.02.2017', '06.02.2017', 1, 0.00464, 0, 2, 0.106, 1.28, 2, 3, 47, 8, 3, 106, 1, 1, 3, NULL, NULL, NULL),
(152, '', '03.02.2017', '07.02.2017', '07.02.2017', 1, 0, 1, 2, 0.207, 0.718, NULL, 9, 9, 1, 1, 107, 1, 1, 3, NULL, NULL, NULL),
(153, '', '03.02.2017', '07.02.2017', '07.02.2017', 1, 0, 1, 2, 0.284, 1.19, NULL, 9, 31, 1, 1, 107, 1, 1, 3, NULL, NULL, NULL),
(154, '', '03.02.2017', '07.02.2017', '07.02.2017', 1, 0.49, 1, 2, 0, 0, NULL, 9, 9, 1, 1, 108, 1, 1, 3, NULL, NULL, NULL),
(155, '', '03.02.2017', '07.02.2017', '07.02.2017', 1, 0.362, 1, 2, 0, 0, NULL, 9, 31, 1, 1, 108, 1, 1, 3, NULL, NULL, NULL),
(156, '', '03.02.2017', '07.02.2017', '07.02.2017', 1, 0.463, 1, 2, 0, 0, NULL, 9, 9, 1, 1, 109, 1, 1, 3, NULL, NULL, NULL),
(157, '', '03.02.2017', '07.02.2017', '07.02.2017', 1, 0.378, 1, 2, 0, 0, NULL, 9, 31, 1, 1, 109, 1, 1, 3, NULL, NULL, NULL),
(158, '', '03.02.2017', '07.02.2017', '07.02.2017', 1, 0.401, 1, 2, 0, 0, NULL, 9, 9, 1, 1, 110, 1, 1, 3, NULL, NULL, NULL),
(159, '', '03.02.2017', '07.02.2017', '07.02.2017', 1, 0.28, 1, 2, 0, 0, NULL, 9, 31, 1, 1, 110, 1, 1, 3, NULL, NULL, NULL),
(160, '', '14.02.2017', '16.02.2017', '16.02.2017', 1, 1.81, 0, 2, 0, 0, 3, 9, 9, 1, 4, 111, 1, 1, 3, NULL, NULL, NULL),
(161, '', '14.02.2017', '16.02.2017', '16.02.2017', 1, 1.9, 0, 2, 0, 0, 3, 9, 31, 1, 4, 111, 1, 1, 3, NULL, NULL, NULL),
(162, '', '14.02.2017', '16.02.2017', '16.02.2017', 1, 1.65, 0, 2, 0, 0, 3, 9, 9, 1, 4, 112, 1, 1, 3, NULL, NULL, NULL),
(163, '', '14.02.2017', '16.02.2017', '16.02.2017', 1, 1.54, 0, 2, 0, 0, 3, 9, 31, 1, 4, 112, 1, 1, 3, NULL, NULL, NULL),
(164, '', '14.02.2017', '16.02.2017', '16.02.2017', 1, 1.21, 0, 2, 0, 0, 3, 9, 9, 1, 4, 113, 1, 1, 3, NULL, NULL, NULL),
(165, '', '14.02.2017', '16.02.2017', '16.02.2017', 1, 0, 0, 2, 0.805, 2.03, 3, 9, 31, 1, 4, 113, 1, 1, 3, NULL, NULL, NULL),
(166, '', '14.02.2017', '16.02.2017', '16.02.2017', 1, 1.44, 0, 2, 0, 0, 3, 9, 9, 1, 4, 114, 1, 1, 3, NULL, NULL, NULL),
(167, '', '14.02.2017', '16.02.2017', '16.02.2017', 1, 0, 0, 2, 0.801, 2.4, 3, 9, 31, 1, 4, 114, 1, 1, 3, NULL, NULL, NULL),
(168, '', '14.02.2017', '16.02.2017', '16.02.2017', 1, 1.56, 0, 2, 0, 0, 3, 9, 9, 1, 4, 115, 1, 1, 3, NULL, NULL, NULL),
(169, '', '14.02.2017', '16.02.2017', '16.02.2017', 1, 0, 0, 2, 1.49, 8.22, 3, 9, 31, 1, 4, 115, 1, 1, 3, NULL, NULL, NULL),
(170, '', '14.02.2017', '16.02.2017', '16.02.2017', 1, 1.41, 0, 2, 0, 0, 3, 9, 9, 1, 4, 116, 1, 1, 3, NULL, NULL, NULL),
(171, '', '14.02.2017', '16.02.2017', '16.02.2017', 1, 0, 0, 2, 0.88, 3.01, 3, 9, 31, 1, 4, 116, 1, 1, 3, NULL, NULL, NULL),
(172, '', '14.02.2017', '16.02.2017', '16.02.2017', 1, 1.66, 0, 2, 0, 0, 3, 9, 9, 1, 4, 117, 1, 1, 3, NULL, NULL, NULL),
(173, '', '14.02.2017', '16.02.2017', '16.02.2017', 1, 2.59, 0, 2, 0, 0, 3, 9, 31, 1, 4, 117, 1, 1, 3, NULL, NULL, NULL),
(175, '', '14.02.2017', '16.02.2017', '16.02.2017', 1, 1.48, 0, 2, 0, 0, 3, 9, 9, 1, 4, 118, 1, 1, 3, NULL, NULL, NULL),
(176, '', '14.02.2017', '16.02.2017', '16.02.2017', 1, 0, 0, 2, 45.2, 1500, 3, 9, 31, 1, 4, 118, 1, 1, 3, NULL, NULL, NULL),
(177, '', '14.02.2017', '16.02.2017', '16.02.2017', 1, 1.76, 0, 2, 0, 0, 3, 9, 9, 1, 4, 119, 1, 1, 3, NULL, NULL, NULL),
(178, '', '14.02.2017', '16.02.2017', '16.02.2017', 1, 0, 0, 2, 1.03, 3.95, 3, 9, 31, 1, 4, 119, 1, 1, 3, NULL, NULL, NULL),
(179, '', '14.02.2017', '16.02.2017', '16.02.2017', 1, 1.91, 0, 2, 0, 0, 3, 9, 9, 1, 4, 120, 1, 1, 3, NULL, NULL, NULL),
(180, '', '14.02.2017', '16.02.2017', '16.02.2017', 1, 1.62, 0, 2, 0, 0, 3, 9, 31, 1, 4, 120, 1, 1, 3, NULL, NULL, NULL),
(181, '', '14.02.2017', '17.02.2017', '17.02.2017', 1, 0, 0, 2, 3.3, 10.2, 5, 9, 9, 1, 6, 121, 1, 1, 3, NULL, NULL, NULL),
(182, '', '14.02.2017', '17.02.2017', '17.02.2017', 1, 0, 0, 2, 75.1, 317, 5, 9, 31, 1, 6, 121, 1, 1, 3, NULL, NULL, NULL),
(183, '', '14.02.2017', '17.02.2017', '17.02.2017', 1, 0, 0, 2, 10.5, 39.9, 5, 9, 9, 1, 6, 122, 1, 1, 3, NULL, NULL, NULL),
(184, '', '14.02.2017', '17.02.2017', '17.02.2017', 1, 0, 0, 2, 223, 970, 5, 9, 31, 1, 6, 122, 1, 1, 3, NULL, NULL, NULL),
(185, '', '14.02.2017', '17.02.2017', '17.02.2017', 1, 0, 0, 2, 5.86, 20.5, 5, 9, 9, 1, 6, 123, 1, 1, 3, NULL, NULL, NULL),
(186, '', '14.02.2017', '17.02.2017', '17.02.2017', 1, 0, 0, 2, 221, 960, 5, 9, 31, 1, 6, 123, 1, 1, 3, NULL, NULL, NULL),
(187, '', '14.02.2017', '17.02.2017', '17.02.2017', 1, 0, 0, 2, 9.01, 34, 5, 9, 9, 1, 6, 124, 1, 1, 3, NULL, NULL, NULL),
(188, '', '14.02.2017', '17.02.2017', '17.02.2017', 1, 0, 0, 2, 187, 814, 5, 9, 31, 1, 6, 124, 1, 1, 3, NULL, NULL, NULL),
(189, '', '14.02.2017', '17.02.2017', '17.02.2017', 1, 2.46, 0, 2, 0, 0, 5, 9, 9, 1, 6, 125, 1, 1, 3, NULL, NULL, NULL),
(190, '', '14.02.2017', '17.02.2017', '17.02.2017', 1, 0, 0, 2, 7.59, 25, 5, 9, 31, 1, 6, 125, 1, 1, 3, NULL, NULL, NULL),
(191, '', '14.02.2017', '17.02.2017', '17.02.2017', 1, 3.1, 0, 2, 0, 0, 5, 9, 9, 1, 6, 126, 1, 1, 3, NULL, NULL, NULL),
(192, '', '14.02.2017', '17.02.2017', '17.02.2017', 1, 0, 0, 2, 11.2, 40.4, 5, 9, 31, 1, 6, 126, 1, 1, 3, NULL, NULL, NULL),
(193, '', '14.02.2017', '17.02.2017', '17.02.2017', 1, 2.47, 0, 2, 0, 0, 5, 9, 9, 1, 6, 127, 1, 1, 3, NULL, NULL, NULL),
(194, '', '14.02.2017', '17.02.2017', '17.02.2017', 1, 0, 0, 2, 13.2, 49.4, 5, 9, 31, 1, 6, 127, 1, 1, 3, NULL, NULL, NULL),
(196, '', '14.02.2017', '17.02.2017', '17.02.2017', 1, 3.11, 0, 2, 0, 0, 5, 9, 9, 1, 6, 128, 1, 1, 3, NULL, NULL, NULL),
(197, '', '14.02.2017', '17.02.2017', '17.02.2017', 1, 0, 0, 2, 12, 43.4, 5, 9, 31, 1, 6, 128, 1, 1, 3, NULL, NULL, NULL),
(198, '', '15.02.2017', '07.03.2017', '07.03.2017', 1, 0.0543, 0, 2, 0.0438, 0.224, 4, 13, 46, 7, 5, 129, 1, 1, 3, NULL, NULL, NULL),
(199, '', '15.02.2017', '07.03.2017', '07.03.2017', 1, 0.057, 0, 2, 0.0506, 0.298, 4, 13, 46, 7, 5, 130, 1, 1, 3, NULL, NULL, NULL),
(200, '', '15.02.2017', '07.03.2017', '07.03.2017', 1, 0.0675, 0, 2, 0.775, 7.35, 4, 13, 46, 7, 5, 131, 1, 1, 3, NULL, NULL, NULL),
(201, '', '15.02.2017', '07.03.2017', '07.03.2017', 1, 0.065, 0, 2, 0.785, 7.44, 4, 13, 46, 7, 5, 132, 1, 1, 3, NULL, NULL, NULL),
(202, '', '15.02.2017', '16.02.2017', '16.02.2017', 1, 0, 0, 2, 0.000511, 0.00134, 1, 9, 9, 1, 2, 133, 1, 1, 3, NULL, NULL, NULL),
(203, '', '15.02.2017', '16.02.2017', '16.02.2017', 1, 0, 0, 2, 0.006, 0.0246, 1, 9, 31, 1, 2, 133, 1, 1, 3, NULL, NULL, NULL),
(204, '', '17.02.2017', '20.02.2017', '20.02.2017', 1, 0.00417, 0, 2, 0.0158, 0.171, 2, 3, 47, 8, 3, 134, 1, 1, 3, NULL, NULL, NULL),
(205, '', '17.02.2017', '20.02.2017', '20.02.2017', 1, 0.00416, 0, 2, 0.0174, 0.19, 2, 3, 47, 8, 3, 135, 1, 1, 3, NULL, NULL, NULL),
(206, '', '17.02.2017', '20.02.2017', '20.02.2017', 1, 0.00415, 0, 2, 0.0765, 0.915, 2, 3, 47, 8, 3, 136, 1, 1, 3, NULL, NULL, NULL),
(207, '', '17.02.2017', '20.02.2017', '20.02.2017', 1, 0.00408, 0, 2, 0.0746, 0.892, 2, 3, 47, 8, 3, 137, 1, 1, 3, NULL, NULL, NULL),
(208, '', '22.02.2017', '23.02.2017', '23.02.2017', 1, 0.00175, 0, 2, 0, 0, 1, 9, 9, 1, 2, 138, 1, 1, 3, NULL, NULL, NULL),
(209, '', '22.02.2017', '23.02.2017', '23.02.2017', 1, 0, 0, 2, 0.00143, 0.00398, 1, 9, 31, 1, 2, 138, 1, 1, 3, NULL, NULL, NULL),
(210, '', '15.02.2017', '24.02.2017', '24.02.2017', 1, 0, 0, 2, 414, 3080, 4, 15, 50, 5, 5, 139, 1, 1, 3, NULL, NULL, NULL),
(211, '', '15.02.2017', '24.02.2017', '24.02.2017', 1, 0, 0, 2, 625, 4960, 4, 15, 50, 5, 5, 140, 1, 1, 3, NULL, NULL, NULL),
(212, '', '27.02.2017', '01.03.2017', '01.03.2017', 1, 0, 0, 2, 0.00756, 0.0307, 1, 9, 9, 1, 2, 141, 1, 1, 3, 1, NULL, NULL),
(213, '', '27.02.2017', '01.03.2017', '01.03.2017', 1, 0, 0, 2, 2.74, 12.2, 1, 9, 31, 1, 2, 141, 1, 1, 3, 1, NULL, NULL),
(214, '', '27.02.2017', '01.03.2017', '01.03.2017', 1, 0.00171, 0, 2, 0, 0, 1, 9, 9, 1, 2, 142, 1, 1, 3, 1, NULL, NULL),
(215, '', '27.02.2017', '01.03.2017', '01.03.2017', 1, 0, 0, 2, 0.00927, 0.038, 1, 9, 31, 1, 2, 142, 1, 1, 3, 1, NULL, NULL),
(216, '', '24.02.2017', '09.03.2017', '09.03.2017', 1, 0, 0, 2, 7.01, 35.7, 4, 15, 50, 5, 5, 143, 1, 1, 3, NULL, NULL, NULL),
(227, '', '28.02.2017', '01.03.2017', '01.03.2017', 1, 229, 0, 2, 0, 0, 4, 9, 9, 1, 5, 149, 1, 1, 3, NULL, NULL, NULL),
(228, '', '28.02.2017', '01.03.2017', '01.03.2017', 1, 0, 0, 2, 144, 1180, 4, 9, 31, 1, 5, 149, 1, 1, 3, NULL, NULL, NULL),
(229, '', '28.02.2017', '01.03.2017', '01.03.2017', 1, 214, 0, 2, 0, 0, 4, 9, 9, 1, 5, 150, 1, 1, 3, NULL, NULL, NULL),
(230, '', '28.02.2017', '01.03.2017', '01.03.2017', 1, 0, 0, 2, 311, 5620, 4, 9, 31, 1, 5, 150, 1, 1, 3, NULL, NULL, NULL),
(231, '', '27.02.2017', '01.03.2017', '01.03.2017', 1, 0, 1829.25, 2, 0.00448, 0.0198, 1, 9, 9, 1, 2, 151, 1, 1, 3, 1, NULL, NULL),
(232, '', '27.02.2017', '01.03.2017', '01.03.2017', 1, 0, 1829.25, 2, 2.52, 11.2, 1, 9, 31, 1, 2, 151, 1, 1, 3, 1, NULL, NULL),
(234, 'C:\\GENIE2K\\REPFILES\\3783-1.RPT', '02.01.2019', '03.01.2019', '10.01.2019', 1, 264, 0.001, 2, 167, 1590, 9, 9, 31, 1, 5, 154, 8, 2, 3, NULL, NULL, NULL),
(235, 'C:\\GENIE2K\\REPFILES\\3783-1.RPT', '02.01.2019', '03.01.2019', '10.01.2019', 0, 204, 0.001, 2, 0, 0, 9, 9, 5, 1, 5, 154, 8, 2, 3, NULL, NULL, NULL),
(236, 'C:\\GENIE2K\\REPFILES\\3783-1.RPT', '02.01.2019', '03.01.2019', '10.01.2019', 1, 240, 0.001, 2, 0, 0, 9, 9, 9, 1, 5, 154, 8, 2, 3, NULL, NULL, NULL),
(237, 'C:\\GENIE2K\\REPFILES\\3783-1.RPT', '02.01.2019', '03.01.2019', '10.01.2019', 0, 278, 0.001, 2, 0, 0, 9, 9, 24, 1, 5, 154, 8, 2, 3, NULL, NULL, NULL),
(238, 'C:\\GENIE2K\\REPFILES\\3783-1.RPT', '02.01.2019', '03.01.2019', '10.01.2019', 0, 231, 0.001, 2, 0, 0, 9, 9, 30, 1, 5, 154, 8, 2, 3, NULL, NULL, NULL),
(239, 'C:\\GENIE2K\\REPFILES\\3783-2.RPT', '02.01.2019', '03.01.2019', '10.01.2019', 1, 242, 0.001, 2, 399, 8200, 9, 9, 31, 1, 5, 155, 8, 2, 3, NULL, NULL, NULL),
(240, 'C:\\GENIE2K\\REPFILES\\3783-2.RPT', '02.01.2019', '03.01.2019', '10.01.2019', 0, 205, 0.001, 2, 0, 0, 9, 9, 5, 1, 5, 155, 8, 2, 3, NULL, NULL, NULL),
(241, 'C:\\GENIE2K\\REPFILES\\3783-2.RPT', '02.01.2019', '03.01.2019', '10.01.2019', 1, 224, 0.001, 2, 0, 0, 9, 9, 9, 1, 5, 155, 8, 2, 3, NULL, NULL, NULL),
(242, 'C:\\GENIE2K\\REPFILES\\3783-2.RPT', '02.01.2019', '03.01.2019', '10.01.2019', 0, 292, 0.001, 2, 0, 0, 9, 9, 24, 1, 5, 155, 8, 2, 3, NULL, NULL, NULL),
(243, 'C:\\GENIE2K\\REPFILES\\3783-2.RPT', '02.01.2019', '03.01.2019', '10.01.2019', 0, 221, 0.001, 2, 0, 0, 9, 9, 30, 1, 5, 155, 8, 2, 3, NULL, NULL, NULL),
(244, 'C:\\GENIE2K\\REPFILES\\3783-2.RPT', '02.01.2019', '03.01.2019', '10.01.2019', 0, 748, 0.001, 2, 0, 0, 9, 9, 45, 1, 5, 155, 8, 2, 3, NULL, NULL, NULL),
(245, 'C:\\GENIE2K\\REPFILES\\3783-3.RPT', '02.01.2019', '03.01.2019', '10.01.2019', 0, 213, 0.001, 2, 0, 0, 9, 9, 17, 1, 5, 156, 8, 2, 3, NULL, NULL, NULL),
(246, 'C:\\GENIE2K\\REPFILES\\3783-3.RPT', '02.01.2019', '03.01.2019', '10.01.2019', 1, 226, 0.001, 2, 0, 0, 9, 9, 9, 1, 5, 156, 8, 2, 3, NULL, NULL, NULL),
(247, 'C:\\GENIE2K\\REPFILES\\3783-3.RPT', '02.01.2019', '03.01.2019', '10.01.2019', 0, 231, 0.001, 2, 0, 0, 9, 9, 24, 1, 5, 156, 8, 2, 3, NULL, NULL, NULL),
(248, 'C:\\GENIE2K\\REPFILES\\3783-3.RPT', '02.01.2019', '03.01.2019', '10.01.2019', 0, 218, 0.001, 2, 0, 0, 9, 9, 30, 1, 5, 156, 8, 2, 3, NULL, NULL, NULL),
(249, 'C:\\GENIE2K\\REPFILES\\3783-3.RPT', '02.01.2019', '03.01.2019', '10.01.2019', 1, 245, 0.001, 2, 0, 0, 9, 9, 31, 1, 5, 156, 8, 2, 3, NULL, NULL, NULL),
(250, 'L:\\ЛИ-РХ\\Excel_Изчисления_Tri Carb\\H-3_М.ЛИ-РХ-03_Tri Carb\\H3-BT-2018\\H3_3775-1_ВТ1-Декември_Ред 4-Т21.xls', '09.01.2019', '11.01.2019', '14.01.2019', 1, 0.00787, 9, 2, 0.0204, 0.229, 2, 3, 47, 8, 3, 157, 5, 3, 3, NULL, NULL, NULL),
(251, 'L:\\ЛИ-РХ\\Excel_Изчисления_Tri Carb\\H-3_М.ЛИ-РХ-03_Tri Carb\\H3-BT-2018\\H3_3775-2_ВТ1-Декември_Ред 4-Т21.xls', '09.01.2019', '11.01.2019', '14.01.2019', 1, 0.0078, 9, 2, 0.0206, 0.231, 2, 3, 47, 8, 3, 158, 5, 3, 3, NULL, NULL, NULL),
(252, 'L:\\ЛИ-РХ\\Excel_Изчисления_Tri Carb\\H-3_М.ЛИ-РХ-03_Tri Carb\\H3-BT-2018\\H3_3775-3_ВТ2-Декември_Ред 4-Т21.xls', '09.01.2019', '11.01.2019', '14.01.2019', 1, 0.00782, 9, 2, 0.0247, 0.282, 2, 3, 47, 8, 3, 159, 5, 3, 3, NULL, NULL, NULL),
(253, 'L:\\ЛИ-РХ\\Excel_Изчисления_Tri Carb\\H-3_М.ЛИ-РХ-03_Tri Carb\\H3-BT-2018\\H3_3775-4_ВТ2-Декември_Ред 4-Т21.xls', '09.01.2019', '11.01.2019', '14.01.2019', 1, 0.00783, 9, 2, 0.0257, 0.294, 2, 3, 47, 8, 3, 160, 5, 3, 3, NULL, NULL, NULL),
(254, 'L:\\ЛИ-РХ\\Excel - Изчисления\\C-14_M.ЛИ-РХ-15\\C-14_2018\\C-14_3776-1 BT-1-Ред 4-T05.xls', '08.01.2019', '14.01.2019', '14.01.2019', 1, 0.0646, 6.7795, 2, 0.0515, 0.238, 6, 13, 46, 7, 5, 161, 5, 3, 3, NULL, NULL, NULL),
(255, 'L:\\ЛИ-РХ\\Excel - Изчисления\\C-14_M.ЛИ-РХ-15\\C-14_2018\\C-14_3776-2 BT-1-Ред 4-T05.xls', '08.01.2019', '14.01.2019', '14.01.2019', 1, 0.0693, 6.8295, 2, 0.0524, 0.217, 6, 13, 46, 7, 5, 162, 5, 3, 3, NULL, NULL, NULL),
(256, 'L:\\ЛИ-РХ\\Excel - Изчисления\\C-14_M.ЛИ-РХ-15\\C-14_2018\\C-14_3776-3 BT-2-Ред 4-T05.xls', '08.01.2019', '14.01.2019', '14.01.2019', 1, 0.288, 8188.6, 2, 1.05, 8.72, 6, 13, 46, 7, 5, 163, 5, 3, 3, NULL, NULL, NULL),
(257, 'L:\\ЛИ-РХ\\Excel - Изчисления\\C-14_M.ЛИ-РХ-15\\C-14_2018\\C-14_3776-4 BT-2-Ред 4-T05.xls', '08.01.2019', '14.01.2019', '14.01.2019', 1, 0.285, 8.1874, 2, 0.997, 8.28, 6, 13, 46, 7, 5, 164, 5, 3, 3, NULL, NULL, NULL),
(258, 'C:\\GENIE2K\\REPFILES\\3782-1.RPT', '', '3.1.2019', '16.01.2019', 1, 0.0000162, 20100, 2, 0.0000215, 0.000241, 9, 9, 9, 1, 5, 170, 5, 2, 3, NULL, NULL, NULL),
(259, 'C:\\GENIE2K\\REPFILES\\3782-1.RPT', '', '3.1.2019', '16.01.2019', 1, 0.0000179, 20100, 2, 0.000027, 0.000292, 9, 9, 31, 1, 5, 170, 5, 2, 3, NULL, NULL, NULL),
(260, 'C:\\GENIE2K\\REPFILES\\3782-1.RPT', '', '3.1.2019', '16.01.2019', 0, 0.0000152, 20100, 2, 0, 0, 9, 9, 5, 1, 5, 170, 5, 2, 3, NULL, NULL, NULL),
(261, 'C:\\GENIE2K\\REPFILES\\3782-1.RPT', '', '3.1.2019', '16.01.2019', 0, 0.0000225, 20100, 2, 0, 0, 9, 9, 24, 1, 5, 170, 5, 2, 3, NULL, NULL, NULL),
(262, 'C:\\GENIE2K\\REPFILES\\3782-1.RPT', '', '3.1.2019', '16.01.2019', 0, 0.0000147, 20100, 2, 0, 0, 9, 9, 30, 1, 5, 170, 5, 2, 3, NULL, NULL, NULL),
(263, 'C:\\GENIE2K\\REPFILES\\3782-1.RPT', '', '3.1.2019', '16.01.2019', 0, 0.000101, 20100, 2, 0, 0, 9, 9, 45, 1, 5, 170, 5, 2, 3, NULL, NULL, NULL),
(264, 'C:\\GENIE2K\\REPFILES\\3782-2.RPT', '', '3.1.2019', '16.01.2019', 1, 0.0000116, 24200, 2, 0.0000136, 0.000141, 9, 9, 9, 1, 5, 171, 5, 2, 3, NULL, NULL, NULL),
(265, 'C:\\GENIE2K\\REPFILES\\3782-2.RPT', '', '3.1.2019', '16.01.2019', 1, 0.0000141, 24200, 2, 0.0000692, 0.000901, 9, 9, 31, 1, 5, 171, 5, 2, 3, NULL, NULL, NULL),
(266, 'C:\\GENIE2K\\REPFILES\\3782-2.RPT', '', '3.1.2019', '16.01.2019', 0, 0.0000124, 24200, 2, 0, 0, 9, 9, 5, 1, 5, 171, 5, 2, 3, NULL, NULL, NULL),
(267, 'C:\\GENIE2K\\REPFILES\\3782-2.RPT', '', '3.1.2019', '16.01.2019', 0, 0.0000169, 24200, 2, 0, 0, 9, 9, 24, 1, 5, 171, 5, 2, 3, NULL, NULL, NULL),
(268, 'C:\\GENIE2K\\REPFILES\\3782-2.RPT', '', '3.1.2019', '16.01.2019', 0, 0.000014, 24200, 2, 0, 0, 9, 9, 30, 1, 5, 171, 5, 2, 3, NULL, NULL, NULL),
(269, 'C:\\GENIE2K\\REPFILES\\3782-2.RPT', '', '3.1.2019', '16.01.2019', 0, 0.0000833, 24200, 2, 0, 0, 9, 9, 45, 1, 5, 171, 5, 2, 3, NULL, NULL, NULL),
(270, 'C:\\GENIE2K\\REPFILES\\3782-2.RPT', '', '3.1.2019', '16.01.2019', 1, 0.0000116, 24200, 2, 0.0000136, 0.000141, 9, 9, 9, 1, 5, 171, 5, 2, 3, NULL, NULL, NULL),
(271, 'C:\\GENIE2K\\REPFILES\\3782-2.RPT', '', '3.1.2019', '16.01.2019', 1, 0.0000141, 24200, 2, 0.0000692, 0.000901, 9, 9, 31, 1, 5, 171, 5, 2, 3, NULL, NULL, NULL),
(272, 'C:\\GENIE2K\\REPFILES\\3782-2.RPT', '', '3.1.2019', '16.01.2019', 0, 0.0000124, 24200, 2, 0, 0, 9, 9, 5, 1, 5, 171, 5, 2, 3, NULL, NULL, NULL),
(273, 'C:\\GENIE2K\\REPFILES\\3782-2.RPT', '', '3.1.2019', '16.01.2019', 0, 0.0000169, 24200, 2, 0, 0, 9, 9, 24, 1, 5, 171, 5, 2, 3, NULL, NULL, NULL),
(274, 'C:\\GENIE2K\\REPFILES\\3782-2.RPT', '', '3.1.2019', '16.01.2019', 0, 0.000014, 24200, 2, 0, 0, 9, 9, 30, 1, 5, 171, 5, 2, 3, NULL, NULL, NULL),
(275, 'C:\\GENIE2K\\REPFILES\\3782-2.RPT', '', '3.1.2019', '16.01.2019', 0, 0.0000833, 24200, 2, 0, 0, 9, 9, 45, 1, 5, 171, 5, 2, 3, NULL, NULL, NULL),
(276, 'C:\\3781-1.RPT', '', '31.12.2018', '16.01.2019', 0, 0.0000198, 1410, 2, 0, 0, 9, 9, 5, 1, 5, 173, 5, 2, 3, NULL, NULL, NULL),
(277, 'C:\\3781-1.RPT', '', '31.12.2018', '16.01.2019', 1, 0.0000239, 1410, 2, 0, 0, 9, 9, 9, 1, 5, 173, 5, 2, 3, NULL, NULL, NULL),
(278, 'C:\\3781-1.RPT', '', '31.12.2018', '16.01.2019', 0, 0.0000182, 1410, 2, 0, 0, 9, 9, 24, 1, 5, 173, 5, 2, 3, NULL, NULL, NULL),
(279, 'C:\\3781-1.RPT', '', '31.12.2018', '16.01.2019', 0, 0.0000194, 1410, 2, 0, 0, 9, 9, 30, 1, 5, 173, 5, 2, 3, NULL, NULL, NULL),
(280, 'C:\\3781-1.RPT', '', '31.12.2018', '16.01.2019', 1, 0.0000201, 1410, 2, 0, 0, 9, 9, 31, 1, 5, 173, 5, 2, 3, NULL, NULL, NULL),
(281, 'C:\\3781-1.RPT', '', '31.12.2018', '16.01.2019', 0, 0.0000376, 1410, 2, 0, 0, 9, 9, 45, 1, 5, 173, 5, 2, 3, NULL, NULL, NULL),
(282, '', '22.01.2019', '24.01.2019', '24.01.2019', 1, 4.91, 0.009, 2, 0, 0, 3, 3, 47, 8, 4, 179, 5, 3, 3, NULL, NULL, NULL),
(283, '', '22.01.2019', '24.01.2019', '24.01.2019', 1, 4.83, 0.009, 2, 0, 0, 3, 3, 47, 8, 4, 180, 5, 3, 3, NULL, NULL, NULL),
(284, '', '22.01.2019', '24.01.2019', '24.01.2019', 1, 4.77, 0.009, 2, 0, 0, 3, 3, 47, 8, 4, 181, 5, 3, 3, NULL, NULL, NULL),
(285, '', '22.01.2019', '24.01.2019', '24.01.2019', 1, 4.87, 0.009, 2, 0, 0, 3, 3, 47, 8, 4, 182, 5, 3, 3, NULL, NULL, NULL),
(286, '', '22.01.2019', '24.01.2019', '24.01.2019', 1, 4.78, 0.009, 2, 0, 0, 3, 3, 47, 8, 4, 183, 5, 3, 3, NULL, NULL, NULL),
(287, '', '22.01.2019', '24.01.2019', '24.01.2019', 1, 4.95, 0.009, 2, 28.3, 320, 3, 3, 47, 8, 4, 184, 5, 3, 3, NULL, NULL, NULL),
(288, '', '22.01.2019', '24.01.2019', '24.01.2019', 1, 4.77, 0.009, 2, 178, 2150, 3, 3, 47, 8, 4, 185, 5, 3, 3, NULL, NULL, NULL),
(289, '', '22.01.2019', '24.01.2019', '24.01.2019', 1, 4.81, 0.009, 2, 9.64, 90.8, 3, 3, 47, 8, 4, 186, 5, 3, 3, NULL, NULL, NULL),
(290, '', '22.01.2019', '24.01.2019', '24.01.2019', 1, 4.76, 0.009, 2, 0, 0, 3, 3, 47, 8, 4, 187, 5, 3, 3, NULL, NULL, NULL),
(291, '', '22.01.2019', '24.01.2019', '24.01.2019', 1, 4.74, 0.009, 2, 3.09, 5.39, 3, 3, 47, 8, 4, 188, 5, 3, 3, NULL, NULL, NULL),
(292, '', '22.01.2019', '24.01.2019', '24.01.2019', 1, 4.65, 0.009, 2, 0, 0, 3, 3, 47, 8, 4, 189, 5, 3, 3, NULL, NULL, NULL),
(293, '', '22.01.2019', '24.01.2019', '24.01.2019', 1, 4.64, 0.009, 2, 0, 0, 3, 3, 47, 8, 4, 190, 5, 3, 3, NULL, NULL, NULL),
(294, '', '22.01.2019', '24.01.2019', '24.01.2019', 1, 4.71, 0.009, 2, 0, 0, 3, 3, 47, 8, 4, 191, 5, 3, 3, NULL, NULL, NULL),
(295, '', '22.01.2019', '24.01.2019', '24.01.2019', 1, 4.79, 0.009, 2, 0, 0, 3, 3, 47, 8, 4, 192, 5, 3, 3, NULL, NULL, NULL),
(296, '', '24.01.2019', '28.01.2019', '30.01.2019', 1, 4.87, 0.009, 2, 6.1, 49, 3, 3, 47, 8, 4, 193, 7, 3, 3, NULL, NULL, NULL),
(297, '', '24.01.2019', '28.01.2019', '30.01.2019', 1, 4.78, 0.009, 2, 3.29, 9.33, 3, 3, 47, 8, 4, 194, 7, 3, 3, NULL, NULL, NULL),
(299, '', '24.01.2019', '28.01.2019', '30.01.2019', 1, 4.86, 0.009, 2, 0, 0, 3, 3, 47, 8, 4, 201, 7, 3, 3, NULL, NULL, NULL),
(300, '', '24.01.2019', '28.01.2019', '30.01.2019', 1, 4.73, 0.009, 2, 0, 0, 3, 3, 47, 8, 4, 195, 7, 3, 3, NULL, NULL, NULL),
(301, '', '24.01.2019', '28.01.2019', '30.01.2019', 1, 4.79, 0.009, 2, 0, 0, 3, 3, 47, 8, 4, 196, 7, 3, 3, NULL, NULL, NULL),
(302, '', '24.01.2019', '28.01.2019', '30.01.2019', 1, 4.7, 0.009, 2, 0, 0, 3, 3, 47, 8, 4, 197, 7, 3, 3, NULL, NULL, NULL),
(304, '', '24.01.2019', '28.01.2019', '30.01.2019', 1, 4.7, 0.009, 2, 12.8, 134, 3, 3, 47, 8, 4, 198, 7, 3, 3, NULL, NULL, NULL),
(305, '', '24.01.2019', '28.01.2019', '30.01.2019', 1, 4.76, 0.009, 2, 3.13, 6.76, 3, 3, 47, 8, 4, 199, 7, 3, 3, NULL, NULL, NULL),
(306, '', '24.01.2019', '28.01.2019', '30.01.2019', 1, 4.88, 0.009, 2, 3.83, 17.2, 3, 3, 47, 8, 4, 200, 7, 3, 3, NULL, NULL, NULL),
(307, '', '24.01.2019', '28.01.2019', '30.01.2019', 1, 4.84, 0.009, 2, 0, 0, 3, 3, 47, 8, 4, 202, 7, 3, 3, NULL, NULL, NULL),
(308, '', '24.01.2019', '28.01.2019', '30.01.2019', 1, 4.86, 0.009, 2, 0, 0, 3, 3, 47, 8, 4, 203, 7, 3, 3, NULL, NULL, NULL),
(309, '', '24.01.2019', '28.01.2019', '30.01.2019', 1, 4.94, 0.009, 2, 0, 0, 3, 3, 47, 8, 4, 204, 7, 3, 3, NULL, NULL, NULL),
(310, '', '24.01.2019', '28.01.2019', '30.01.2019', 1, 5, 0.009, 2, 0, 0, 3, 3, 47, 8, 4, 205, 7, 3, 3, NULL, NULL, NULL),
(311, '', '24.01.2019', '28.01.2019', '30.01.2019', 1, 4.92, 0.009, 2, 0, 0, 3, 3, 47, 8, 4, 206, 7, 3, 3, NULL, NULL, NULL),
(312, '', '24.01.2019', '28.01.2019', '30.01.2019', 1, 4.92, 0.009, 2, 0, 0, 3, 3, 47, 8, 4, 207, 7, 3, 3, NULL, NULL, NULL),
(313, '', '24.01.2019', '28.01.2019', '30.01.2019', 1, 4.79, 0.009, 2, 0, 0, 3, 3, 47, 8, 4, 208, 7, 3, 3, NULL, NULL, NULL),
(314, '', '24.01.2019', '28.01.2019', '30.01.2019', 1, 4.9, 0.009, 2, 0, 0, 3, 3, 47, 8, 4, 209, 7, 3, 3, NULL, NULL, NULL),
(315, '', '24.01.2019', '28.01.2019', '30.01.2019', 1, 4.96, 0.009, 2, 0, 0, 3, 3, 47, 8, 4, 210, 7, 3, 3, NULL, NULL, NULL),
(316, '', '24.01.2019', '28.01.2019', '30.01.2019', 1, 4.77, 0.009, 2, 0, 0, 3, 3, 47, 8, 4, 211, 7, 3, 3, NULL, NULL, NULL),
(317, '', '24.01.2019', '28.01.2019', '30.01.2019', 1, 4.75, 0.009, 2, 0, 0, 3, 3, 47, 8, 4, 212, 7, 3, 3, NULL, NULL, NULL),
(318, '', '24.01.2019', '28.01.2019', '30.01.2019', 1, 4.92, 0.009, 2, 0, 0, 3, 3, 47, 8, 4, 213, 7, 3, 3, NULL, NULL, NULL),
(319, '', '24.01.2019', '28.01.2019', '30.01.2019', 1, 4.85, 0.009, 2, 0, 0, 3, 3, 47, 8, 4, 214, 7, 3, 3, NULL, NULL, NULL),
(320, '', '24.01.2019', '28.01.2019', '30.01.2019', 1, 4.81, 0.009, 2, 0, 0, 3, 3, 47, 8, 4, 215, 7, 3, 3, NULL, NULL, NULL),
(321, '', '24.01.2019', '28.01.2019', '30.01.2019', 1, 4.94, 0.009, 2, 0, 0, 3, 3, 47, 8, 4, 217, 7, 3, 3, NULL, NULL, NULL),
(322, '', '24.01.2019', '28.01.2019', '30.01.2019', 1, 4.96, 0.009, 2, 0, 0, 3, 3, 47, 8, 4, 218, 7, 3, 3, NULL, NULL, NULL),
(323, '', '24.01.2019', '28.01.2019', '30.01.2019', 1, 4.83, 0.009, 2, 0, 0, 3, 3, 47, 8, 4, 219, 7, 3, 3, NULL, NULL, NULL),
(324, '', '24.01.2019', '28.01.2019', '30.01.2019', 1, 4.88, 0.009, 2, 0, 0, 3, 3, 47, 8, 4, 220, 7, 3, 3, NULL, NULL, NULL),
(325, '', '24.01.2019', '28.01.2019', '30.01.2019', 1, 4.98, 0.009, 2, 0, 0, 3, 3, 47, 8, 4, 221, 7, 3, 3, NULL, NULL, NULL),
(326, '', '24.01.2019', '28.01.2019', '30.01.2019', 1, 4.82, 0.009, 2, 0, 0, 3, 3, 47, 8, 4, 216, 7, 3, 3, NULL, NULL, NULL),
(327, '', '28.01.2019', '29.01.2019', '30.01.2019', 1, 4.97, 0.009, 2, 0, 0, 3, 3, 47, 8, 4, 222, 9, 3, 3, NULL, NULL, NULL),
(328, '', '28.01.2019', '29.01.2019', '30.01.2019', 1, 4.94, 0.009, 2, 0, 0, 3, 3, 47, 8, 4, 223, 9, 3, 3, NULL, NULL, NULL),
(329, '', '28.01.2019', '29.01.2019', '30.01.2019', 1, 4.96, 0.009, 2, 0, 0, 3, 3, 47, 8, 4, 224, 9, 3, 3, NULL, NULL, NULL),
(330, '', '28.01.2019', '29.01.2019', '30.01.2019', 1, 5.19, 0.009, 2, 0, 0, 3, 3, 47, 8, 4, 226, 9, 3, 3, NULL, NULL, NULL),
(331, '', '28.01.2019', '29.01.2019', '30.01.2019', 1, 5.11, 0.009, 2, 0, 0, 3, 3, 47, 8, 4, 227, 9, 3, 3, NULL, NULL, NULL),
(332, '', '28.01.2019', '29.01.2019', '30.01.2019', 1, 4.96, 0.009, 2, 0, 0, 3, 3, 47, 8, 4, 228, 9, 3, 3, NULL, NULL, NULL),
(333, '', '28.01.2019', '29.01.2019', '30.01.2019', 1, 4.6, 0.009, 2, 59.1, 698, 3, 3, 47, 8, 4, 225, 7, 3, 3, NULL, NULL, NULL),
(334, '', '24.01.2019', '29.01.2019', '30.01.2019', 1, 0.000000008397, 60268.2, 2, 0.0000002599, 0.000002927, 6, 1, 51, 2, 5, 229, 7, 3, 3, NULL, NULL, NULL),
(335, '', '24.01.2019', '29.01.2019', '30.01.2019', 1, 0.000000004468, 60268.2, 2, 0.0000005916, 0.000007004, 6, 1, 52, 2, 5, 229, 7, 3, 3, NULL, NULL, NULL),
(336, '', '24.01.2019', '29.01.2019', '30.01.2019', 1, 0.00000001587, 60268.2, 2, 0.00000001505, 0.00000003275, 6, 1, 53, 2, 5, 229, 7, 3, 3, NULL, NULL, NULL),
(337, '', '24.01.2019', '29.01.2019', '30.01.2019', 1, 0.00000001194, 60268.2, 2, 0.0000001344, 0.000001057, 6, 1, 54, 2, 5, 229, 7, 3, 3, NULL, NULL, NULL),
(338, '', '24.01.2019', '29.01.2019', '30.01.2019', 1, 0.00000001277, 60268.2, 2, 0.000001488, 0.00001602, 6, 1, 45, 2, 5, 229, 7, 3, 3, NULL, NULL, NULL),
(339, '', '15.01.2019', '25.01.2019', '30.01.2019', 1, 0.000000724, 60268.2, 2, 0.00000124, 0.0000125, 6, 1, 50, 5, 5, 229, 7, 3, 3, NULL, NULL, NULL),
(340, '', '15.01.2019', '25.01.2019', '30.01.2019', 0, 0.00000192, 60268.2, 2, 0, 0, 6, 1, 64, 5, 5, 229, 7, 3, 3, NULL, NULL, NULL),
(341, '', '15.01.2019', '25.01.2019', '30.01.2019', 1, 0.00000000689, 75797, 2, 0.00000003272, 0.0000002223, 6, 1, 51, 2, 5, 230, 7, 3, 3, NULL, NULL, NULL),
(342, '', '15.01.2019', '25.01.2019', '30.01.2019', 1, 0.000000003189, 75797, 2, 0.00000004598, 0.0000003558, 6, 1, 52, 2, 5, 230, 7, 3, 3, NULL, NULL, NULL),
(343, '', '15.01.2019', '25.01.2019', '30.01.2019', 1, 0.000000008844, 75797, 2, 0, 0, 6, 1, 53, 2, 5, 230, 7, 3, 3, NULL, NULL, NULL),
(344, '', '15.01.2019', '25.01.2019', '30.01.2019', 1, 0.000000008606, 75797, 2, 0.00000002213, 0.00000008705, 6, 1, 54, 2, 5, 230, 7, 3, 3, NULL, NULL, NULL),
(345, '', '15.01.2019', '25.01.2019', '30.01.2019', 1, 0.000000007664, 75797, 2, 0.0000001015, 0.0000008165, 6, 1, 45, 2, 5, 230, 7, 3, 3, NULL, NULL, NULL),
(346, '', '24.01.2019', '29.01.2019', '30.01.2019', 1, 0.000000564, 75797, 2, 0.000000592, 0.00000187, 6, 1, 50, 5, 5, 230, 7, 3, 3, NULL, NULL, NULL),
(347, '', '24.01.2019', '29.01.2019', '30.01.2019', 0, 0.00000114, 75797, 2, 0, 0, 6, 1, 64, 5, 5, 230, 7, 3, 3, NULL, NULL, NULL),
(348, '', '28.01.2019', '30.01.2019', '31.01.2019', 1, 8.93, 0.0045, 2, 5.77, 12.1, 6, 15, 48, 3, 5, 177, 9, 3, 3, NULL, NULL, NULL),
(349, '', '25.01.2019', '28.01.2019', '31.01.2019', 1, 7.31, 0.0045, 2, 7.7, 55.42, 6, 15, 49, 4, 5, 177, 9, 3, 3, NULL, NULL, NULL),
(350, '', '24.01.2019', '31.01.2019', '31.01.2019', 1, 3.074, 0.0045, 2, 29.675, 149.064, 6, 15, 50, 5, 5, 177, 9, 3, 3, NULL, NULL, NULL),
(351, '', '24.01.2019', '31.01.2019', '31.01.2019', 0, 12.47, 0.0045, 2, 0, 0, 6, 15, 64, 5, 5, 177, 9, 3, 3, NULL, NULL, NULL),
(352, '', '24.01.2019', '31.01.2019', '31.01.2019', 1, 3.255, 0.0045, 2, 0, 0, 6, 15, 50, 5, 5, 178, 9, 3, 3, NULL, NULL, NULL),
(353, '', '24.01.2019', '31.01.2019', '31.01.2019', 0, 9.66, 0.0045, 2, 0, 0, 6, 15, 64, 5, 5, 178, 9, 3, 3, NULL, NULL, NULL),
(354, '', '25.01.2019', '28.01.2019', '31.01.2019', 1, 6.9, 0.0045, 2, 10.73, 101.46, 6, 15, 49, 4, 5, 178, 9, 3, 3, NULL, NULL, NULL),
(355, '', '28.01.2019', '30.01.2019', '31.01.2019', 1, 9.05, 0.0045, 2, 0, 0, 6, 15, 48, 3, 5, 178, 9, 3, 3, NULL, NULL, NULL),
(356, '', '04.02.2019', '06.02.2019', '06.02.2019', 1, 2080, 0.0009, 2, 0, 0, 3, 3, 47, 8, 5, 233, 9, 3, 3, NULL, NULL, NULL),
(357, '', '04.02.2019', '06.02.2019', '06.02.2019', 1, 0.00781, 0.009, 2, 0.0243, 0.276, 3, 3, 47, 8, 3, 234, 9, 3, 3, NULL, NULL, NULL),
(358, '', '04.02.2019', '06.02.2019', '06.02.2019', 1, 0.00789, 0.009, 2, 0.0262, 0.299, 3, 3, 47, 8, 3, 235, 9, 3, 3, NULL, NULL, NULL),
(359, '', '04.02.2019', '06.02.2019', '06.02.2019', 1, 0.0079, 0.009, 2, 0.0271, 0.31, 3, 3, 47, 8, 3, 236, 9, 3, 3, NULL, NULL, NULL),
(360, '', '04.02.2019', '06.02.2019', '06.02.2019', 1, 0.00785, 0.009, 2, 0.0262, 0.299, 3, 3, 47, 8, 3, 237, 9, 3, 3, NULL, NULL, NULL),
(361, '', '05.02.2019', '08.02.2019', '08.02.2019', 1, 0.0427, 6.6265, 2, 0.0374, 0.216, 6, 13, 46, 7, 5, 238, 9, 3, 3, NULL, NULL, NULL),
(362, '', '05.02.2019', '08.02.2019', '08.02.2019', 1, 0.0528, 6.108, 2, 0.0446, 0.247, 6, 13, 46, 7, 5, 239, 9, 3, 3, NULL, NULL, NULL),
(363, '', '06.02.2019', '08.02.2019', '08.02.2019', 1, 0.181, 8.4084, 2, 1.14, 10.1, 6, 13, 46, 7, 5, 240, 9, 3, 3, NULL, NULL, NULL),
(364, '', '06.02.2019', '08.02.2019', '08.02.2019', 1, 0.197, 8.4084, 2, 1.29, 11.4, 6, 13, 46, 7, 5, 241, 9, 3, 3, NULL, NULL, NULL),
(365, '', '', '06.02.2019', '08.02.2019', 1, 0.324, 1, 2, 0.385, 4.96, NULL, 9, 9, 1, 1, 242, 5, 3, 3, NULL, NULL, NULL),
(366, '', '', '06.02.2019', '08.02.2019', 0, 0.422, 1, 2, 0, 0, NULL, 9, 5, 1, 1, 242, 5, 3, 3, NULL, NULL, NULL),
(367, '', '', '06.02.2019', '08.02.2019', 0, 0.361, 1, 2, 0, 0, NULL, 9, 24, 1, 1, 242, 5, 3, 3, NULL, NULL, NULL),
(368, '', '', '06.02.2019', '08.02.2019', 0, 0.367, 1, 2, 0, 0, NULL, 9, 30, 1, 1, 242, 5, 3, 3, NULL, NULL, NULL),
(369, '', '', '06.02.2019', '08.02.2019', 1, 0.383, 1, 2, 0, 0, NULL, 9, 31, 1, 1, 242, 5, 3, 3, NULL, NULL, NULL),
(370, '', '', '06.02.2019', '08.02.2019', 0, 1.03, 1, 2, 0, 0, NULL, 9, 45, 1, 1, 242, 5, 3, 3, NULL, NULL, NULL),
(371, '', '', '06.02.2019', '08.02.2019', 1, 0.0353, 1, 2, 0.166, 0.962, NULL, 9, 9, 1, 1, 243, 5, 3, 3, NULL, NULL, NULL),
(372, '', '', '06.02.2019', '08.02.2019', 0, 0.323, 1, 2, 0, 0, NULL, 9, 5, 1, 1, 243, 5, 3, 3, NULL, NULL, NULL),
(373, '', '', '06.02.2019', '08.02.2019', 0, 0.334, 1, 2, 0, 0, NULL, 9, 24, 1, 1, 243, 5, 3, 3, NULL, NULL, NULL),
(374, '', '', '06.02.2019', '08.02.2019', 0, 0.274, 1, 2, 0, 0, NULL, 9, 30, 1, 1, 243, 5, 3, 3, NULL, NULL, NULL),
(375, '', '', '06.02.2019', '08.02.2019', 1, 0.345, 1, 2, 0, 0, NULL, 9, 31, 1, 1, 243, 5, 3, 3, NULL, NULL, NULL),
(376, '', '', '06.02.2019', '08.02.2019', 0, 0.898, 1, 2, 0, 0, NULL, 9, 45, 1, 1, 243, 5, 3, 3, NULL, NULL, NULL),
(377, '', '', '06.02.2019', '08.02.2019', 1, 0.208, 1, 2, 0.302, 3.09, NULL, 9, 9, 1, 1, 244, 5, 3, 3, NULL, NULL, NULL),
(378, '', '', '06.02.2019', '08.02.2019', 1, 0.288, 1, 2, 0.127, 0.416, NULL, 9, 31, 1, 1, 244, 5, 3, 3, NULL, NULL, NULL),
(379, '', '', '06.02.2019', '08.02.2019', 0, 0.354, 1, 2, 0, 0, NULL, 9, 5, 1, 1, 244, 5, 3, 3, NULL, NULL, NULL),
(380, '', '', '06.02.2019', '08.02.2019', 0, 0.402, 1, 2, 0, 0, NULL, 9, 24, 1, 1, 244, 5, 3, 3, NULL, NULL, NULL),
(381, '', '', '06.02.2019', '08.02.2019', 0, 0.281, 1, 2, 0, 0, NULL, 9, 30, 1, 1, 244, 5, 3, 3, NULL, NULL, NULL),
(382, '', '', '06.02.2019', '08.02.2019', 0, 1.01, 1, 2, 0, 0, NULL, 9, 45, 1, 1, 244, 5, 3, 3, NULL, NULL, NULL),
(383, '', '', '06.02.2019', '08.02.2019', 1, 0.322, 1, 2, 0.399, 5.26, NULL, 9, 9, 1, 1, 245, 5, 3, 3, NULL, NULL, NULL),
(384, '', '', '06.02.2019', '08.02.2019', 0, 0.414, 1, 2, 0, 0, NULL, 9, 5, 1, 1, 245, 5, 3, 3, NULL, NULL, NULL),
(385, '', '', '06.02.2019', '08.02.2019', 0, 0.347, 1, 2, 0, 0, NULL, 9, 24, 1, 1, 245, 5, 3, 3, NULL, NULL, NULL),
(386, '', '', '06.02.2019', '08.02.2019', 0, 0.343, 1, 2, 0, 0, NULL, 9, 30, 1, 1, 245, 5, 3, 3, NULL, NULL, NULL),
(387, '', '', '06.02.2019', '08.02.2019', 1, 0.345, 1, 2, 0, 0, NULL, 9, 31, 1, 1, 245, 5, 3, 3, NULL, NULL, NULL),
(388, '', '', '06.02.2019', '08.02.2019', 0, 1.02, 1, 2, 0, 0, NULL, 9, 45, 1, 1, 245, 5, 3, 3, NULL, NULL, NULL),
(401, 'C:\\GENIE2K\\REPFILES\\3828-2.RPT', '', '21.2.2019', '26.02.2019', 0, 0.0000378, 7960, 2, 0, 0, 9, 9, 5, 1, 5, 247, 5, 2, 3, NULL, 3, NULL),
(402, 'C:\\GENIE2K\\REPFILES\\3828-2.RPT', '', '21.2.2019', '26.02.2019', 1, 0.0000443, 7960, 2, 0, 0, 9, 9, 9, 1, 5, 247, 5, 2, 3, NULL, 3, NULL),
(403, 'C:\\GENIE2K\\REPFILES\\3828-2.RPT', '', '21.2.2019', '26.02.2019', 0, 0.0000393, 7960, 2, 0, 0, 9, 9, 24, 1, 5, 247, 5, 2, 3, NULL, 3, NULL),
(404, 'C:\\GENIE2K\\REPFILES\\3828-2.RPT', '', '21.2.2019', '26.02.2019', 0, 0.0000378, 7960, 2, 0, 0, 9, 9, 30, 1, 5, 247, 5, 2, 3, NULL, 3, NULL),
(405, 'C:\\GENIE2K\\REPFILES\\3828-2.RPT', '', '21.2.2019', '26.02.2019', 1, 0.0000391, 7960, 2, 0, 0, 9, 9, 31, 1, 5, 247, 5, 2, 3, NULL, 3, NULL),
(406, 'C:\\GENIE2K\\REPFILES\\3828-2.RPT', '', '21.2.2019', '26.02.2019', 0, 0.0000904, 7960, 2, 0, 0, 9, 9, 45, 1, 5, 247, 5, 2, 3, NULL, 3, NULL),
(439, 'C:\\GENIE2K\\REPFILES\\3828-1.RPT', '', '21.2.2019', '26.02.2019', 0, 0.0000794, 4080, 2, 0, 0, 9, 9, 5, 1, 5, 246, 5, 2, 3, NULL, 3, NULL),
(440, 'C:\\GENIE2K\\REPFILES\\3828-1.RPT', '', '21.2.2019', '26.02.2019', 1, 0.0000696, 4080, 2, 0, 0, 9, 9, 9, 1, 5, 246, 5, 2, 3, NULL, 3, NULL),
(441, 'C:\\GENIE2K\\REPFILES\\3828-1.RPT', '', '21.2.2019', '26.02.2019', 0, 0.0000977, 4080, 2, 0, 0, 9, 9, 24, 1, 5, 246, 5, 2, 3, NULL, 3, NULL),
(442, 'C:\\GENIE2K\\REPFILES\\3828-1.RPT', '', '21.2.2019', '26.02.2019', 0, 0.0000761, 4080, 2, 0, 0, 9, 9, 30, 1, 5, 246, 5, 2, 3, NULL, 3, NULL),
(443, 'C:\\GENIE2K\\REPFILES\\3828-1.RPT', '', '21.2.2019', '26.02.2019', 1, 0.0000902, 4080, 2, 0, 0, 9, 9, 31, 1, 5, 246, 5, 2, 3, NULL, 3, NULL);
INSERT INTO `results` (`ID_RESULTS`, `BASIC_VALUE`, `DATE_CHIM_OPER`, `DATE_MEASUR`, `DATE_REDAC`, `INPROTOKOL`, `MDA`, `QUANTITY`, `SIGMA`, `UNCERTAINTY`, `VALUE_RESULT`, `DIMENSION_ID_DIMENSION`, `METODY_ID_METODY`, `NUCLIDE_ID_NUCLIDE`, `POKAZATEL_ID_POKAZATEL`, `RTAZMERNOSTI_ID_RAZMERNOSTI`, `SAMPLE_ID_SAMPLE`, `USER_CHIM_OPER_ID_USERS`, `USER_MEASUR_ID_USERS`, `USER_REDAC_ID_USERS`, `ZABELEJKI_ID_ZABELEJKI`, `TSI_ID_TSI`, `DOBIV_ID_DOBIV`) VALUES
(444, 'C:\\GENIE2K\\REPFILES\\3828-1.RPT', '', '21.2.2019', '26.02.2019', 0, 0.000167, 4080, 2, 0, 0, 9, 9, 45, 1, 5, 246, 5, 2, 3, NULL, 3, NULL),
(445, 'C:\\GENIE2K\\REPFILES\\3832-1.RPT', '22.02.2019', '22.2.2019', '26.02.2019', 1, 1.61, 0.806, 2, 2.68, 8.18, 5, 9, 9, 1, 6, 248, 7, 3, 3, NULL, 4, NULL),
(446, 'C:\\GENIE2K\\REPFILES\\3832-1.RPT', '22.02.2019', '22.2.2019', '26.02.2019', 1, 3.24, 0.806, 2, 112, 482, 5, 9, 31, 1, 6, 248, 7, 3, 3, NULL, 4, NULL),
(447, 'C:\\GENIE2K\\REPFILES\\3832-1.RPT', '22.02.2019', '22.2.2019', '26.02.2019', 0, 1.93, 0.806, 2, 0, 0, 5, 9, 5, 1, 6, 248, 7, 3, 3, NULL, 4, NULL),
(448, 'C:\\GENIE2K\\REPFILES\\3832-1.RPT', '22.02.2019', '22.2.2019', '26.02.2019', 0, 2.36, 0.806, 2, 0, 0, 5, 9, 24, 1, 6, 248, 7, 3, 3, NULL, 4, NULL),
(449, 'C:\\GENIE2K\\REPFILES\\3832-1.RPT', '22.02.2019', '22.2.2019', '26.02.2019', 0, 1.91, 0.806, 2, 0, 0, 5, 9, 30, 1, 6, 248, 7, 3, 3, NULL, 4, NULL),
(450, 'C:\\GENIE2K\\REPFILES\\3832-1.RPT', '22.02.2019', '22.2.2019', '26.02.2019', 0, 10.6, 0.806, 2, 0, 0, 5, 9, 45, 1, 6, 248, 7, 3, 3, NULL, 4, NULL),
(451, 'C:\\GENIE2K\\REPFILES\\3832-3.RPT', '22.02.2019', '22.2.2019', '26.02.2019', 1, 1.95, 0.889, 2, 12.8, 50.9, 5, 9, 9, 1, 6, 249, 7, 3, 3, NULL, 4, NULL),
(452, 'C:\\GENIE2K\\REPFILES\\3832-3.RPT', '22.02.2019', '22.2.2019', '26.02.2019', 1, 4.94, 0.889, 2, 458, 2010, 5, 9, 31, 1, 6, 249, 7, 3, 3, NULL, 4, NULL),
(453, 'C:\\GENIE2K\\REPFILES\\3832-3.RPT', '22.02.2019', '22.2.2019', '26.02.2019', 0, 2.22, 0.889, 2, 0, 0, 5, 9, 5, 1, 6, 249, 7, 3, 3, NULL, 4, NULL),
(454, 'C:\\GENIE2K\\REPFILES\\3832-3.RPT', '22.02.2019', '22.2.2019', '26.02.2019', 0, 3.16, 0.889, 2, 0, 0, 5, 9, 24, 1, 6, 249, 7, 3, 3, NULL, 4, NULL),
(455, 'C:\\GENIE2K\\REPFILES\\3832-3.RPT', '22.02.2019', '22.2.2019', '26.02.2019', 0, 2.65, 0.889, 2, 0, 0, 5, 9, 30, 1, 6, 249, 7, 3, 3, NULL, 4, NULL),
(456, 'C:\\GENIE2K\\REPFILES\\3832-3.RPT', '22.02.2019', '22.2.2019', '26.02.2019', 0, 17.3, 0.889, 2, 0, 0, 5, 9, 45, 1, 6, 249, 7, 3, 3, NULL, 4, NULL),
(457, 'C:\\GENIE2K\\REPFILES\\3832-3.RPT', '22.02.2019', '22.2.2019', '26.02.2019', 1, 1.7, 0.863, 2, 4.92, 17.3, 5, 9, 9, 1, 6, 250, 7, 3, 3, NULL, 4, NULL),
(458, 'C:\\GENIE2K\\REPFILES\\3832-3.RPT', '22.02.2019', '22.2.2019', '26.02.2019', 1, 4.44, 0.863, 2, 215, 937, 5, 9, 31, 1, 6, 250, 7, 3, 3, NULL, 4, NULL),
(459, 'C:\\GENIE2K\\REPFILES\\3832-3.RPT', '22.02.2019', '22.2.2019', '26.02.2019', 0, 2.04, 0.863, 2, 0, 0, 5, 9, 5, 1, 6, 250, 7, 3, 3, NULL, 4, NULL),
(460, 'C:\\GENIE2K\\REPFILES\\3832-3.RPT', '22.02.2019', '22.2.2019', '26.02.2019', 0, 2.74, 0.863, 2, 0, 0, 5, 9, 24, 1, 6, 250, 7, 3, 3, NULL, 4, NULL),
(461, 'C:\\GENIE2K\\REPFILES\\3832-3.RPT', '22.02.2019', '22.2.2019', '26.02.2019', 0, 2.2, 0.863, 2, 0, 0, 5, 9, 30, 1, 6, 250, 7, 3, 3, NULL, 4, NULL),
(462, 'C:\\GENIE2K\\REPFILES\\3832-3.RPT', '22.02.2019', '22.2.2019', '26.02.2019', 0, 12.8, 0.863, 2, 0, 0, 5, 9, 45, 1, 6, 250, 7, 3, 3, NULL, 4, NULL),
(463, 'C:\\GENIE2K\\REPFILES\\3832-5.RPT', '22.02.2019', '25.2.2019', '26.02.2019', 1, 1.91, 0.833, 2, 2.58, 7.88, 5, 9, 9, 1, 6, 252, 7, 3, 3, NULL, 4, NULL),
(464, 'C:\\GENIE2K\\REPFILES\\3832-5.RPT', '22.02.2019', '25.2.2019', '26.02.2019', 1, 2.47, 0.833, 2, 12, 44.6, 5, 9, 31, 1, 6, 252, 7, 3, 3, NULL, 4, NULL),
(465, 'C:\\GENIE2K\\REPFILES\\3832-5.RPT', '22.02.2019', '25.2.2019', '26.02.2019', 0, 1.95, 0.833, 2, 0, 0, 5, 9, 5, 1, 6, 252, 7, 3, 3, NULL, 4, NULL),
(466, 'C:\\GENIE2K\\REPFILES\\3832-5.RPT', '22.02.2019', '25.2.2019', '26.02.2019', 0, 2.67, 0.833, 2, 0, 0, 5, 9, 24, 1, 6, 252, 7, 3, 3, NULL, 4, NULL),
(467, 'C:\\GENIE2K\\REPFILES\\3832-5.RPT', '22.02.2019', '25.2.2019', '26.02.2019', 0, 2.08, 0.833, 2, 0, 0, 5, 9, 30, 1, 6, 252, 7, 3, 3, NULL, 4, NULL),
(468, 'C:\\GENIE2K\\REPFILES\\3832-5.RPT', '22.02.2019', '25.2.2019', '26.02.2019', 0, 8.07, 0.833, 2, 0, 0, 5, 9, 45, 1, 6, 252, 7, 3, 3, NULL, 4, NULL),
(469, 'C:\\GENIE2K\\REPFILES\\3832-6.RPT', '22.02.2019', '25.2.2019', '26.02.2019', 1, 1.53, 0.892, 2, 7.56, 26.7, 5, 9, 31, 1, 6, 253, 7, 3, 3, NULL, 4, NULL),
(470, 'C:\\GENIE2K\\REPFILES\\3832-6.RPT', '22.02.2019', '25.2.2019', '26.02.2019', 0, 1.62, 0.892, 2, 0, 0, 5, 9, 5, 1, 6, 253, 7, 3, 3, NULL, 4, NULL),
(471, 'C:\\GENIE2K\\REPFILES\\3832-6.RPT', '22.02.2019', '25.2.2019', '26.02.2019', 1, 1.94, 0.892, 2, 0, 0, 5, 9, 9, 1, 6, 253, 7, 3, 3, NULL, 4, NULL),
(472, 'C:\\GENIE2K\\REPFILES\\3832-6.RPT', '22.02.2019', '25.2.2019', '26.02.2019', 0, 2.15, 0.892, 2, 0, 0, 5, 9, 24, 1, 6, 253, 7, 3, 3, NULL, 4, NULL),
(473, 'C:\\GENIE2K\\REPFILES\\3832-6.RPT', '22.02.2019', '25.2.2019', '26.02.2019', 0, 1.7, 0.892, 2, 0, 0, 5, 9, 30, 1, 6, 253, 7, 3, 3, NULL, 4, NULL),
(474, 'C:\\GENIE2K\\REPFILES\\3832-6.RPT', '22.02.2019', '25.2.2019', '26.02.2019', 0, 6.15, 0.892, 2, 0, 0, 5, 9, 45, 1, 6, 253, 7, 3, 3, NULL, 4, NULL),
(475, 'C:\\GENIE2K\\REPFILES\\3832-7.RPT', '22.02.2019', '25.2.2019', '26.02.2019', 1, 1.82, 0.824, 2, 12.8, 48.2, 5, 9, 31, 1, 6, 254, 7, 3, 3, NULL, 4, NULL),
(476, 'C:\\GENIE2K\\REPFILES\\3832-7.RPT', '22.02.2019', '25.2.2019', '26.02.2019', 0, 1.8, 0.824, 2, 0, 0, 5, 9, 5, 1, 6, 254, 7, 3, 3, NULL, 4, NULL),
(477, 'C:\\GENIE2K\\REPFILES\\3832-7.RPT', '22.02.2019', '25.2.2019', '26.02.2019', 1, 2.58, 0.824, 2, 0, 0, 5, 9, 9, 1, 6, 254, 7, 3, 3, NULL, 4, NULL),
(478, 'C:\\GENIE2K\\REPFILES\\3832-7.RPT', '22.02.2019', '25.2.2019', '26.02.2019', 0, 2.33, 0.824, 2, 0, 0, 5, 9, 24, 1, 6, 254, 7, 3, 3, NULL, 4, NULL),
(479, 'C:\\GENIE2K\\REPFILES\\3832-7.RPT', '22.02.2019', '25.2.2019', '26.02.2019', 0, 2.06, 0.824, 2, 0, 0, 5, 9, 30, 1, 6, 254, 7, 3, 3, NULL, 4, NULL),
(480, 'C:\\GENIE2K\\REPFILES\\3832-7.RPT', '22.02.2019', '25.2.2019', '26.02.2019', 0, 6.74, 0.824, 2, 0, 0, 5, 9, 45, 1, 6, 254, 7, 3, 3, NULL, 4, NULL),
(481, 'C:\\GENIE2K\\REPFILES\\3832-8.RPT', '22.02.2019', '25.2.2019', '26.02.2019', 1, 1.49, 0.882, 2, 1.97, 5.72, 5, 9, 9, 1, 6, 255, 7, 3, 3, NULL, 4, NULL),
(482, 'C:\\GENIE2K\\REPFILES\\3832-8.RPT', '22.02.2019', '25.2.2019', '26.02.2019', 1, 2.13, 0.882, 2, 12.2, 46, 5, 9, 31, 1, 6, 255, 7, 3, 3, NULL, 4, NULL),
(483, 'C:\\GENIE2K\\REPFILES\\3832-8.RPT', '22.02.2019', '25.2.2019', '26.02.2019', 0, 1.72, 0.882, 2, 0, 0, 5, 9, 5, 1, 6, 255, 7, 3, 3, NULL, 4, NULL),
(484, 'C:\\GENIE2K\\REPFILES\\3832-8.RPT', '22.02.2019', '25.2.2019', '26.02.2019', 0, 2.34, 0.882, 2, 0, 0, 5, 9, 24, 1, 6, 255, 7, 3, 3, NULL, 4, NULL),
(485, 'C:\\GENIE2K\\REPFILES\\3832-8.RPT', '22.02.2019', '25.2.2019', '26.02.2019', 0, 2.22, 0.882, 2, 0, 0, 5, 9, 30, 1, 6, 255, 7, 3, 3, NULL, 4, NULL),
(486, 'C:\\GENIE2K\\REPFILES\\3832-8.RPT', '22.02.2019', '25.2.2019', '26.02.2019', 0, 6.96, 0.882, 2, 0, 0, 5, 9, 45, 1, 6, 255, 7, 3, 3, NULL, 4, NULL),
(487, 'C:\\GENIE2K\\REPFILES\\3832-4.RPT', '22.02.2019', '22.2.2019', '26.02.2019', 1, 1.73, 0.804, 2, 4.7, 16.3, 5, 9, 9, 1, 6, 251, 7, 3, 3, NULL, 4, NULL),
(488, 'C:\\GENIE2K\\REPFILES\\3832-4.RPT', '22.02.2019', '22.2.2019', '26.02.2019', 1, 3.5, 0.804, 2, 119, 514, 5, 9, 31, 1, 6, 251, 7, 3, 3, NULL, 4, NULL),
(489, 'C:\\GENIE2K\\REPFILES\\3832-4.RPT', '22.02.2019', '22.2.2019', '26.02.2019', 0, 1.85, 0.804, 2, 0, 0, 5, 9, 5, 1, 6, 251, 7, 3, 3, NULL, 4, NULL),
(490, 'C:\\GENIE2K\\REPFILES\\3832-4.RPT', '22.02.2019', '22.2.2019', '26.02.2019', 0, 2.43, 0.804, 2, 0, 0, 5, 9, 24, 1, 6, 251, 7, 3, 3, NULL, 4, NULL),
(491, 'C:\\GENIE2K\\REPFILES\\3832-4.RPT', '22.02.2019', '22.2.2019', '26.02.2019', 0, 2.27, 0.804, 2, 0, 0, 5, 9, 30, 1, 6, 251, 7, 3, 3, NULL, 4, NULL),
(492, 'C:\\GENIE2K\\REPFILES\\3832-4.RPT', '22.02.2019', '22.2.2019', '26.02.2019', 0, 10.3, 0.804, 2, 0, 0, 5, 9, 45, 1, 6, 251, 7, 3, 3, NULL, 4, NULL),
(493, 'C:\\GENIE2K\\REPFILES\\3831-1.RPT', '21.02.2019', '21.2.2019', '27.02.2019', 0, 0.91, 0.5, 2, 0, 0, 3, 9, 5, 1, 4, 256, 9, 3, 3, NULL, 3, NULL),
(494, 'C:\\GENIE2K\\REPFILES\\3831-1.RPT', '21.02.2019', '21.2.2019', '27.02.2019', 1, 0.701, 0.5, 2, 0, 0, 3, 9, 9, 1, 4, 256, 9, 3, 3, NULL, 3, NULL),
(495, 'C:\\GENIE2K\\REPFILES\\3831-1.RPT', '21.02.2019', '21.2.2019', '27.02.2019', 0, 0.794, 0.5, 2, 0, 0, 3, 9, 24, 1, 4, 256, 9, 3, 3, NULL, 3, NULL),
(496, 'C:\\GENIE2K\\REPFILES\\3831-1.RPT', '21.02.2019', '21.2.2019', '27.02.2019', 0, 0.86, 0.5, 2, 0, 0, 3, 9, 30, 1, 4, 256, 9, 3, 3, NULL, 3, NULL),
(497, 'C:\\GENIE2K\\REPFILES\\3831-1.RPT', '21.02.2019', '21.2.2019', '27.02.2019', 1, 0.949, 0.5, 2, 0, 0, 3, 9, 31, 1, 4, 256, 9, 3, 3, NULL, 3, NULL),
(498, 'C:\\GENIE2K\\REPFILES\\3831-1.RPT', '21.02.2019', '21.2.2019', '27.02.2019', 0, 2.59, 0.5, 2, 0, 0, 3, 9, 45, 1, 4, 256, 9, 3, 3, NULL, 3, NULL),
(499, 'C:\\GENIE2K\\REPFILES\\3831-2.RPT', '21.02.2019', '21.2.2019', '27.02.2019', 0, 0.578, 0.5, 2, 0, 0, 3, 9, 5, 1, 4, 257, 9, 3, 3, NULL, 3, NULL),
(500, 'C:\\GENIE2K\\REPFILES\\3831-2.RPT', '21.02.2019', '21.2.2019', '27.02.2019', 1, 0.701, 0.5, 2, 0, 0, 3, 9, 9, 1, 4, 257, 9, 3, 3, NULL, 3, NULL),
(501, 'C:\\GENIE2K\\REPFILES\\3831-2.RPT', '21.02.2019', '21.2.2019', '27.02.2019', 0, 0.942, 0.5, 2, 0, 0, 3, 9, 24, 1, 4, 257, 9, 3, 3, NULL, 3, NULL),
(502, 'C:\\GENIE2K\\REPFILES\\3831-2.RPT', '21.02.2019', '21.2.2019', '27.02.2019', 0, 0.779, 0.5, 2, 0, 0, 3, 9, 30, 1, 4, 257, 9, 3, 3, NULL, 3, NULL),
(503, 'C:\\GENIE2K\\REPFILES\\3831-2.RPT', '21.02.2019', '21.2.2019', '27.02.2019', 1, 1.02, 0.5, 2, 0, 0, 3, 9, 31, 1, 4, 257, 9, 3, 3, NULL, 3, NULL),
(504, 'C:\\GENIE2K\\REPFILES\\3831-2.RPT', '21.02.2019', '21.2.2019', '27.02.2019', 0, 2.61, 0.5, 2, 0, 0, 3, 9, 45, 1, 4, 257, 9, 3, 3, NULL, 3, NULL),
(505, 'C:\\GENIE2K\\REPFILES\\3831-3.RPT', '21.02.2019', '22.2.2019', '27.02.2019', 0, 0.639, 0.5, 2, 0, 0, 3, 9, 5, 1, 4, 258, 9, 3, 3, NULL, 3, NULL),
(506, 'C:\\GENIE2K\\REPFILES\\3831-3.RPT', '21.02.2019', '22.2.2019', '27.02.2019', 1, 0.768, 0.5, 2, 0, 0, 3, 9, 9, 1, 4, 258, 9, 3, 3, NULL, 3, NULL),
(507, 'C:\\GENIE2K\\REPFILES\\3831-3.RPT', '21.02.2019', '22.2.2019', '27.02.2019', 0, 0.733, 0.5, 2, 0, 0, 3, 9, 24, 1, 4, 258, 9, 3, 3, NULL, 3, NULL),
(508, 'C:\\GENIE2K\\REPFILES\\3831-3.RPT', '21.02.2019', '22.2.2019', '27.02.2019', 0, 0.899, 0.5, 2, 0, 0, 3, 9, 30, 1, 4, 258, 9, 3, 3, NULL, 3, NULL),
(509, 'C:\\GENIE2K\\REPFILES\\3831-3.RPT', '21.02.2019', '22.2.2019', '27.02.2019', 1, 0.762, 0.5, 2, 0, 0, 3, 9, 31, 1, 4, 258, 9, 3, 3, NULL, 3, NULL),
(510, 'C:\\GENIE2K\\REPFILES\\3831-3.RPT', '21.02.2019', '22.2.2019', '27.02.2019', 0, 2.6, 0.5, 2, 0, 0, 3, 9, 45, 1, 4, 258, 9, 3, 3, NULL, 3, NULL),
(511, 'C:\\GENIE2K\\REPFILES\\3831-11.RPT', '21.02.2019', '22.2.2019', '27.02.2019', 0, 0.68, 0.5, 2, 0, 0, 3, 9, 5, 1, 4, 259, 9, 3, 3, NULL, 3, NULL),
(512, 'C:\\GENIE2K\\REPFILES\\3831-11.RPT', '21.02.2019', '22.2.2019', '27.02.2019', 1, 0.698, 0.5, 2, 0, 0, 3, 9, 9, 1, 4, 259, 9, 3, 3, NULL, 3, NULL),
(513, 'C:\\GENIE2K\\REPFILES\\3831-11.RPT', '21.02.2019', '22.2.2019', '27.02.2019', 0, 0.981, 0.5, 2, 0, 0, 3, 9, 24, 1, 4, 259, 9, 3, 3, NULL, 3, NULL),
(514, 'C:\\GENIE2K\\REPFILES\\3831-11.RPT', '21.02.2019', '22.2.2019', '27.02.2019', 0, 0.651, 0.5, 2, 0, 0, 3, 9, 30, 1, 4, 259, 9, 3, 3, NULL, 3, NULL),
(515, 'C:\\GENIE2K\\REPFILES\\3831-11.RPT', '21.02.2019', '22.2.2019', '27.02.2019', 1, 1.13, 0.5, 2, 0, 0, 3, 9, 31, 1, 4, 259, 9, 3, 3, NULL, 3, NULL),
(516, 'C:\\GENIE2K\\REPFILES\\3831-11.RPT', '21.02.2019', '22.2.2019', '27.02.2019', 0, 2.67, 0.5, 2, 0, 0, 3, 9, 45, 1, 4, 259, 9, 3, 3, NULL, 3, NULL),
(517, 'C:\\GENIE2K\\REPFILES\\3831-11.RPT', '21.02.2019', '22.2.2019', '27.02.2019', 1, 0.834, 0.5, 2, 0.688, 3.92, 3, 9, 31, 1, 4, 260, 9, 3, 3, NULL, 3, NULL),
(518, 'C:\\GENIE2K\\REPFILES\\3831-11.RPT', '21.02.2019', '22.2.2019', '27.02.2019', 0, 0.777, 0.5, 2, 0, 0, 3, 9, 5, 1, 4, 260, 9, 3, 3, NULL, 3, NULL),
(519, 'C:\\GENIE2K\\REPFILES\\3831-11.RPT', '21.02.2019', '22.2.2019', '27.02.2019', 1, 0.935, 0.5, 2, 0, 0, 3, 9, 9, 1, 4, 260, 9, 3, 3, NULL, 3, NULL),
(520, 'C:\\GENIE2K\\REPFILES\\3831-11.RPT', '21.02.2019', '22.2.2019', '27.02.2019', 0, 0.963, 0.5, 2, 0, 0, 3, 9, 24, 1, 4, 260, 9, 3, 3, NULL, 3, NULL),
(521, 'C:\\GENIE2K\\REPFILES\\3831-11.RPT', '21.02.2019', '22.2.2019', '27.02.2019', 0, 0.935, 0.5, 2, 0, 0, 3, 9, 30, 1, 4, 260, 9, 3, 3, NULL, 3, NULL),
(522, 'C:\\GENIE2K\\REPFILES\\3831-11.RPT', '21.02.2019', '22.2.2019', '27.02.2019', 0, 3.05, 0.5, 2, 0, 0, 3, 9, 45, 1, 4, 260, 9, 3, 3, NULL, 3, NULL),
(523, 'C:\\GENIE2K\\REPFILES\\3831-6.RPT', '21.02.2019', '22.2.2019', '27.02.2019', 1, 0.598, 0.5, 2, 0.511, 2.23, 3, 9, 31, 1, 4, 261, 9, 3, 3, NULL, 3, NULL),
(524, 'C:\\GENIE2K\\REPFILES\\3831-6.RPT', '21.02.2019', '22.2.2019', '27.02.2019', 0, 0.73, 0.5, 2, 0, 0, 3, 9, 5, 1, 4, 261, 9, 3, 3, NULL, 3, NULL),
(525, 'C:\\GENIE2K\\REPFILES\\3831-6.RPT', '21.02.2019', '22.2.2019', '27.02.2019', 1, 0.83, 0.5, 2, 0, 0, 3, 9, 9, 1, 4, 261, 9, 3, 3, NULL, 3, NULL),
(526, 'C:\\GENIE2K\\REPFILES\\3831-6.RPT', '21.02.2019', '22.2.2019', '27.02.2019', 0, 1.07, 0.5, 2, 0, 0, 3, 9, 24, 1, 4, 261, 9, 3, 3, NULL, 3, NULL),
(527, 'C:\\GENIE2K\\REPFILES\\3831-6.RPT', '21.02.2019', '22.2.2019', '27.02.2019', 0, 0.686, 0.5, 2, 0, 0, 3, 9, 30, 1, 4, 261, 9, 3, 3, NULL, 3, NULL),
(528, 'C:\\GENIE2K\\REPFILES\\3831-6.RPT', '21.02.2019', '22.2.2019', '27.02.2019', 0, 2.7, 0.5, 2, 0, 0, 3, 9, 45, 1, 4, 261, 9, 3, 3, NULL, 3, NULL),
(529, 'C:\\GENIE2K\\REPFILES\\3831-7.RPT', '21.02.2019', '22.2.2019', '27.02.2019', 1, 0.86, 0.5, 2, 1.38, 16.1, 3, 9, 31, 1, 4, 262, 9, 3, 3, NULL, 3, NULL),
(530, 'C:\\GENIE2K\\REPFILES\\3831-7.RPT', '21.02.2019', '22.2.2019', '27.02.2019', 0, 0.743, 0.5, 2, 0, 0, 3, 9, 5, 1, 4, 262, 9, 3, 3, NULL, 3, NULL),
(531, 'C:\\GENIE2K\\REPFILES\\3831-7.RPT', '21.02.2019', '22.2.2019', '27.02.2019', 1, 0.808, 0.5, 2, 0, 0, 3, 9, 9, 1, 4, 262, 9, 3, 3, NULL, 3, NULL),
(532, 'C:\\GENIE2K\\REPFILES\\3831-7.RPT', '21.02.2019', '22.2.2019', '27.02.2019', 0, 0.944, 0.5, 2, 0, 0, 3, 9, 24, 1, 4, 262, 9, 3, 3, NULL, 3, NULL),
(533, 'C:\\GENIE2K\\REPFILES\\3831-7.RPT', '21.02.2019', '22.2.2019', '27.02.2019', 0, 0.821, 0.5, 2, 0, 0, 3, 9, 30, 1, 4, 262, 9, 3, 3, NULL, 3, NULL),
(534, 'C:\\GENIE2K\\REPFILES\\3831-7.RPT', '21.02.2019', '22.2.2019', '27.02.2019', 0, 2.91, 0.5, 2, 0, 0, 3, 9, 45, 1, 4, 262, 9, 3, 3, NULL, 3, NULL),
(535, 'C:\\GENIE2K\\REPFILES\\3831-8.RPT', '21.02.2019', '22.2.2019', '27.02.2019', 0, 0.789, 0.5, 2, 0, 0, 3, 9, 5, 1, 4, 263, 9, 3, 3, NULL, 3, NULL),
(536, 'C:\\GENIE2K\\REPFILES\\3831-8.RPT', '21.02.2019', '22.2.2019', '27.02.2019', 1, 0.636, 0.5, 2, 0, 0, 3, 9, 9, 1, 4, 263, 9, 3, 3, NULL, 3, NULL),
(537, 'C:\\GENIE2K\\REPFILES\\3831-8.RPT', '21.02.2019', '22.2.2019', '27.02.2019', 0, 0.869, 0.5, 2, 0, 0, 3, 9, 24, 1, 4, 263, 9, 3, 3, NULL, 3, NULL),
(538, 'C:\\GENIE2K\\REPFILES\\3831-8.RPT', '21.02.2019', '22.2.2019', '27.02.2019', 0, 0.848, 0.5, 2, 0, 0, 3, 9, 30, 1, 4, 263, 9, 3, 3, NULL, 3, NULL),
(539, 'C:\\GENIE2K\\REPFILES\\3831-8.RPT', '21.02.2019', '22.2.2019', '27.02.2019', 1, 0.966, 0.5, 2, 0, 0, 3, 9, 31, 1, 4, 263, 9, 3, 3, NULL, 3, NULL),
(540, 'C:\\GENIE2K\\REPFILES\\3831-8.RPT', '21.02.2019', '22.2.2019', '27.02.2019', 0, 2.76, 0.5, 2, 0, 0, 3, 9, 45, 1, 4, 263, 9, 3, 3, NULL, 3, NULL),
(541, 'C:\\GENIE2K\\REPFILES\\3831-11.RPT', '21.02.2019', '25.2.2019', '27.02.2019', 1, 2.83, 0.5, 2, 35.3, 1250, 3, 9, 31, 1, 4, 264, 9, 3, 3, NULL, 3, NULL),
(542, 'C:\\GENIE2K\\REPFILES\\3831-11.RPT', '21.02.2019', '25.2.2019', '27.02.2019', 0, 0.759, 0.5, 2, 0, 0, 3, 9, 5, 1, 4, 264, 9, 3, 3, NULL, 3, NULL),
(543, 'C:\\GENIE2K\\REPFILES\\3831-11.RPT', '21.02.2019', '25.2.2019', '27.02.2019', 1, 0.985, 0.5, 2, 0, 0, 3, 9, 9, 1, 4, 264, 9, 3, 3, NULL, 3, NULL),
(544, 'C:\\GENIE2K\\REPFILES\\3831-11.RPT', '21.02.2019', '25.2.2019', '27.02.2019', 0, 0.871, 0.5, 2, 0, 0, 3, 9, 24, 1, 4, 264, 9, 3, 3, NULL, 3, NULL),
(545, 'C:\\GENIE2K\\REPFILES\\3831-11.RPT', '21.02.2019', '25.2.2019', '27.02.2019', 0, 0.961, 0.5, 2, 0, 0, 3, 9, 30, 1, 4, 264, 9, 3, 3, NULL, 3, NULL),
(546, 'C:\\GENIE2K\\REPFILES\\3831-11.RPT', '21.02.2019', '25.2.2019', '27.02.2019', 0, 9.03, 0.5, 2, 0, 0, 3, 9, 45, 1, 4, 264, 9, 3, 3, NULL, 3, NULL),
(547, 'C:\\GENIE2K\\REPFILES\\3831-10.RPT', '21.02.2019', '25.2.2019', '27.02.2019', 1, 0.832, 0.5, 2, 1.03, 9.08, 3, 9, 31, 1, 4, 265, 9, 3, 3, NULL, 3, NULL),
(548, 'C:\\GENIE2K\\REPFILES\\3831-10.RPT', '21.02.2019', '25.2.2019', '27.02.2019', 0, 0.71, 0.5, 2, 0, 0, 3, 9, 5, 1, 4, 265, 9, 3, 3, NULL, 3, NULL),
(549, 'C:\\GENIE2K\\REPFILES\\3831-10.RPT', '21.02.2019', '25.2.2019', '27.02.2019', 1, 0.727, 0.5, 2, 0, 0, 3, 9, 9, 1, 4, 265, 9, 3, 3, NULL, 3, NULL),
(550, 'C:\\GENIE2K\\REPFILES\\3831-10.RPT', '21.02.2019', '25.2.2019', '27.02.2019', 0, 1.03, 0.5, 2, 0, 0, 3, 9, 24, 1, 4, 265, 9, 3, 3, NULL, 3, NULL),
(551, 'C:\\GENIE2K\\REPFILES\\3831-10.RPT', '21.02.2019', '25.2.2019', '27.02.2019', 0, 0.876, 0.5, 2, 0, 0, 3, 9, 30, 1, 4, 265, 9, 3, 3, NULL, 3, NULL),
(552, 'C:\\GENIE2K\\REPFILES\\3831-10.RPT', '21.02.2019', '25.2.2019', '27.02.2019', 0, 2.67, 0.5, 2, 0, 0, 3, 9, 45, 1, 4, 265, 9, 3, 3, NULL, 3, NULL),
(553, 'C:\\GENIE2K\\REPFILES\\3831-11.RPT', '21.02.2019', '25.2.2019', '27.02.2019', 1, 0.713, 0.5, 2, 0.461, 1.63, 3, 9, 31, 1, 4, 266, 9, 3, 3, NULL, 3, NULL),
(554, 'C:\\GENIE2K\\REPFILES\\3831-11.RPT', '21.02.2019', '25.2.2019', '27.02.2019', 0, 0.657, 0.5, 2, 0, 0, 3, 9, 5, 1, 4, 266, 9, 3, 3, NULL, 3, NULL),
(555, 'C:\\GENIE2K\\REPFILES\\3831-11.RPT', '21.02.2019', '25.2.2019', '27.02.2019', 1, 0.702, 0.5, 2, 0, 0, 3, 9, 9, 1, 4, 266, 9, 3, 3, NULL, 3, NULL),
(556, 'C:\\GENIE2K\\REPFILES\\3831-11.RPT', '21.02.2019', '25.2.2019', '27.02.2019', 0, 1.11, 0.5, 2, 0, 0, 3, 9, 24, 1, 4, 266, 9, 3, 3, NULL, 3, NULL),
(557, 'C:\\GENIE2K\\REPFILES\\3831-11.RPT', '21.02.2019', '25.2.2019', '27.02.2019', 0, 0.751, 0.5, 2, 0, 0, 3, 9, 30, 1, 4, 266, 9, 3, 3, NULL, 3, NULL),
(558, 'C:\\GENIE2K\\REPFILES\\3831-11.RPT', '21.02.2019', '25.2.2019', '27.02.2019', 0, 2.51, 0.5, 2, 0, 0, 3, 9, 45, 1, 4, 266, 9, 3, 3, NULL, 3, NULL),
(559, 'C:\\GENIE2K\\REPFILES\\3833-1.RPT', '25.02.2019', '25.2.2019', '28.02.2019', 0, 0.21, 1, 2, 0, 0, 3, 9, 5, 1, 4, 267, 8, 3, 3, NULL, 3, NULL),
(560, 'C:\\GENIE2K\\REPFILES\\3833-1.RPT', '25.02.2019', '25.2.2019', '28.02.2019', 1, 0.241, 1, 2, 0, 0, 3, 9, 9, 1, 4, 267, 8, 3, 3, NULL, 3, NULL),
(561, 'C:\\GENIE2K\\REPFILES\\3833-1.RPT', '25.02.2019', '25.2.2019', '28.02.2019', 0, 0.225, 1, 2, 0, 0, 3, 9, 24, 1, 4, 267, 8, 3, 3, NULL, 3, NULL),
(562, 'C:\\GENIE2K\\REPFILES\\3833-1.RPT', '25.02.2019', '25.2.2019', '28.02.2019', 0, 0.223, 1, 2, 0, 0, 3, 9, 30, 1, 4, 267, 8, 3, 3, NULL, 3, NULL),
(563, 'C:\\GENIE2K\\REPFILES\\3833-1.RPT', '25.02.2019', '25.2.2019', '28.02.2019', 1, 0.237, 1, 2, 0, 0, 3, 9, 31, 1, 4, 267, 8, 3, 3, NULL, 3, NULL),
(564, 'C:\\GENIE2K\\REPFILES\\3833-1.RPT', '25.02.2019', '25.2.2019', '28.02.2019', 0, 0.791, 1, 2, 0, 0, 3, 9, 45, 1, 4, 267, 8, 3, 3, NULL, 3, NULL),
(565, 'C:\\GENIE2K\\REPFILES\\3833-2.RPT', '25.02.2019', '25.2.2019', '28.02.2019', 0, 0.202, 1, 2, 0, 0, 3, 9, 5, 1, 4, 268, 8, 3, 3, NULL, 4, NULL),
(566, 'C:\\GENIE2K\\REPFILES\\3833-2.RPT', '25.02.2019', '25.2.2019', '28.02.2019', 1, 0.245, 1, 2, 0, 0, 3, 9, 9, 1, 4, 268, 8, 3, 3, NULL, 4, NULL),
(567, 'C:\\GENIE2K\\REPFILES\\3833-2.RPT', '25.02.2019', '25.2.2019', '28.02.2019', 0, 0.188, 1, 2, 0, 0, 3, 9, 24, 1, 4, 268, 8, 3, 3, NULL, 4, NULL),
(568, 'C:\\GENIE2K\\REPFILES\\3833-2.RPT', '25.02.2019', '25.2.2019', '28.02.2019', 0, 0.182, 1, 2, 0, 0, 3, 9, 30, 1, 4, 268, 8, 3, 3, NULL, 4, NULL),
(569, 'C:\\GENIE2K\\REPFILES\\3833-2.RPT', '25.02.2019', '25.2.2019', '28.02.2019', 1, 0.201, 1, 2, 0, 0, 3, 9, 31, 1, 4, 268, 8, 3, 3, NULL, 4, NULL),
(570, 'C:\\GENIE2K\\REPFILES\\3833-2.RPT', '25.02.2019', '25.2.2019', '28.02.2019', 0, 0.7, 1, 2, 0, 0, 3, 9, 45, 1, 4, 268, 8, 3, 3, NULL, 4, NULL),
(571, 'C:\\GENIE2K\\REPFILES\\3833-3.RPT', '25.02.2019', '26.2.2019', '28.02.2019', 0, 0.222, 1, 2, 0, 0, 3, 9, 5, 1, 4, 269, 8, 3, 3, NULL, 3, NULL),
(572, 'C:\\GENIE2K\\REPFILES\\3833-3.RPT', '25.02.2019', '26.2.2019', '28.02.2019', 1, 0.235, 1, 2, 0, 0, 3, 9, 9, 1, 4, 269, 8, 3, 3, NULL, 3, NULL),
(573, 'C:\\GENIE2K\\REPFILES\\3833-3.RPT', '25.02.2019', '26.2.2019', '28.02.2019', 0, 0.222, 1, 2, 0, 0, 3, 9, 24, 1, 4, 269, 8, 3, 3, NULL, 3, NULL),
(574, 'C:\\GENIE2K\\REPFILES\\3833-3.RPT', '25.02.2019', '26.2.2019', '28.02.2019', 0, 0.216, 1, 2, 0, 0, 3, 9, 30, 1, 4, 269, 8, 3, 3, NULL, 3, NULL),
(575, 'C:\\GENIE2K\\REPFILES\\3833-3.RPT', '25.02.2019', '26.2.2019', '28.02.2019', 1, 0.235, 1, 2, 0, 0, 3, 9, 31, 1, 4, 269, 8, 3, 3, NULL, 3, NULL),
(576, 'C:\\GENIE2K\\REPFILES\\3833-3.RPT', '25.02.2019', '26.2.2019', '28.02.2019', 0, 0.806, 1, 2, 0, 0, 3, 9, 45, 1, 4, 269, 8, 3, 3, NULL, 3, NULL),
(577, 'C:\\GENIE2K\\REPFILES\\3838-1.RPT', '01.03.2019', '05.03.2019', '05.03.2019', 1, 234, 0.001, 2, 183, 2160, 9, 9, 31, 1, 5, 278, 5, 3, 3, NULL, 2, NULL),
(578, 'C:\\GENIE2K\\REPFILES\\3838-1.RPT', '01.03.2019', '05.03.2019', '05.03.2019', 0, 221, 0.001, 2, 0, 0, 9, 9, 5, 1, 5, 278, 5, 3, 3, NULL, 2, NULL),
(579, 'C:\\GENIE2K\\REPFILES\\3838-1.RPT', '01.03.2019', '05.03.2019', '05.03.2019', 1, 222, 0.001, 2, 0, 0, 9, 9, 9, 1, 5, 278, 5, 3, 3, NULL, 2, NULL),
(580, 'C:\\GENIE2K\\REPFILES\\3838-1.RPT', '01.03.2019', '05.03.2019', '05.03.2019', 0, 275, 0.001, 2, 0, 0, 9, 9, 24, 1, 5, 278, 5, 3, 3, NULL, 2, NULL),
(581, 'C:\\GENIE2K\\REPFILES\\3838-1.RPT', '01.03.2019', '05.03.2019', '05.03.2019', 0, 231, 0.001, 2, 0, 0, 9, 9, 30, 1, 5, 278, 5, 3, 3, NULL, 2, NULL),
(582, 'C:\\GENIE2K\\REPFILES\\3838-1.RPT', '01.03.2019', '05.03.2019', '05.03.2019', 0, 1140, 0.001, 2, 0, 0, 9, 9, 45, 1, 5, 278, 5, 3, 3, NULL, 2, NULL),
(583, 'C:\\GENIE2K\\REPFILES\\3838-2.RPT', '01.03.2019', '05.03.2019', '05.03.2019', 0, 221, 0.001, 2, 0, 0, 9, 9, 5, 1, 5, 279, 5, 3, 3, NULL, 2, NULL),
(584, 'C:\\GENIE2K\\REPFILES\\3838-2.RPT', '01.03.2019', '05.03.2019', '05.03.2019', 1, 224, 0.001, 2, 0, 0, 9, 9, 9, 1, 5, 279, 5, 3, 3, NULL, 2, NULL),
(585, 'C:\\GENIE2K\\REPFILES\\3838-2.RPT', '01.03.2019', '05.03.2019', '05.03.2019', 0, 204, 0.001, 2, 0, 0, 9, 9, 24, 1, 5, 279, 5, 3, 3, NULL, 2, NULL),
(586, 'C:\\GENIE2K\\REPFILES\\3838-2.RPT', '01.03.2019', '05.03.2019', '05.03.2019', 0, 220, 0.001, 2, 0, 0, 9, 9, 30, 1, 5, 279, 5, 3, 3, NULL, 2, NULL),
(587, 'C:\\GENIE2K\\REPFILES\\3838-2.RPT', '01.03.2019', '05.03.2019', '05.03.2019', 1, 223, 0.001, 2, 0, 0, 9, 9, 31, 1, 5, 279, 5, 3, 3, NULL, 2, NULL),
(588, 'C:\\GENIE2K\\REPFILES\\3838-2.RPT', '01.03.2019', '05.03.2019', '05.03.2019', 0, 1110, 0.001, 2, 0, 0, 9, 9, 45, 1, 5, 279, 5, 3, 3, NULL, 2, NULL),
(589, '', '28.02.2019', '05.03.2019', '05.03.2019', 1, 0.00789, 0.009, 2, 0.0199, 0.223, 3, 3, 47, 8, 3, 270, 5, 3, 3, NULL, 7, NULL),
(590, '', '28.02.2019', '05.03.2019', '06.03.2019', 1, 0.00787, 0.009, 2, 0.02, 0.224, 3, 3, 47, 8, 3, 271, 5, 3, 3, NULL, 7, NULL),
(591, '', '28.02.2019', '05.03.2019', '05.03.2019', 1, 0.00801, 0.009, 2, 0.0288, 0.331, 3, 3, 47, 8, 3, 272, 5, 3, 3, NULL, 7, NULL),
(592, '', '28.02.2019', '05.03.2019', '06.03.2019', 1, 0.00811, 0.009, 2, 0.0288, 0.331, 3, 3, 47, 8, 3, 273, 5, 3, 3, NULL, 7, NULL),
(593, '', '28.02.2019', '05.03.2019', '06.03.2019', 1, 0.00215, 0.009, 2, 0, 0, 3, 3, 47, 8, 5, 280, 5, 3, 3, NULL, 7, NULL),
(594, '', '08.02.2019', '15.02.2019', '06.03.2019', 1, 0, 1.02, 2, 0.00122, 0.00588, 1, 1, 51, 2, 2, 296, 6, 2, 3, NULL, 6, NULL),
(595, '', '08.02.2019', '15.02.2019', '06.03.2019', 1, 0, 1.02, 2, 0.0031, 0.0168, 1, 1, 52, 2, 2, 296, 6, 2, 3, NULL, 6, NULL),
(596, '', '08.02.2019', '15.02.2019', '06.03.2019', 1, 0, 1.02, 2, 0.000883, 0.00295, 1, 1, 53, 2, 2, 296, 6, 2, 3, NULL, 5, NULL),
(597, '', '08.02.2019', '15.02.2019', '06.03.2019', 1, 0, 1.02, 2, 0.000468, 0.000916, 1, 1, 54, 2, 2, 296, 6, 2, 3, NULL, 5, NULL),
(598, '', '08.02.2019', '15.02.2019', '06.03.2019', 1, 0.000163, 1.02, 2, 0, 0, 1, 1, 55, 2, 2, 296, 6, 2, 3, NULL, 6, NULL),
(599, '', '08.02.2019', '15.02.2019', '06.03.2019', 1, 0, 1.02, 2, 0.000817, 0.00434, 1, 1, 56, 2, 2, 296, 6, 2, 3, NULL, 6, NULL),
(600, '', '08.02.2019', '15.02.2019', '06.03.2019', 1, 0.000159, 1.02, 2, 0, 0, 1, 1, 57, 2, 2, 296, 6, 2, 3, NULL, 6, NULL),
(601, '', '08.02.2019', '15.02.2019', '06.03.2019', 1, 0, 1.02, 2, 0.000944, 0.00545, 1, 1, 58, 2, 2, 296, 6, 2, 3, NULL, 6, NULL),
(602, '', '08.02.2019', '15.02.2019', '06.03.2019', 1, 0.000202, 1.02, 2, 0, 0, 1, 1, 59, 2, 2, 296, 6, 2, 3, NULL, 6, NULL),
(603, '', '08.02.2019', '15.02.2019', '06.03.2019', 1, 0, 1.02, 2, 0.00342, 0.0312, 1, 1, 45, 2, 2, 296, 6, 2, 3, NULL, 5, NULL),
(604, '', '08.02.2019', '15.02.2019', '06.03.2019', 1, 0, 1.03, 2, 0.00132, 0.00668, 1, 1, 51, 2, 2, 297, 6, 2, 3, NULL, 6, NULL),
(605, '', '08.02.2019', '15.02.2019', '06.03.2019', 1, 0, 1.03, 2, 0.00352, 0.0196, 1, 1, 52, 2, 2, 297, 6, 2, 3, NULL, 6, NULL),
(606, '', '08.02.2019', '15.02.2019', '06.03.2019', 1, 0, 1.03, 2, 0.000801, 0.00275, 1, 1, 53, 2, 2, 297, 6, 2, 3, NULL, 5, NULL),
(607, '', '08.02.2019', '15.02.2019', '06.03.2019', 1, 0, 1.03, 2, 0.000456, 0.00108, 1, 1, 54, 2, 2, 297, 6, 2, 3, NULL, 5, NULL),
(608, '', '08.02.2019', '15.02.2019', '06.03.2019', 1, 0.0000413, 1.03, 2, 0, 0, 1, 1, 55, 2, 2, 297, 6, 2, 3, NULL, 5, NULL),
(609, '', '08.02.2019', '15.02.2019', '06.03.2019', 1, 0, 1.03, 2, 0.000755, 0.00484, 1, 1, 56, 2, 2, 297, 6, 2, 3, NULL, 6, NULL),
(610, '', '08.02.2019', '15.02.2019', '06.03.2019', 1, 0.0000459, 1.03, 2, 0, 0, 1, 1, 57, 2, 2, 297, 6, 2, 3, NULL, 6, NULL),
(611, '', '08.02.2019', '15.02.2019', '06.03.2019', 1, 0, 1.03, 2, 0.00081, 0.005342, 1, 1, 58, 2, 2, 297, 6, 2, 3, NULL, 6, NULL),
(612, '', '08.02.2019', '15.02.2019', '06.03.2019', 1, 0.00017, 1.03, 2, 0, 0, 1, 1, 59, 2, 2, 297, 6, 2, 3, NULL, 6, NULL),
(613, '', '08.02.2019', '15.02.2019', '06.03.2019', 1, 0, 1.03, 2, 0.00387, 0.0369, 1, 1, 45, 2, 2, 297, 6, 2, 3, NULL, 5, NULL),
(614, '', '27.02.2019', '06.03.2019', '06.03.2019', 1, 0, 1, 2, 0.002763, 0.01405, 1, 1, 51, 2, 2, 298, 8, 3, 3, NULL, 6, NULL),
(615, '', '27.02.2019', '06.03.2019', '06.03.2019', 1, 0, 1, 2, 0.005842, 0.03145, 1, 1, 52, 2, 2, 298, 8, 3, 3, NULL, 6, NULL),
(616, '', '27.02.2019', '06.03.2019', '06.03.2019', 1, 0, 1, 2, 0.001194, 0.004781, 1, 1, 53, 2, 2, 298, 8, 3, 3, NULL, 6, NULL),
(617, '', '27.02.2019', '06.03.2019', '06.03.2019', 1, 0, 1, 2, 0.0006798, 0.003089, 1, 1, 54, 2, 2, 298, 8, 3, 3, NULL, 6, NULL),
(618, '', '27.02.2019', '06.03.2019', '06.03.2019', 1, 0.000579, 1, 2, 0, 0, 1, 1, 55, 2, 2, 298, 8, 3, 3, NULL, 6, NULL),
(619, '', '27.02.2019', '06.03.2019', '06.03.2019', 1, 0, 1, 2, 0.001477, 0.008325, 1, 1, 56, 2, 2, 298, 8, 3, 3, NULL, 6, NULL),
(620, '', '27.02.2019', '06.03.2019', '06.03.2019', 1, 0.0002621, 1, 2, 0, 0, 1, 1, 57, 2, 2, 298, 8, 3, 3, NULL, 6, NULL),
(621, '', '27.02.2019', '06.03.2019', '06.03.2019', 1, 0, 1, 2, 0.001517, 0.008573, 1, 1, 58, 2, 2, 298, 8, 3, 3, NULL, 6, NULL),
(622, '', '27.02.2019', '06.03.2019', '06.03.2019', 1, 0.0002627, 1, 2, 0, 0, 1, 1, 59, 2, 2, 298, 8, 3, 3, NULL, 6, NULL),
(623, '', '27.02.2019', '06.03.2019', '06.03.2019', 1, 0, 1, 2, 0.007161, 0.064, 1, 1, 45, 2, 2, 298, 8, 3, 3, NULL, 6, NULL),
(624, '', '07.03.2019', '08.03.2019', '08.03.2019', 1, 0.1869, 8.1286, 2, 1.0482, 9.1961, 6, 13, 46, 7, 5, 276, 5, 3, 3, NULL, 7, NULL),
(625, '', '06.03.2019', '08.03.2019', '08.03.2019', 1, 0.0464, 7.2007, 2, 0.0387, 0.2127, 6, 13, 46, 7, 5, 274, 5, 3, 3, NULL, 7, NULL),
(626, '', '06.03.2019', '08.03.2019', '08.03.2019', 1, 0.0503, 6.9422, 2, 0.04, 0.2037, 6, 13, 46, 7, 5, 275, 5, 3, 3, NULL, 7, NULL),
(627, '', '07.03.2019', '08.03.2019', '08.03.2019', 1, 0.2157, 8.5573, 2, 1.2397, 10.903, 6, 13, 46, 7, 5, 277, 5, 3, 3, NULL, 7, NULL),
(628, '', '07.03.2019', '11.03.2019', '11.04.2019', 1, 5.01, 0.009, 2, 0, 0, 3, 3, 47, 8, 4, 308, 9, 3, 3, NULL, 7, NULL),
(629, '', '07.03.2019', '11.03.2019', '13.03.2019', 1, 4.96, 0.009, 2, 0, 0, 3, 3, 47, 8, 4, 309, 9, 3, 3, NULL, 7, NULL),
(630, '', '07.03.2019', '11.03.2019', '13.03.2019', 1, 4.97, 0.009, 2, 0, 0, 3, 3, 47, 8, 4, 310, 9, 3, 3, NULL, 7, NULL),
(631, '', '07.03.2019', '11.03.2019', '13.03.2019', 1, 5.03, 0.009, 2, 0, 0, 3, 3, 47, 8, 4, 311, 9, 3, 3, NULL, 7, NULL),
(632, '', '07.03.2019', '11.03.2019', '13.03.2019', 1, 5.05, 0.009, 2, 0, 0, 3, 3, 47, 8, 4, 312, 9, 3, 3, NULL, 7, NULL),
(633, '', '07.03.2019', '11.03.2019', '13.03.2019', 1, 4.97, 0.009, 2, 27.6, 315, 3, 3, 47, 8, 4, 313, 9, 3, 3, NULL, 7, NULL),
(634, '', '07.03.2019', '11.03.2019', '13.03.2019', 1, 5.02, 0.009, 2, 178, 2140, 3, 3, 47, 8, 4, 314, 9, 3, 3, NULL, 7, NULL),
(635, '', '07.03.2019', '11.03.2019', '13.03.2019', 1, 5.05, 0.009, 2, 8.03, 73.6, 3, 3, 47, 8, 4, 315, 9, 3, 3, NULL, 7, NULL),
(636, '', '07.03.2019', '11.03.2019', '13.03.2019', 1, 4.99, 0.009, 2, 0, 0, 3, 3, 47, 8, 4, 316, 9, 3, 3, NULL, 7, NULL),
(637, '', '07.03.2019', '11.03.2019', '13.03.2019', 1, 4.96, 0.009, 2, 0, 0, 3, 3, 47, 8, 4, 317, 9, 3, 3, NULL, 7, NULL),
(638, '', '07.03.2019', '11.03.2019', '13.03.2019', 1, 4.97, 0.009, 2, 0, 0, 3, 3, 47, 8, 4, 318, 9, 3, 3, NULL, 7, NULL),
(639, '', '07.03.2019', '11.03.2019', '13.03.2019', 1, 4.91, 0.009, 2, 0, 0, 3, 3, 47, 8, 4, 319, 9, 3, 3, NULL, 7, NULL),
(640, '', '07.03.2019', '11.03.2019', '13.03.2019', 1, 4.91, 0.009, 2, 0, 0, 3, 3, 47, 8, 4, 320, 9, 3, 3, NULL, 7, NULL),
(641, '', '07.03.2019', '11.03.2019', '13.03.2019', 1, 4.81, 0.009, 2, 0, 0, 3, 3, 47, 8, 4, 321, 9, 3, 3, NULL, 7, NULL),
(642, '', '07.03.2019', '11.03.2019', '13.03.2019', 1, 5.14, 0.009, 2, 0, 0, 3, 3, 47, 8, 4, 299, 5, 3, 3, NULL, 7, NULL),
(643, '', '07.03.2019', '11.03.2019', '13.03.2019', 1, 4.95, 0.009, 2, 0, 0, 3, 3, 47, 8, 4, 300, 5, 3, 3, NULL, 7, NULL),
(644, '', '07.03.2019', '11.03.2019', '13.03.2019', 1, 5.1, 0.009, 2, 0, 0, 3, 3, 47, 8, 4, 301, 5, 3, 3, NULL, 7, NULL),
(645, '', '07.03.2019', '11.03.2019', '13.03.2019', 1, 5.08, 0.009, 2, 0, 0, 3, 3, 47, 8, 4, 302, 5, 3, 3, NULL, 7, NULL),
(646, '', '07.03.2019', '11.03.2019', '13.03.2019', 1, 5.06, 0.009, 2, 0, 0, 3, 3, 47, 8, 4, 303, 5, 3, 3, NULL, 7, NULL),
(647, '', '07.03.2019', '11.03.2019', '13.03.2019', 1, 5.11, 0.009, 2, 0, 0, 3, 3, 47, 8, 4, 304, 5, 3, 3, NULL, 7, NULL),
(648, '', '07.03.2019', '11.03.2019', '13.03.2019', 1, 5.12, 0.009, 2, 0, 0, 3, 3, 47, 8, 4, 305, 5, 3, 3, NULL, 7, NULL),
(649, '', '07.03.2019', '11.03.2019', '13.03.2019', 1, 5.07, 0.009, 2, 0, 0, 3, 3, 47, 8, 4, 306, 5, 3, 3, NULL, 7, NULL),
(650, '', '07.03.2019', '11.03.2019', '13.03.2019', 1, 5.16, 0.009, 2, 0, 0, 3, 3, 47, 8, 4, 307, 5, 3, 3, NULL, 7, NULL),
(651, '', '19.03.2019', '19.3.2019', '21.03.2019', 1, 12.8, 0.02, 2, 194, 2280, 3, 9, 9, 1, 4, 326, 7, 3, 3, NULL, 4, NULL),
(652, '', '19.03.2019', '19.3.2019', '21.03.2019', 1, 11.3, 0.02, 2, 10.4, 112, 3, 9, 22, 1, 4, 326, 7, 3, 3, NULL, 4, NULL),
(653, '', '19.03.2019', '19.3.2019', '21.03.2019', 1, 13.1, 0.02, 2, 8.32, 64.9, 3, 9, 31, 1, 4, 326, 7, 3, 3, NULL, 4, NULL),
(654, '', '19.03.2019', '19.3.2019', '21.03.2019', 1, 21.2, 0.02, 2, 5.61, 21.6, 3, 9, 45, 1, 4, 326, 7, 3, 3, NULL, 4, NULL),
(655, '', '19.03.2019', '19.3.2019', '21.03.2019', 0, 18.1, 0.02, 2, 0, 0, 3, 9, 5, 1, 4, 326, 7, 3, 3, NULL, 4, NULL),
(656, '', '19.03.2019', '19.3.2019', '21.03.2019', 0, 17.6, 0.02, 2, 0, 0, 3, 9, 24, 1, 4, 326, 7, 3, 3, NULL, 4, NULL),
(657, '', '19.03.2019', '19.3.2019', '21.03.2019', 0, 12.6, 0.02, 2, 0, 0, 3, 9, 30, 1, 4, 326, 7, 3, 3, NULL, 4, NULL),
(658, 'C:\\GENIE2K\\REPFILES\\3856-2.RPT', '19.03.2019', '19.3.2019', '21.03.2019', 1, 19, 0.02, 2, 384, 4530, 3, 9, 9, 1, 4, 327, 7, 3, 3, NULL, 2, NULL),
(659, 'C:\\GENIE2K\\REPFILES\\3856-2.RPT', '19.03.2019', '19.3.2019', '21.03.2019', 1, 24.1, 0.02, 2, 5.63, 35.8, 3, 9, 17, 1, 4, 327, 7, 3, 3, NULL, 2, NULL),
(660, 'C:\\GENIE2K\\REPFILES\\3856-2.RPT', '19.03.2019', '19.3.2019', '21.03.2019', 1, 26.3, 0.02, 2, 112, 1280, 3, 9, 31, 1, 4, 327, 7, 3, 3, NULL, 2, NULL),
(661, 'C:\\GENIE2K\\REPFILES\\3856-2.RPT', '19.03.2019', '19.3.2019', '21.03.2019', 1, 100, 0.02, 2, 20.4, 118, 3, 9, 45, 1, 4, 327, 7, 3, 3, NULL, 2, NULL),
(662, 'C:\\GENIE2K\\REPFILES\\3856-2.RPT', '19.03.2019', '19.3.2019', '21.03.2019', 0, 27.5, 0.02, 2, 0, 0, 3, 9, 5, 1, 4, 327, 7, 3, 3, NULL, 2, NULL),
(663, 'C:\\GENIE2K\\REPFILES\\3856-2.RPT', '19.03.2019', '19.3.2019', '21.03.2019', 0, 41.6, 0.02, 2, 0, 0, 3, 9, 24, 1, 4, 327, 7, 3, 3, NULL, 2, NULL),
(664, 'C:\\GENIE2K\\REPFILES\\3856-2.RPT', '19.03.2019', '19.3.2019', '21.03.2019', 0, 20.1, 0.02, 2, 0, 0, 3, 9, 30, 1, 4, 327, 7, 3, 3, NULL, 2, NULL),
(665, 'C:\\GENIE2K\\REPFILES\\3856-2.RPT', '19.03.2019', '19.03.2019', '21.03.2019', 1, 11.2, 0.02, 2, 0, 0, 3, 9, 22, 1, 4, 327, 7, 3, 3, NULL, 2, NULL),
(666, '', '19.03.2019', '19.03.2019', '21.03.2019', 1, 14.6, 0.02, 2, 0, 0, 3, 9, 17, 1, 4, 326, 7, 3, 3, NULL, 4, NULL),
(667, 'C:\\GENIE2K\\REPFILES\\3859-1.RPT', '22.03.2019', '22.3.2019', '25.03.2019', 0, 0.115, 1, 2, 0, 0, 3, 9, 5, 1, 4, 345, 8, 3, 3, NULL, 3, NULL),
(668, 'C:\\GENIE2K\\REPFILES\\3859-1.RPT', '22.03.2019', '22.3.2019', '25.03.2019', 1, 0.13, 1, 2, 0, 0, 3, 9, 9, 1, 4, 345, 8, 3, 3, NULL, 3, NULL),
(669, 'C:\\GENIE2K\\REPFILES\\3859-1.RPT', '22.03.2019', '22.3.2019', '25.03.2019', 0, 0.12, 1, 2, 0, 0, 3, 9, 24, 1, 4, 345, 8, 3, 3, NULL, 3, NULL),
(670, 'C:\\GENIE2K\\REPFILES\\3859-1.RPT', '22.03.2019', '22.3.2019', '25.03.2019', 0, 0.132, 1, 2, 0, 0, 3, 9, 30, 1, 4, 345, 8, 3, 3, NULL, 3, NULL),
(671, 'C:\\GENIE2K\\REPFILES\\3859-1.RPT', '22.03.2019', '22.3.2019', '25.03.2019', 1, 0.135, 1, 2, 0, 0, 3, 9, 31, 1, 4, 345, 8, 3, 3, NULL, 3, NULL),
(672, 'C:\\GENIE2K\\REPFILES\\3859-1.RPT', '22.03.2019', '22.3.2019', '25.03.2019', 0, 0.457, 1, 2, 0, 0, 3, 9, 45, 1, 4, 345, 8, 3, 3, NULL, 3, NULL),
(673, 'C:\\GENIE2K\\REPFILES\\3857-1.RPT', '21.03.2019', '25.03.2019', '26.03.2019', 0, 0.665, 0.5, 2, 0, 0, 3, 9, 5, 1, 4, 328, 7, 3, 3, NULL, 3, NULL),
(674, 'C:\\GENIE2K\\REPFILES\\3857-1.RPT', '21.03.2019', '25.03.2019', '26.03.2019', 1, 0.808, 0.5, 2, 0, 0, 3, 9, 9, 1, 4, 328, 7, 3, 3, NULL, 3, NULL),
(675, 'C:\\GENIE2K\\REPFILES\\3857-1.RPT', '21.03.2019', '25.03.2019', '26.03.2019', 0, 0.704, 0.5, 2, 0, 0, 3, 9, 24, 1, 4, 328, 7, 3, 3, NULL, 3, NULL),
(676, 'C:\\GENIE2K\\REPFILES\\3857-1.RPT', '21.03.2019', '25.03.2019', '26.03.2019', 0, 0.702, 0.5, 2, 0, 0, 3, 9, 30, 1, 4, 328, 7, 3, 3, NULL, 3, NULL),
(677, 'C:\\GENIE2K\\REPFILES\\3857-1.RPT', '21.03.2019', '25.03.2019', '26.03.2019', 1, 0.795, 0.5, 2, 0, 0, 3, 9, 31, 1, 4, 328, 7, 3, 3, NULL, 3, NULL),
(678, 'C:\\GENIE2K\\REPFILES\\3857-1.RPT', '21.03.2019', '25.03.2019', '26.03.2019', 0, 2.49, 0.5, 2, 0, 0, 3, 9, 45, 1, 4, 328, 7, 3, 3, NULL, 3, NULL),
(679, 'C:\\GENIE2K\\REPFILES\\3857-2.RPT', '21.03.2019', '25.03.2019', '26.03.2019', 0, 0.754, 0.5, 2, 0, 0, 3, 9, 5, 1, 4, 329, 7, 3, 3, NULL, 3, NULL),
(680, 'C:\\GENIE2K\\REPFILES\\3857-2.RPT', '21.03.2019', '25.03.2019', '26.03.2019', 1, 0.701, 0.5, 2, 0, 0, 3, 9, 9, 1, 4, 329, 7, 3, 3, NULL, 3, NULL),
(681, 'C:\\GENIE2K\\REPFILES\\3857-2.RPT', '21.03.2019', '25.03.2019', '26.03.2019', 0, 0.861, 0.5, 2, 0, 0, 3, 9, 24, 1, 4, 329, 7, 3, 3, NULL, 3, NULL),
(682, 'C:\\GENIE2K\\REPFILES\\3857-2.RPT', '21.03.2019', '25.03.2019', '26.03.2019', 0, 0.718, 0.5, 2, 0, 0, 3, 9, 30, 1, 4, 329, 7, 3, 3, NULL, 3, NULL),
(683, 'C:\\GENIE2K\\REPFILES\\3857-2.RPT', '21.03.2019', '25.03.2019', '26.03.2019', 1, 0.931, 0.5, 2, 0, 0, 3, 9, 31, 1, 4, 329, 7, 3, 3, NULL, 3, NULL),
(684, 'C:\\GENIE2K\\REPFILES\\3857-2.RPT', '21.03.2019', '25.03.2019', '26.03.2019', 0, 2.68, 0.5, 2, 0, 0, 3, 9, 45, 1, 4, 329, 7, 3, 3, NULL, 3, NULL),
(685, 'C:\\GENIE2K\\REPFILES\\3857-3.RPT', '21.03.2019', '25.03.2019', '26.03.2019', 1, 0.838, 0.5, 2, 0.931, 7.65, 3, 9, 31, 1, 4, 330, 7, 3, 3, NULL, 3, NULL),
(686, 'C:\\GENIE2K\\REPFILES\\3857-3.RPT', '21.03.2019', '25.03.2019', '26.03.2019', 0, 0.68, 0.5, 2, 0, 0, 3, 9, 5, 1, 4, 330, 7, 3, 3, NULL, 3, NULL),
(687, 'C:\\GENIE2K\\REPFILES\\3857-3.RPT', '21.03.2019', '25.03.2019', '26.03.2019', 1, 0.754, 0.5, 2, 0, 0, 3, 9, 9, 1, 4, 330, 7, 3, 3, NULL, 3, NULL),
(688, 'C:\\GENIE2K\\REPFILES\\3857-3.RPT', '21.03.2019', '25.03.2019', '26.03.2019', 0, 0.885, 0.5, 2, 0, 0, 3, 9, 24, 1, 4, 330, 7, 3, 3, NULL, 3, NULL),
(689, 'C:\\GENIE2K\\REPFILES\\3857-3.RPT', '21.03.2019', '25.03.2019', '26.03.2019', 0, 0.814, 0.5, 2, 0, 0, 3, 9, 30, 1, 4, 330, 7, 3, 3, NULL, 3, NULL),
(690, 'C:\\GENIE2K\\REPFILES\\3857-3.RPT', '21.03.2019', '25.03.2019', '26.03.2019', 0, 2.85, 0.5, 2, 0, 0, 3, 9, 45, 1, 4, 330, 7, 3, 3, NULL, 3, NULL),
(691, 'C:\\GENIE2K\\REPFILES\\3857-4.RPT', '21.03.2019', '25.03.2019', '26.03.2019', 0, 0.73, 0.5, 2, 0, 0, 3, 9, 5, 1, 4, 331, 7, 3, 3, NULL, 3, NULL),
(692, 'C:\\GENIE2K\\REPFILES\\3857-4.RPT', '21.03.2019', '25.03.2019', '26.03.2019', 1, 0.701, 0.5, 2, 0, 0, 3, 9, 9, 1, 4, 331, 7, 3, 3, NULL, 3, NULL),
(693, 'C:\\GENIE2K\\REPFILES\\3857-4.RPT', '21.03.2019', '25.03.2019', '26.03.2019', 0, 0.787, 0.5, 2, 0, 0, 3, 9, 24, 1, 4, 331, 7, 3, 3, NULL, 3, NULL),
(694, 'C:\\GENIE2K\\REPFILES\\3857-4.RPT', '21.03.2019', '25.03.2019', '26.03.2019', 0, 0.801, 0.5, 2, 0, 0, 3, 9, 30, 1, 4, 331, 7, 3, 3, NULL, 3, NULL),
(695, 'C:\\GENIE2K\\REPFILES\\3857-4.RPT', '21.03.2019', '25.03.2019', '26.03.2019', 1, 0.931, 0.5, 2, 0, 0, 3, 9, 31, 1, 4, 331, 7, 3, 3, NULL, 3, NULL),
(696, 'C:\\GENIE2K\\REPFILES\\3857-4.RPT', '21.03.2019', '25.03.2019', '26.03.2019', 0, 2.65, 0.5, 2, 0, 0, 3, 9, 45, 1, 4, 331, 7, 3, 3, NULL, 3, NULL),
(697, 'C:\\GENIE2K\\REPFILES\\3857-5.RPT', '21.03.2019', '25.03.2019', '26.03.2019', 0, 0.706, 0.5, 2, 0, 0, 3, 9, 5, 1, 4, 332, 7, 3, 3, NULL, 3, NULL),
(698, 'C:\\GENIE2K\\REPFILES\\3857-5.RPT', '21.03.2019', '25.03.2019', '26.03.2019', 1, 0.653, 0.5, 2, 0, 0, 3, 9, 9, 1, 4, 332, 7, 3, 3, NULL, 3, NULL),
(699, 'C:\\GENIE2K\\REPFILES\\3857-5.RPT', '21.03.2019', '25.03.2019', '26.03.2019', 0, 0.685, 0.5, 2, 0, 0, 3, 9, 24, 1, 4, 332, 7, 3, 3, NULL, 3, NULL),
(700, 'C:\\GENIE2K\\REPFILES\\3857-5.RPT', '21.03.2019', '25.03.2019', '26.03.2019', 0, 0.718, 0.5, 2, 0, 0, 3, 9, 30, 1, 4, 332, 7, 3, 3, NULL, 3, NULL),
(701, 'C:\\GENIE2K\\REPFILES\\3857-5.RPT', '21.03.2019', '25.03.2019', '26.03.2019', 1, 0.816, 0.5, 2, 0, 0, 3, 9, 31, 1, 4, 332, 7, 3, 3, NULL, 3, NULL),
(702, 'C:\\GENIE2K\\REPFILES\\3857-5.RPT', '21.03.2019', '25.03.2019', '26.03.2019', 0, 2.63, 0.5, 2, 0, 0, 3, 9, 45, 1, 4, 332, 7, 3, 3, NULL, 3, NULL),
(703, 'C:\\GENIE2K\\REPFILES\\3857-6.RPT', '21.03.2019', '25.03.2019', '26.03.2019', 0, 0.639, 0.5, 2, 0, 0, 3, 9, 5, 1, 4, 333, 7, 3, 3, NULL, 3, NULL),
(704, 'C:\\GENIE2K\\REPFILES\\3857-6.RPT', '21.03.2019', '25.03.2019', '26.03.2019', 1, 0.678, 0.5, 2, 0, 0, 3, 9, 9, 1, 4, 333, 7, 3, 3, NULL, 3, NULL),
(705, 'C:\\GENIE2K\\REPFILES\\3857-6.RPT', '21.03.2019', '25.03.2019', '26.03.2019', 0, 0.813, 0.5, 2, 0, 0, 3, 9, 24, 1, 4, 333, 7, 3, 3, NULL, 3, NULL),
(706, 'C:\\GENIE2K\\REPFILES\\3857-6.RPT', '21.03.2019', '25.03.2019', '26.03.2019', 0, 0.749, 0.5, 2, 0, 0, 3, 9, 30, 1, 4, 333, 7, 3, 3, NULL, 3, NULL),
(707, 'C:\\GENIE2K\\REPFILES\\3857-6.RPT', '21.03.2019', '25.03.2019', '26.03.2019', 1, 0.904, 0.5, 2, 0, 0, 3, 9, 31, 1, 4, 333, 7, 3, 3, NULL, 3, NULL),
(708, 'C:\\GENIE2K\\REPFILES\\3857-6.RPT', '21.03.2019', '25.03.2019', '26.03.2019', 0, 2.68, 0.5, 2, 0, 0, 3, 9, 45, 1, 4, 333, 7, 3, 3, NULL, 3, NULL),
(709, 'C:\\GENIE2K\\REPFILES\\3857-7.RPT', '21.03.2019', '25.03.2019', '26.03.2019', 0, 0.693, 0.5, 2, 0, 0, 3, 9, 5, 1, 4, 334, 7, 3, 3, NULL, 3, NULL),
(710, 'C:\\GENIE2K\\REPFILES\\3857-7.RPT', '21.03.2019', '25.03.2019', '26.03.2019', 1, 0.746, 0.5, 2, 0, 0, 3, 9, 9, 1, 4, 334, 7, 3, 3, NULL, 3, NULL),
(711, 'C:\\GENIE2K\\REPFILES\\3857-7.RPT', '21.03.2019', '25.03.2019', '26.03.2019', 0, 0.77, 0.5, 2, 0, 0, 3, 9, 24, 1, 4, 334, 7, 3, 3, NULL, 3, NULL),
(712, 'C:\\GENIE2K\\REPFILES\\3857-7.RPT', '21.03.2019', '25.03.2019', '26.03.2019', 0, 0.779, 0.5, 2, 0, 0, 3, 9, 30, 1, 4, 334, 7, 3, 3, NULL, 3, NULL),
(713, 'C:\\GENIE2K\\REPFILES\\3857-7.RPT', '21.03.2019', '25.03.2019', '26.03.2019', 1, 0.846, 0.5, 2, 0, 0, 3, 9, 31, 1, 4, 334, 7, 3, 3, NULL, 3, NULL),
(714, 'C:\\GENIE2K\\REPFILES\\3857-7.RPT', '21.03.2019', '25.03.2019', '26.03.2019', 0, 2.62, 0.5, 2, 0, 0, 3, 9, 45, 1, 4, 334, 7, 3, 3, NULL, 3, NULL),
(715, 'C:\\GENIE2K\\REPFILES\\3857-8.RPT', '21.03.2019', '25.03.2019', '26.03.2019', 1, 0.877, 0.5, 2, 1.38, 21.4, 3, 9, 9, 1, 4, 335, 7, 3, 3, NULL, 3, NULL),
(716, 'C:\\GENIE2K\\REPFILES\\3857-8.RPT', '21.03.2019', '25.03.2019', '26.03.2019', 1, 3.55, 0.5, 2, 57.1, 2060, 3, 9, 31, 1, 4, 335, 7, 3, 3, NULL, 3, NULL),
(717, 'C:\\GENIE2K\\REPFILES\\3857-8.RPT', '21.03.2019', '25.03.2019', '26.03.2019', 0, 1.15, 0.5, 2, 0, 0, 3, 9, 5, 1, 4, 335, 7, 3, 3, NULL, 3, NULL),
(718, 'C:\\GENIE2K\\REPFILES\\3857-8.RPT', '21.03.2019', '25.03.2019', '26.03.2019', 0, 1.8, 0.5, 2, 0, 0, 3, 9, 24, 1, 4, 335, 7, 3, 3, NULL, 3, NULL),
(719, 'C:\\GENIE2K\\REPFILES\\3857-8.RPT', '21.03.2019', '25.03.2019', '26.03.2019', 0, 1.31, 0.5, 2, 0, 0, 3, 9, 30, 1, 4, 335, 7, 3, 3, NULL, 3, NULL),
(720, 'C:\\GENIE2K\\REPFILES\\3857-8.RPT', '21.03.2019', '25.03.2019', '26.03.2019', 0, 11.1, 0.5, 2, 0, 0, 3, 9, 45, 1, 4, 335, 7, 3, 3, NULL, 3, NULL),
(721, 'C:\\GENIE2K\\REPFILES\\3857-9.RPT', '21.03.2019', '25.03.2019', '26.03.2019', 1, 0.697, 0.5, 2, 0.977, 11.4, 3, 9, 9, 1, 4, 336, 7, 3, 3, NULL, 3, NULL),
(722, 'C:\\GENIE2K\\REPFILES\\3857-9.RPT', '21.03.2019', '25.03.2019', '26.03.2019', 1, 1.07, 0.5, 2, 0.803, 6.63, 3, 9, 30, 1, 4, 336, 7, 3, 3, NULL, 3, NULL),
(723, 'C:\\GENIE2K\\REPFILES\\3857-9.RPT', '21.03.2019', '25.03.2019', '26.03.2019', 1, 6.86, 0.5, 2, 263, 9760, 3, 9, 31, 1, 4, 336, 7, 3, 3, NULL, 3, NULL),
(724, 'C:\\GENIE2K\\REPFILES\\3857-9.RPT', '21.03.2019', '25.03.2019', '26.03.2019', 0, 1.02, 0.5, 2, 0, 0, 3, 9, 5, 1, 4, 336, 7, 3, 3, NULL, 3, NULL),
(725, 'C:\\GENIE2K\\REPFILES\\3857-9.RPT', '21.03.2019', '25.03.2019', '26.03.2019', 0, 1.62, 0.5, 2, 0, 0, 3, 9, 24, 1, 4, 336, 7, 3, 3, NULL, 3, NULL),
(726, 'C:\\GENIE2K\\REPFILES\\3857-9.RPT', '21.03.2019', '25.03.2019', '26.03.2019', 0, 23.9, 0.5, 2, 0, 0, 3, 9, 45, 1, 4, 336, 7, 3, 3, NULL, 3, NULL),
(727, 'C:\\GENIE2K\\REPFILES\\3861-1.RPT', '26.03.2019', '27.03.2019', '27.03.2019', 1, 0.00138, 133.76, 2, 0.00517, 0.0212, 1, 9, 9, 1, 2, 349, 7, 3, 3, NULL, 3, NULL),
(728, 'C:\\GENIE2K\\REPFILES\\3861-1.RPT', '26.03.2019', '27.03.2019', '27.03.2019', 1, 0.00164, 133.76, 2, 0.00947, 0.0393, 1, 9, 31, 1, 2, 349, 7, 3, 3, NULL, 3, NULL),
(729, 'C:\\GENIE2K\\REPFILES\\3861-1.RPT', '26.03.2019', '27.03.2019', '27.03.2019', 1, 0.00348, 133.76, 2, 0.00323, 0.00935, 1, 9, 45, 1, 2, 349, 7, 3, 3, NULL, 3, NULL),
(730, 'C:\\GENIE2K\\REPFILES\\3861-1.RPT', '26.03.2019', '27.03.2019', '27.03.2019', 0, 0.00127, 133.76, 2, 0, 0, 1, 9, 5, 1, 2, 349, 7, 3, 3, NULL, 3, NULL),
(731, 'C:\\GENIE2K\\REPFILES\\3861-1.RPT', '26.03.2019', '27.03.2019', '27.03.2019', 0, 0.00172, 133.76, 2, 0, 0, 1, 9, 24, 1, 2, 349, 7, 3, 3, NULL, 3, NULL),
(732, 'C:\\GENIE2K\\REPFILES\\3861-1.RPT', '26.03.2019', '27.03.2019', '27.03.2019', 0, 0.00155, 133.76, 2, 0, 0, 1, 9, 30, 1, 2, 349, 7, 3, 3, NULL, 3, NULL),
(733, 'C:\\GENIE2K\\REPFILES\\3861-2.RPT', '26.03.2019', '27.03.2019', '27.03.2019', 1, 0.000859, 127.4, 2, 0.000919, 0.00253, 1, 9, 31, 1, 2, 350, 7, 3, 3, NULL, 4, NULL),
(734, 'C:\\GENIE2K\\REPFILES\\3861-2.RPT', '26.03.2019', '27.03.2019', '27.03.2019', 0, 0.00121, 127.4, 2, 0, 0, 1, 9, 5, 1, 2, 350, 7, 3, 3, NULL, 4, NULL),
(735, 'C:\\GENIE2K\\REPFILES\\3861-2.RPT', '26.03.2019', '27.03.2019', '27.03.2019', 1, 0.00127, 127.4, 2, 0, 0, 1, 9, 9, 1, 2, 350, 7, 3, 3, NULL, 4, NULL),
(736, 'C:\\GENIE2K\\REPFILES\\3861-2.RPT', '26.03.2019', '27.03.2019', '27.03.2019', 0, 0.00125, 127.4, 2, 0, 0, 1, 9, 24, 1, 2, 350, 7, 3, 3, NULL, 4, NULL),
(737, 'C:\\GENIE2K\\REPFILES\\3861-2.RPT', '26.03.2019', '27.03.2019', '27.03.2019', 0, 0.00138, 127.4, 2, 0, 0, 1, 9, 30, 1, 2, 350, 7, 3, 3, NULL, 4, NULL),
(738, 'C:\\GENIE2K\\REPFILES\\3861-2.RPT', '26.03.2019', '27.03.2019', '27.03.2019', 0, 0.00425, 127.4, 2, 0, 0, 1, 9, 45, 1, 2, 350, 7, 3, 3, NULL, 4, NULL),
(739, 'C:\\GENIE2K\\REPFILES\\3858-1.RPT', '22.03.2019', '27.03.2019', '27.03.2019', 0, 0.816, 0.5, 2, 0, 0, 3, 9, 5, 1, 4, 337, 8, 3, 3, NULL, 3, NULL),
(740, 'C:\\GENIE2K\\REPFILES\\3858-1.RPT', '22.03.2019', '27.03.2019', '27.03.2019', 1, 0.831, 0.5, 2, 0, 0, 3, 9, 9, 1, 4, 337, 8, 3, 3, NULL, 3, NULL),
(741, 'C:\\GENIE2K\\REPFILES\\3858-1.RPT', '22.03.2019', '27.03.2019', '27.03.2019', 0, 0.972, 0.5, 2, 0, 0, 3, 9, 24, 1, 4, 337, 8, 3, 3, NULL, 3, NULL),
(742, 'C:\\GENIE2K\\REPFILES\\3858-1.RPT', '22.03.2019', '27.03.2019', '27.03.2019', 0, 0.738, 0.5, 2, 0, 0, 3, 9, 30, 1, 4, 337, 8, 3, 3, NULL, 3, NULL),
(743, 'C:\\GENIE2K\\REPFILES\\3858-1.RPT', '22.03.2019', '27.03.2019', '27.03.2019', 1, 0.992, 0.5, 2, 0, 0, 3, 9, 31, 1, 4, 337, 8, 3, 3, NULL, 3, NULL),
(744, 'C:\\GENIE2K\\REPFILES\\3858-1.RPT', '22.03.2019', '27.03.2019', '27.03.2019', 0, 2.75, 0.5, 2, 0, 0, 3, 9, 45, 1, 4, 337, 8, 3, 3, NULL, 3, NULL),
(745, 'C:\\GENIE2K\\REPFILES\\3858-2.RPT', '22.03.2019', '27.03.2019', '27.03.2019', 1, 0.58, 0.5, 2, 0.491, 2.27, 3, 9, 31, 1, 4, 338, 8, 3, 3, NULL, 4, NULL),
(746, 'C:\\GENIE2K\\REPFILES\\3858-2.RPT', '22.03.2019', '27.03.2019', '27.03.2019', 0, 0.721, 0.5, 2, 0, 0, 3, 9, 5, 1, 4, 338, 8, 3, 3, NULL, 4, NULL),
(747, 'C:\\GENIE2K\\REPFILES\\3858-2.RPT', '22.03.2019', '27.03.2019', '27.03.2019', 1, 0.664, 0.5, 2, 0, 0, 3, 9, 9, 1, 4, 338, 8, 3, 3, NULL, 4, NULL),
(748, 'C:\\GENIE2K\\REPFILES\\3858-2.RPT', '22.03.2019', '27.03.2019', '27.03.2019', 0, 0.754, 0.5, 2, 0, 0, 3, 9, 24, 1, 4, 338, 8, 3, 3, NULL, 4, NULL),
(749, 'C:\\GENIE2K\\REPFILES\\3858-2.RPT', '22.03.2019', '27.03.2019', '27.03.2019', 0, 0.66, 0.5, 2, 0, 0, 3, 9, 30, 1, 4, 338, 8, 3, 3, NULL, 4, NULL),
(750, 'C:\\GENIE2K\\REPFILES\\3858-2.RPT', '22.03.2019', '27.03.2019', '27.03.2019', 0, 2.25, 0.5, 2, 0, 0, 3, 9, 45, 1, 4, 338, 8, 3, 3, NULL, 4, NULL),
(751, 'C:\\GENIE2K\\REPFILES\\3858-3.RPT', '22.03.2019', '27.03.2019', '27.03.2019', 0, 0.567, 0.5, 2, 0, 0, 3, 9, 5, 1, 4, 339, 8, 3, 3, NULL, 3, NULL),
(752, 'C:\\GENIE2K\\REPFILES\\3858-3.RPT', '22.03.2019', '27.03.2019', '27.03.2019', 1, 0.636, 0.5, 2, 0, 0, 3, 9, 9, 1, 4, 339, 8, 3, 3, NULL, 3, NULL),
(753, 'C:\\GENIE2K\\REPFILES\\3858-3.RPT', '22.03.2019', '27.03.2019', '27.03.2019', 0, 0.811, 0.5, 2, 0, 0, 3, 9, 24, 1, 4, 339, 8, 3, 3, NULL, 3, NULL),
(754, 'C:\\GENIE2K\\REPFILES\\3858-3.RPT', '22.03.2019', '27.03.2019', '27.03.2019', 0, 0.736, 0.5, 2, 0, 0, 3, 9, 30, 1, 4, 339, 8, 3, 3, NULL, 3, NULL),
(755, 'C:\\GENIE2K\\REPFILES\\3858-3.RPT', '22.03.2019', '27.03.2019', '27.03.2019', 1, 0.846, 0.5, 2, 0, 0, 3, 9, 31, 1, 4, 339, 8, 3, 3, NULL, 3, NULL),
(756, 'C:\\GENIE2K\\REPFILES\\3858-3.RPT', '22.03.2019', '27.03.2019', '27.03.2019', 0, 2.75, 0.5, 2, 0, 0, 3, 9, 45, 1, 4, 339, 8, 3, 3, NULL, 3, NULL),
(757, 'C:\\GENIE2K\\REPFILES\\3858-4.RPT', '22.03.2019', '27.03.2019', '27.03.2019', 0, 0.627, 0.5, 2, 0, 0, 3, 9, 5, 1, 4, 340, 8, 3, 3, NULL, 4, NULL),
(758, 'C:\\GENIE2K\\REPFILES\\3858-4.RPT', '22.03.2019', '27.03.2019', '27.03.2019', 1, 0.75, 0.5, 2, 0, 0, 3, 9, 9, 1, 4, 340, 8, 3, 3, NULL, 4, NULL),
(759, 'C:\\GENIE2K\\REPFILES\\3858-4.RPT', '22.03.2019', '27.03.2019', '27.03.2019', 0, 0.725, 0.5, 2, 0, 0, 3, 9, 24, 1, 4, 340, 8, 3, 3, NULL, 4, NULL),
(760, 'C:\\GENIE2K\\REPFILES\\3858-4.RPT', '22.03.2019', '27.03.2019', '27.03.2019', 0, 0.608, 0.5, 2, 0, 0, 3, 9, 30, 1, 4, 340, 8, 3, 3, NULL, 4, NULL),
(761, 'C:\\GENIE2K\\REPFILES\\3858-4.RPT', '22.03.2019', '27.03.2019', '27.03.2019', 1, 0.79, 0.5, 2, 0, 0, 3, 9, 31, 1, 4, 340, 8, 3, 3, NULL, 4, NULL),
(762, 'C:\\GENIE2K\\REPFILES\\3858-4.RPT', '22.03.2019', '27.03.2019', '27.03.2019', 0, 2.24, 0.5, 2, 0, 0, 3, 9, 45, 1, 4, 340, 8, 3, 3, NULL, 4, NULL),
(763, 'C:\\GENIE2K\\REPFILES\\3858-5.RPT', '22.03.2019', '27.03.2019', '27.03.2019', 1, 0.89, 0.5, 2, 0.5, 2.29, 3, 9, 31, 1, 4, 341, 8, 3, 3, NULL, 3, NULL),
(764, 'C:\\GENIE2K\\REPFILES\\3858-5.RPT', '22.03.2019', '27.03.2019', '27.03.2019', 0, 0.712, 0.5, 2, 0, 0, 3, 9, 5, 1, 4, 341, 8, 3, 3, NULL, 3, NULL),
(765, 'C:\\GENIE2K\\REPFILES\\3858-5.RPT', '22.03.2019', '27.03.2019', '27.03.2019', 1, 0.725, 0.5, 2, 0, 0, 3, 9, 9, 1, 4, 341, 8, 3, 3, NULL, 3, NULL),
(766, 'C:\\GENIE2K\\REPFILES\\3858-5.RPT', '22.03.2019', '27.03.2019', '27.03.2019', 0, 1.03, 0.5, 2, 0, 0, 3, 9, 24, 1, 4, 341, 8, 3, 3, NULL, 3, NULL),
(767, 'C:\\GENIE2K\\REPFILES\\3858-5.RPT', '22.03.2019', '27.03.2019', '27.03.2019', 0, 0.863, 0.5, 2, 0, 0, 3, 9, 30, 1, 4, 341, 8, 3, 3, NULL, 3, NULL),
(768, 'C:\\GENIE2K\\REPFILES\\3858-5.RPT', '22.03.2019', '27.03.2019', '27.03.2019', 0, 2.66, 0.5, 2, 0, 0, 3, 9, 45, 1, 4, 341, 8, 3, 3, NULL, 3, NULL),
(769, 'C:\\GENIE2K\\REPFILES\\3858-6.RPT', '22.03.2019', '27.03.2019', '27.03.2019', 0, 0.549, 0.5, 2, 0, 0, 3, 9, 5, 1, 4, 342, 8, 3, 3, NULL, 4, NULL),
(770, 'C:\\GENIE2K\\REPFILES\\3858-6.RPT', '22.03.2019', '27.03.2019', '27.03.2019', 1, 0.802, 0.5, 2, 0, 0, 3, 9, 9, 1, 4, 342, 8, 3, 3, NULL, 4, NULL),
(771, 'C:\\GENIE2K\\REPFILES\\3858-6.RPT', '22.03.2019', '27.03.2019', '27.03.2019', 0, 0.688, 0.5, 2, 0, 0, 3, 9, 24, 1, 4, 342, 8, 3, 3, NULL, 4, NULL),
(772, 'C:\\GENIE2K\\REPFILES\\3858-6.RPT', '22.03.2019', '27.03.2019', '27.03.2019', 0, 0.652, 0.5, 2, 0, 0, 3, 9, 30, 1, 4, 342, 8, 3, 3, NULL, 4, NULL),
(773, 'C:\\GENIE2K\\REPFILES\\3858-6.RPT', '22.03.2019', '27.03.2019', '27.03.2019', 1, 0.746, 0.5, 2, 0, 0, 3, 9, 31, 1, 4, 342, 8, 3, 3, NULL, 4, NULL),
(774, 'C:\\GENIE2K\\REPFILES\\3858-6.RPT', '22.03.2019', '27.03.2019', '27.03.2019', 0, 1.99, 0.5, 2, 0, 0, 3, 9, 45, 1, 4, 342, 8, 3, 3, NULL, 4, NULL),
(775, 'C:\\GENIE2K\\REPFILES\\3858-7.RPT', '22.03.2019', '27.03.2019', '27.03.2019', 0, 0.92, 0.5, 2, 0, 0, 3, 9, 5, 1, 4, 343, 8, 3, 3, NULL, 3, NULL),
(776, 'C:\\GENIE2K\\REPFILES\\3858-7.RPT', '22.03.2019', '27.03.2019', '27.03.2019', 1, 0.702, 0.5, 2, 0, 0, 3, 9, 9, 1, 4, 343, 8, 3, 3, NULL, 3, NULL),
(777, 'C:\\GENIE2K\\REPFILES\\3858-7.RPT', '22.03.2019', '27.03.2019', '27.03.2019', 0, 0.722, 0.5, 2, 0, 0, 3, 9, 24, 1, 4, 343, 8, 3, 3, NULL, 3, NULL),
(778, 'C:\\GENIE2K\\REPFILES\\3858-7.RPT', '22.03.2019', '27.03.2019', '27.03.2019', 0, 0.708, 0.5, 2, 0, 0, 3, 9, 30, 1, 4, 343, 8, 3, 3, NULL, 3, NULL),
(779, 'C:\\GENIE2K\\REPFILES\\3858-7.RPT', '22.03.2019', '27.03.2019', '27.03.2019', 1, 0.74, 0.5, 2, 0, 0, 3, 9, 31, 1, 4, 343, 8, 3, 3, NULL, 3, NULL);
INSERT INTO `results` (`ID_RESULTS`, `BASIC_VALUE`, `DATE_CHIM_OPER`, `DATE_MEASUR`, `DATE_REDAC`, `INPROTOKOL`, `MDA`, `QUANTITY`, `SIGMA`, `UNCERTAINTY`, `VALUE_RESULT`, `DIMENSION_ID_DIMENSION`, `METODY_ID_METODY`, `NUCLIDE_ID_NUCLIDE`, `POKAZATEL_ID_POKAZATEL`, `RTAZMERNOSTI_ID_RAZMERNOSTI`, `SAMPLE_ID_SAMPLE`, `USER_CHIM_OPER_ID_USERS`, `USER_MEASUR_ID_USERS`, `USER_REDAC_ID_USERS`, `ZABELEJKI_ID_ZABELEJKI`, `TSI_ID_TSI`, `DOBIV_ID_DOBIV`) VALUES
(780, 'C:\\GENIE2K\\REPFILES\\3858-7.RPT', '22.03.2019', '27.03.2019', '27.03.2019', 0, 2.49, 0.5, 2, 0, 0, 3, 9, 45, 1, 4, 343, 8, 3, 3, NULL, 3, NULL),
(781, 'C:\\GENIE2K\\REPFILES\\3858-8.RPT', '22.03.2019', '27.03.2019', '27.03.2019', 0, 0.642, 0.5, 2, 0, 0, 3, 9, 5, 1, 4, 344, 8, 3, 3, NULL, 4, NULL),
(782, 'C:\\GENIE2K\\REPFILES\\3858-8.RPT', '22.03.2019', '27.03.2019', '27.03.2019', 1, 0.569, 0.5, 2, 0, 0, 3, 9, 9, 1, 4, 344, 8, 3, 3, NULL, 4, NULL),
(783, 'C:\\GENIE2K\\REPFILES\\3858-8.RPT', '22.03.2019', '27.03.2019', '27.03.2019', 0, 0.657, 0.5, 2, 0, 0, 3, 9, 24, 1, 4, 344, 8, 3, 3, NULL, 4, NULL),
(784, 'C:\\GENIE2K\\REPFILES\\3858-8.RPT', '22.03.2019', '27.03.2019', '27.03.2019', 0, 0.652, 0.5, 2, 0, 0, 3, 9, 30, 1, 4, 344, 8, 3, 3, NULL, 4, NULL),
(785, 'C:\\GENIE2K\\REPFILES\\3858-8.RPT', '22.03.2019', '27.03.2019', '27.03.2019', 1, 0.649, 0.5, 2, 0, 0, 3, 9, 31, 1, 4, 344, 8, 3, 3, NULL, 4, NULL),
(786, 'C:\\GENIE2K\\REPFILES\\3858-8.RPT', '22.03.2019', '27.03.2019', '27.03.2019', 0, 1.93, 0.5, 2, 0, 0, 3, 9, 45, 1, 4, 344, 8, 3, 3, NULL, 4, NULL),
(787, 'C:\\GENIE2K\\REPFILES\\3840-1.RPT', '28.02.2019', '05.03.2019', '28.03.2019', 0, 0.0000193, 1411.2, 2, 0, 0, 6, 9, 5, 1, 5, 351, 8, 2, 3, NULL, 4, NULL),
(788, 'C:\\GENIE2K\\REPFILES\\3840-1.RPT', '28.02.2019', '05.03.2019', '28.03.2019', 1, 0.000024, 1411.2, 2, 0, 0, 6, 9, 9, 1, 5, 351, 8, 2, 3, NULL, 4, NULL),
(789, 'C:\\GENIE2K\\REPFILES\\3840-1.RPT', '28.02.2019', '05.03.2019', '28.03.2019', 0, 0.0000185, 1411.2, 2, 0, 0, 6, 9, 24, 1, 5, 351, 8, 2, 3, NULL, 4, NULL),
(790, 'C:\\GENIE2K\\REPFILES\\3840-1.RPT', '28.02.2019', '05.03.2019', '28.03.2019', 0, 0.0000198, 1411.2, 2, 0, 0, 6, 9, 30, 1, 5, 351, 8, 2, 3, NULL, 4, NULL),
(791, 'C:\\GENIE2K\\REPFILES\\3840-1.RPT', '28.02.2019', '05.03.2019', '28.03.2019', 1, 0.0000201, 1411.2, 2, 0, 0, 6, 9, 31, 1, 5, 351, 8, 2, 3, NULL, 4, NULL),
(792, 'C:\\GENIE2K\\REPFILES\\3840-1.RPT', '28.02.2019', '05.03.2019', '28.03.2019', 0, 0.0000366, 1411.2, 2, 0, 0, 6, 9, 45, 1, 5, 351, 8, 2, 3, NULL, 4, NULL),
(793, 'C:\\GENIE2K\\REPFILES\\3806-1.RPT', '01.02.2019', '04.02.2019', '28.03.2019', 0, 0.0000162, 1710, 2, 0, 0, 6, 9, 5, 1, 5, 352, 8, 2, 3, NULL, 4, NULL),
(794, 'C:\\GENIE2K\\REPFILES\\3806-1.RPT', '01.02.2019', '04.02.2019', '28.03.2019', 1, 0.0000204, 1710, 2, 0, 0, 6, 9, 9, 1, 5, 352, 8, 2, 3, NULL, 4, NULL),
(795, 'C:\\GENIE2K\\REPFILES\\3806-1.RPT', '01.02.2019', '04.02.2019', '28.03.2019', 0, 0.0000157, 1710, 2, 0, 0, 6, 9, 24, 1, 5, 352, 8, 2, 3, NULL, 4, NULL),
(796, 'C:\\GENIE2K\\REPFILES\\3806-1.RPT', '01.02.2019', '04.02.2019', '28.03.2019', 0, 0.0000161, 1710, 2, 0, 0, 6, 9, 30, 1, 5, 352, 8, 2, 3, NULL, 4, NULL),
(797, 'C:\\GENIE2K\\REPFILES\\3806-1.RPT', '01.02.2019', '04.02.2019', '28.03.2019', 1, 0.0000171, 1710, 2, 0, 0, 6, 9, 31, 1, 5, 352, 8, 2, 3, NULL, 4, NULL),
(798, 'C:\\GENIE2K\\REPFILES\\3806-1.RPT', '01.02.2019', '04.02.2019', '28.03.2019', 0, 0.0000304, 1710, 2, 0, 0, 6, 9, 45, 1, 5, 352, 8, 2, 3, NULL, 4, NULL),
(799, 'C:\\GENIE2K\\REPFILES\\3800-1.RPT', '01.02.2019', '23.1.2019', '28.03.2019', 0, 0.109, 1, 2, 0, 0, 3, 9, 5, 1, 4, 357, 7, 2, 3, NULL, 4, NULL),
(800, 'C:\\GENIE2K\\REPFILES\\3800-1.RPT', '01.02.2019', '23.1.2019', '28.03.2019', 1, 0.119, 1, 2, 0, 0, 3, 9, 9, 1, 4, 357, 7, 2, 3, NULL, 4, NULL),
(801, 'C:\\GENIE2K\\REPFILES\\3800-1.RPT', '01.02.2019', '23.1.2019', '28.03.2019', 0, 0.108, 1, 2, 0, 0, 3, 9, 24, 1, 4, 357, 7, 2, 3, NULL, 4, NULL),
(802, 'C:\\GENIE2K\\REPFILES\\3800-1.RPT', '01.02.2019', '23.1.2019', '28.03.2019', 0, 0.112, 1, 2, 0, 0, 3, 9, 30, 1, 4, 357, 7, 2, 3, NULL, 4, NULL),
(803, 'C:\\GENIE2K\\REPFILES\\3800-1.RPT', '01.02.2019', '23.1.2019', '28.03.2019', 1, 0.119, 1, 2, 0, 0, 3, 9, 31, 1, 4, 357, 7, 2, 3, NULL, 4, NULL),
(804, 'C:\\GENIE2K\\REPFILES\\3800-1.RPT', '01.02.2019', '23.1.2019', '28.03.2019', 0, 0.401, 1, 2, 0, 0, 3, 9, 45, 1, 4, 357, 7, 2, 3, NULL, 4, NULL),
(805, 'C:\\GENIE2K\\REPFILES\\3788-1.RPT', '18.01.2019', '7.1.2019', '28.03.2019', 0, 0.111, 1, 2, 0, 0, 3, 9, 5, 1, 4, 356, 9, 2, 3, NULL, 2, NULL),
(806, 'C:\\GENIE2K\\REPFILES\\3788-1.RPT', '18.01.2019', '7.1.2019', '28.03.2019', 1, 0.114, 1, 2, 0, 0, 3, 9, 9, 1, 4, 356, 9, 2, 3, NULL, 2, NULL),
(807, 'C:\\GENIE2K\\REPFILES\\3788-1.RPT', '18.01.2019', '7.1.2019', '28.03.2019', 0, 0.114, 1, 2, 0, 0, 3, 9, 24, 1, 4, 356, 9, 2, 3, NULL, 2, NULL),
(808, 'C:\\GENIE2K\\REPFILES\\3788-1.RPT', '18.01.2019', '7.1.2019', '28.03.2019', 0, 0.119, 1, 2, 0, 0, 3, 9, 30, 1, 4, 356, 9, 2, 3, NULL, 2, NULL),
(809, 'C:\\GENIE2K\\REPFILES\\3788-1.RPT', '18.01.2019', '7.1.2019', '28.03.2019', 1, 0.128, 1, 2, 0, 0, 3, 9, 31, 1, 4, 356, 9, 2, 3, NULL, 2, NULL),
(810, 'C:\\GENIE2K\\REPFILES\\3788-1.RPT', '18.01.2019', '7.1.2019', '28.03.2019', 0, 0.646, 1, 2, 0, 0, 3, 9, 45, 1, 4, 356, 9, 2, 3, NULL, 2, NULL),
(811, 'C:\\GENIE2K\\REPFILES\\3818-1.RPT', '11.03.2019', '11.2.2019', '28.03.2019', 0, 0.114, 1, 2, 0, 0, 3, 9, 5, 1, 4, 358, 8, 2, 3, NULL, 4, NULL),
(812, 'C:\\GENIE2K\\REPFILES\\3818-1.RPT', '11.03.2019', '11.2.2019', '28.03.2019', 1, 0.12, 1, 2, 0, 0, 3, 9, 9, 1, 4, 358, 8, 2, 3, NULL, 4, NULL),
(813, 'C:\\GENIE2K\\REPFILES\\3818-1.RPT', '11.03.2019', '11.2.2019', '28.03.2019', 0, 0.112, 1, 2, 0, 0, 3, 9, 24, 1, 4, 358, 8, 2, 3, NULL, 4, NULL),
(814, 'C:\\GENIE2K\\REPFILES\\3818-1.RPT', '11.03.2019', '11.2.2019', '28.03.2019', 0, 0.116, 1, 2, 0, 0, 3, 9, 30, 1, 4, 358, 8, 2, 3, NULL, 4, NULL),
(815, 'C:\\GENIE2K\\REPFILES\\3818-1.RPT', '11.03.2019', '11.2.2019', '28.03.2019', 1, 0.13, 1, 2, 0, 0, 3, 9, 31, 1, 4, 358, 8, 2, 3, NULL, 4, NULL),
(816, 'C:\\GENIE2K\\REPFILES\\3818-1.RPT', '11.03.2019', '11.2.2019', '28.03.2019', 0, 0.409, 1, 2, 0, 0, 3, 9, 45, 1, 4, 358, 8, 2, 3, NULL, 4, NULL),
(817, 'C:\\GENIE2K\\REPFILES\\3827-1.RPT', '20.02.2019', '22.02.2019', '28.03.2019', 0, 0.118, 1, 2, 0, 0, 3, 9, 5, 1, 4, 359, 7, 2, 3, NULL, 2, NULL),
(818, 'C:\\GENIE2K\\REPFILES\\3827-1.RPT', '20.02.2019', '22.02.2019', '28.03.2019', 1, 0.13, 1, 2, 0, 0, 3, 9, 9, 1, 4, 359, 7, 2, 3, NULL, 2, NULL),
(819, 'C:\\GENIE2K\\REPFILES\\3827-1.RPT', '20.02.2019', '22.02.2019', '28.03.2019', 0, 0.117, 1, 2, 0, 0, 3, 9, 24, 1, 4, 359, 7, 2, 3, NULL, 2, NULL),
(820, 'C:\\GENIE2K\\REPFILES\\3827-1.RPT', '20.02.2019', '22.02.2019', '28.03.2019', 0, 0.137, 1, 2, 0, 0, 3, 9, 30, 1, 4, 359, 7, 2, 3, NULL, 2, NULL),
(821, 'C:\\GENIE2K\\REPFILES\\3827-1.RPT', '20.02.2019', '22.02.2019', '28.03.2019', 1, 0.135, 1, 2, 0, 0, 3, 9, 31, 1, 4, 359, 7, 2, 3, NULL, 2, NULL),
(822, 'C:\\GENIE2K\\REPFILES\\3827-1.RPT', '20.02.2019', '22.02.2019', '28.03.2019', 0, 0.683, 1, 2, 0, 0, 3, 9, 45, 1, 4, 359, 7, 2, 3, NULL, 2, NULL),
(823, 'C:\\GENIE2K\\REPFILES\\3860-3.RPT', '26.03.2019', '01.04.2019', '01.04.2019', 1, 0.208, 1, 2, 0.114, 1.11, 3, 9, 9, 1, 4, 346, 5, 3, 3, NULL, 3, NULL),
(824, 'C:\\GENIE2K\\REPFILES\\3860-3.RPT', '26.03.2019', '01.04.2019', '01.04.2019', 0, 0.237, 1, 2, 0, 0, 3, 9, 5, 1, 4, 346, 5, 3, 3, NULL, 3, NULL),
(825, 'C:\\GENIE2K\\REPFILES\\3860-3.RPT', '26.03.2019', '01.04.2019', '01.04.2019', 0, 0.221, 1, 2, 0, 0, 3, 9, 24, 1, 4, 346, 5, 3, 3, NULL, 3, NULL),
(826, 'C:\\GENIE2K\\REPFILES\\3860-3.RPT', '26.03.2019', '01.04.2019', '01.04.2019', 0, 0.232, 1, 2, 0, 0, 3, 9, 30, 1, 4, 346, 5, 3, 3, NULL, 3, NULL),
(827, 'C:\\GENIE2K\\REPFILES\\3860-3.RPT', '26.03.2019', '01.04.2019', '01.04.2019', 1, 0.23, 1, 2, 0, 0, 3, 9, 31, 1, 4, 346, 5, 3, 3, NULL, 3, NULL),
(828, 'C:\\GENIE2K\\REPFILES\\3860-3.RPT', '26.03.2019', '01.04.2019', '01.04.2019', 0, 0.847, 1, 2, 0, 0, 3, 9, 45, 1, 4, 346, 5, 3, 3, NULL, 3, NULL),
(829, 'C:\\GENIE2K\\REPFILES\\3860-3.RPT', '26.03.2019', '01.04.2019', '01.04.2019', 0, 0.202, 1, 2, 0, 0, 3, 9, 5, 1, 4, 347, 5, 3, 3, NULL, 4, NULL),
(830, 'C:\\GENIE2K\\REPFILES\\3860-3.RPT', '26.03.2019', '01.04.2019', '01.04.2019', 1, 0.22, 1, 2, 0, 0, 3, 9, 9, 1, 4, 347, 5, 3, 3, NULL, 4, NULL),
(831, 'C:\\GENIE2K\\REPFILES\\3860-3.RPT', '26.03.2019', '01.04.2019', '01.04.2019', 0, 0.203, 1, 2, 0, 0, 3, 9, 24, 1, 4, 347, 5, 3, 3, NULL, 4, NULL),
(832, 'C:\\GENIE2K\\REPFILES\\3860-3.RPT', '26.03.2019', '01.04.2019', '01.04.2019', 0, 0.2, 1, 2, 0, 0, 3, 9, 30, 1, 4, 347, 5, 3, 3, NULL, 4, NULL),
(833, 'C:\\GENIE2K\\REPFILES\\3860-3.RPT', '26.03.2019', '01.04.2019', '01.04.2019', 1, 0.22, 1, 2, 0, 0, 3, 9, 31, 1, 4, 347, 5, 3, 3, NULL, 4, NULL),
(834, 'C:\\GENIE2K\\REPFILES\\3860-3.RPT', '26.03.2019', '01.04.2019', '01.04.2019', 0, 0.728, 1, 2, 0, 0, 3, 9, 45, 1, 4, 347, 5, 3, 3, NULL, 4, NULL),
(835, 'C:\\GENIE2K\\REPFILES\\3860-3.RPT', '26.03.2019', '01.04.2019', '01.04.2019', 0, 0.219, 1, 2, 0, 0, 3, 9, 5, 1, 4, 348, 5, 3, 3, NULL, 3, NULL),
(836, 'C:\\GENIE2K\\REPFILES\\3860-3.RPT', '26.03.2019', '01.04.2019', '01.04.2019', 1, 0.22, 1, 2, 0, 0, 3, 9, 9, 1, 4, 348, 5, 3, 3, NULL, 3, NULL),
(837, 'C:\\GENIE2K\\REPFILES\\3860-3.RPT', '26.03.2019', '01.04.2019', '01.04.2019', 0, 0.223, 1, 2, 0, 0, 3, 9, 24, 1, 4, 348, 5, 3, 3, NULL, 3, NULL),
(838, 'C:\\GENIE2K\\REPFILES\\3860-3.RPT', '26.03.2019', '01.04.2019', '01.04.2019', 0, 0.227, 1, 2, 0, 0, 3, 9, 30, 1, 4, 348, 5, 3, 3, NULL, 3, NULL),
(839, 'C:\\GENIE2K\\REPFILES\\3860-3.RPT', '26.03.2019', '01.04.2019', '01.04.2019', 1, 0.226, 1, 2, 0, 0, 3, 9, 31, 1, 4, 348, 5, 3, 3, NULL, 3, NULL),
(840, 'C:\\GENIE2K\\REPFILES\\3860-3.RPT', '26.03.2019', '01.04.2019', '01.04.2019', 0, 0.794, 1, 2, 0, 0, 3, 9, 45, 1, 4, 348, 5, 3, 3, NULL, 3, NULL),
(841, 'C:\\GENIE2K\\REPFILES\\3862-1.RPT', '28.03.2019', '03.04.2019', '03.04.2019', 1, 257, 0.001, 2, 112, 715, 6, 9, 31, 1, 5, 353, 8, 3, 3, NULL, 3, NULL),
(842, 'C:\\GENIE2K\\REPFILES\\3862-1.RPT', '28.03.2019', '03.04.2019', '03.04.2019', 0, 203, 0.001, 2, 0, 0, 6, 9, 5, 1, 5, 353, 8, 3, 3, NULL, 3, NULL),
(843, 'C:\\GENIE2K\\REPFILES\\3862-1.RPT', '28.03.2019', '03.04.2019', '03.04.2019', 1, 223, 0.001, 2, 0, 0, 6, 9, 9, 1, 5, 353, 8, 3, 3, NULL, 3, NULL),
(844, 'C:\\GENIE2K\\REPFILES\\3862-1.RPT', '28.03.2019', '03.04.2019', '03.04.2019', 0, 279, 0.001, 2, 0, 0, 6, 9, 24, 1, 5, 353, 8, 3, 3, NULL, 3, NULL),
(845, 'C:\\GENIE2K\\REPFILES\\3862-1.RPT', '28.03.2019', '03.04.2019', '03.04.2019', 0, 233, 0.001, 2, 0, 0, 6, 9, 30, 1, 5, 353, 8, 3, 3, NULL, 3, NULL),
(846, 'C:\\GENIE2K\\REPFILES\\3862-1.RPT', '28.03.2019', '03.04.2019', '03.04.2019', 0, 803, 0.001, 2, 0, 0, 6, 9, 45, 1, 5, 353, 8, 3, 3, NULL, 3, NULL),
(847, 'C:\\GENIE2K\\REPFILES\\3862-2.RPT', '28.03.2019', '03.04.2019', '03.04.2019', 1, 227, 0.001, 2, 190, 2070, 6, 9, 31, 1, 5, 354, 8, 3, 3, NULL, 3, NULL),
(848, 'C:\\GENIE2K\\REPFILES\\3862-2.RPT', '28.03.2019', '03.04.2019', '03.04.2019', 0, 216, 0.001, 2, 0, 0, 6, 9, 5, 1, 5, 354, 8, 3, 3, NULL, 3, NULL),
(849, 'C:\\GENIE2K\\REPFILES\\3862-2.RPT', '28.03.2019', '03.04.2019', '03.04.2019', 1, 258, 0.001, 2, 0, 0, 6, 9, 9, 1, 5, 354, 8, 3, 3, NULL, 3, NULL),
(850, 'C:\\GENIE2K\\REPFILES\\3862-2.RPT', '28.03.2019', '03.04.2019', '03.04.2019', 0, 298, 0.001, 2, 0, 0, 6, 9, 24, 1, 5, 354, 8, 3, 3, NULL, 3, NULL),
(851, 'C:\\GENIE2K\\REPFILES\\3862-2.RPT', '28.03.2019', '03.04.2019', '03.04.2019', 0, 240, 0.001, 2, 0, 0, 6, 9, 30, 1, 5, 354, 8, 3, 3, NULL, 3, NULL),
(852, 'C:\\GENIE2K\\REPFILES\\3862-2.RPT', '28.03.2019', '03.04.2019', '03.04.2019', 0, 834, 0.001, 2, 0, 0, 6, 9, 45, 1, 5, 354, 8, 3, 3, NULL, 3, NULL),
(853, 'C:\\GENIE2K\\REPFILES\\3862-3.RPT', '01.04.2019', '03.04.2019', '03.04.2019', 0, 211, 0.001, 2, 0, 0, 6, 9, 5, 1, 5, 355, 8, 3, 3, NULL, 3, NULL),
(854, 'C:\\GENIE2K\\REPFILES\\3862-3.RPT', '01.04.2019', '03.04.2019', '03.04.2019', 1, 219, 0.001, 2, 0, 0, 6, 9, 9, 1, 5, 355, 8, 3, 3, NULL, 3, NULL),
(855, 'C:\\GENIE2K\\REPFILES\\3862-3.RPT', '01.04.2019', '03.04.2019', '03.04.2019', 0, 236, 0.001, 2, 0, 0, 6, 9, 24, 1, 5, 355, 8, 3, 3, NULL, 3, NULL),
(856, 'C:\\GENIE2K\\REPFILES\\3862-3.RPT', '01.04.2019', '03.04.2019', '03.04.2019', 0, 251, 0.001, 2, 0, 0, 6, 9, 30, 1, 5, 355, 8, 3, 3, NULL, 3, NULL),
(857, 'C:\\GENIE2K\\REPFILES\\3862-3.RPT', '01.04.2019', '03.04.2019', '03.04.2019', 1, 257, 0.001, 2, 0, 0, 6, 9, 31, 1, 5, 355, 8, 3, 3, NULL, 3, NULL),
(858, 'C:\\GENIE2K\\REPFILES\\3862-3.RPT', '01.04.2019', '03.04.2019', '03.04.2019', 0, 801, 0.001, 2, 0, 0, 6, 9, 45, 1, 5, 355, 8, 3, 3, NULL, 3, NULL),
(859, 'C:\\GENIE2K\\REPFILES\\3863-1.RPT', '', '03.04.2019', '03.04.2019', 0, 0.0000218, 1460, 2, 0, 0, 6, 9, 5, 1, 5, 360, 10, 3, 3, NULL, 3, NULL),
(860, 'C:\\GENIE2K\\REPFILES\\3863-1.RPT', '', '03.04.2019', '03.04.2019', 1, 0.0000242, 1460, 2, 0, 0, 6, 9, 9, 1, 5, 360, 10, 3, 3, NULL, 3, NULL),
(861, 'C:\\GENIE2K\\REPFILES\\3863-1.RPT', '', '03.04.2019', '03.04.2019', 0, 0.0000216, 1460, 2, 0, 0, 6, 9, 24, 1, 5, 360, 10, 3, 3, NULL, 3, NULL),
(862, 'C:\\GENIE2K\\REPFILES\\3863-1.RPT', '', '03.04.2019', '03.04.2019', 0, 0.0000225, 1460, 2, 0, 0, 6, 9, 30, 1, 5, 360, 10, 3, 3, NULL, 3, NULL),
(863, 'C:\\GENIE2K\\REPFILES\\3863-1.RPT', '', '03.04.2019', '03.04.2019', 1, 0.0000227, 1460, 2, 0, 0, 6, 9, 31, 1, 5, 360, 10, 3, 3, NULL, 3, NULL),
(864, 'C:\\GENIE2K\\REPFILES\\3863-1.RPT', '', '03.04.2019', '03.04.2019', 0, 0.0000443, 1460, 2, 0, 0, 6, 9, 45, 1, 5, 360, 10, 3, 3, NULL, 3, NULL),
(865, 'C:\\GENIE2K\\REPFILES\\3870-1.RPT', '', '04.04.2019', '04.04.2019', 1, 0.0000132, 23861.7, 2, 0.0000157, 0.000167, 6, 9, 9, 1, 5, 380, 10, 3, 3, NULL, 3, NULL),
(866, 'C:\\GENIE2K\\REPFILES\\3870-1.RPT', '', '04.04.2019', '04.04.2019', 1, 0.0000137, 23861.7, 2, 0.0000319, 0.000374, 6, 9, 31, 1, 5, 380, 10, 3, 3, NULL, 3, NULL),
(867, 'C:\\GENIE2K\\REPFILES\\3870-1.RPT', '', '04.04.2019', '04.04.2019', 0, 0.0000116, 23861.7, 2, 0, 0, 6, 9, 5, 1, 5, 380, 10, 3, 3, NULL, 3, NULL),
(868, 'C:\\GENIE2K\\REPFILES\\3870-1.RPT', '', '04.04.2019', '04.04.2019', 0, 0.0000179, 23861.7, 2, 0, 0, 6, 9, 24, 1, 5, 380, 10, 3, 3, NULL, 3, NULL),
(869, 'C:\\GENIE2K\\REPFILES\\3870-1.RPT', '', '04.04.2019', '04.04.2019', 0, 0.0000114, 23861.7, 2, 0, 0, 6, 9, 30, 1, 5, 380, 10, 3, 3, NULL, 3, NULL),
(870, 'C:\\GENIE2K\\REPFILES\\3870-1.RPT', '', '04.04.2019', '04.04.2019', 0, 0.000047, 23861.7, 2, 0, 0, 6, 9, 45, 1, 5, 380, 10, 3, 3, NULL, 3, NULL),
(871, 'C:\\GENIE2K\\REPFILES\\3870-2.RPT', '', '3.4.2019', '04.04.2019', 1, 0.00000719, 30140.6, 2, 0.0000139, 0.000154, 6, 9, 9, 1, 5, 381, 10, 3, 3, NULL, 3, NULL),
(872, 'C:\\GENIE2K\\REPFILES\\3870-2.RPT', '', '3.4.2019', '04.04.2019', 1, 0.000012, 30140.6, 2, 0.0000421, 0.000534, 6, 9, 31, 1, 5, 381, 10, 3, 3, NULL, 3, NULL),
(873, 'C:\\GENIE2K\\REPFILES\\3870-2.RPT', '', '3.4.2019', '04.04.2019', 0, 0.0000098, 30140.6, 2, 0, 0, 6, 9, 5, 1, 5, 381, 10, 3, 3, NULL, 3, NULL),
(874, 'C:\\GENIE2K\\REPFILES\\3870-2.RPT', '', '3.4.2019', '04.04.2019', 0, 0.0000138, 30140.6, 2, 0, 0, 6, 9, 24, 1, 5, 381, 10, 3, 3, NULL, 3, NULL),
(875, 'C:\\GENIE2K\\REPFILES\\3870-2.RPT', '', '3.4.2019', '04.04.2019', 0, 0.00000976, 30140.6, 2, 0, 0, 6, 9, 30, 1, 5, 381, 10, 3, 3, NULL, 3, NULL),
(876, 'C:\\GENIE2K\\REPFILES\\3870-2.RPT', '', '3.4.2019', '04.04.2019', 0, 0.0000344, 30140.6, 2, 0, 0, 6, 9, 45, 1, 5, 381, 10, 3, 3, NULL, 3, NULL),
(877, 'C:\\GENIE2K\\REPFILES\\3871-1.RPT', '04.04.2019', '5.4.2019', '05.04.2019', 1, 0.000755, 679, 2, 0.0205, 0.0908, 1, 9, 9, 1, 2, 382, 5, 3, 3, NULL, 4, NULL),
(878, 'C:\\GENIE2K\\REPFILES\\3871-1.RPT', '04.04.2019', '5.4.2019', '05.04.2019', 1, 0.00156, 679, 2, 0.346, 1.53, 1, 9, 31, 1, 2, 382, 5, 3, 3, NULL, 4, NULL),
(879, 'C:\\GENIE2K\\REPFILES\\3871-1.RPT', '04.04.2019', '5.4.2019', '05.04.2019', 1, 0.00724, 679, 2, 0.00305, 0.00774, 1, 9, 45, 1, 2, 382, 5, 3, 3, NULL, 4, NULL),
(880, 'C:\\GENIE2K\\REPFILES\\3871-1.RPT', '04.04.2019', '5.4.2019', '05.04.2019', 0, 0.000985, 679, 2, 0, 0, 1, 9, 5, 1, 2, 382, 5, 3, 3, NULL, 4, NULL),
(881, 'C:\\GENIE2K\\REPFILES\\3871-1.RPT', '04.04.2019', '5.4.2019', '05.04.2019', 0, 0.00141, 679, 2, 0, 0, 1, 9, 24, 1, 2, 382, 5, 3, 3, NULL, 4, NULL),
(882, 'C:\\GENIE2K\\REPFILES\\3871-1.RPT', '04.04.2019', '5.4.2019', '05.04.2019', 0, 0.00111, 679, 2, 0, 0, 1, 9, 30, 1, 2, 382, 5, 3, 3, NULL, 4, NULL),
(883, 'C:\\GENIE2K\\REPFILES\\3871-2.RPT', '', '5.4.2019', '05.04.2019', 1, 0.00168, 214, 2, 0.00387, 0.0145, 1, 9, 9, 1, 2, 383, 5, 3, 3, NULL, 3, NULL),
(884, 'C:\\GENIE2K\\REPFILES\\3871-2.RPT', '', '5.4.2019', '05.04.2019', 1, 0.00182, 214, 2, 0.0562, 0.243, 1, 9, 31, 1, 2, 383, 5, 3, 3, NULL, 3, NULL),
(885, 'C:\\GENIE2K\\REPFILES\\3871-2.RPT', '', '5.4.2019', '05.04.2019', 1, 0.00498, 214, 2, 0.00286, 0.00573, 1, 9, 45, 1, 2, 383, 5, 3, 3, NULL, 3, NULL),
(886, 'C:\\GENIE2K\\REPFILES\\3871-2.RPT', '', '5.4.2019', '05.04.2019', 0, 0.00173, 214, 2, 0, 0, 1, 9, 5, 1, 2, 383, 5, 3, 3, NULL, 3, NULL),
(887, 'C:\\GENIE2K\\REPFILES\\3871-2.RPT', '', '5.4.2019', '05.04.2019', 0, 0.00222, 214, 2, 0, 0, 1, 9, 24, 1, 2, 383, 5, 3, 3, NULL, 3, NULL),
(888, 'C:\\GENIE2K\\REPFILES\\3871-2.RPT', '', '5.4.2019', '05.04.2019', 0, 0.00199, 214, 2, 0, 0, 1, 9, 30, 1, 2, 383, 5, 3, 3, NULL, 3, NULL),
(889, 'C:\\GENIE2K\\REPFILES\\3871-2.RPT', '04.04.2019', '5.4.2019', '05.04.2019', 1, 0.00168, 214, 2, 0.00387, 0.0145, 1, 9, 9, 1, 2, 383, 5, 3, 3, NULL, 3, NULL),
(890, 'C:\\GENIE2K\\REPFILES\\3871-2.RPT', '04.04.2019', '5.4.2019', '05.04.2019', 1, 0.00182, 214, 2, 0.0562, 0.243, 1, 9, 31, 1, 2, 383, 5, 3, 3, NULL, 3, NULL),
(891, 'C:\\GENIE2K\\REPFILES\\3871-2.RPT', '04.04.2019', '5.4.2019', '05.04.2019', 1, 0.00498, 214, 2, 0.00286, 0.00573, 1, 9, 45, 1, 2, 383, 5, 3, 3, NULL, 3, NULL),
(892, 'C:\\GENIE2K\\REPFILES\\3871-2.RPT', '04.04.2019', '5.4.2019', '05.04.2019', 0, 0.00173, 214, 2, 0, 0, 1, 9, 5, 1, 2, 383, 5, 3, 3, NULL, 3, NULL),
(893, 'C:\\GENIE2K\\REPFILES\\3871-2.RPT', '04.04.2019', '5.4.2019', '05.04.2019', 0, 0.00222, 214, 2, 0, 0, 1, 9, 24, 1, 2, 383, 5, 3, 3, NULL, 3, NULL),
(894, 'C:\\GENIE2K\\REPFILES\\3871-2.RPT', '04.04.2019', '5.4.2019', '05.04.2019', 0, 0.00199, 214, 2, 0, 0, 1, 9, 30, 1, 2, 383, 5, 3, 3, NULL, 3, NULL),
(895, 'C:\\GENIE2K\\REPFILES\\3864-1.RPT', '01.04.2019', '2.4.2019', '05.04.2019', 1, 0.00071, 170, 2, 0.00267, 0.0103, 1, 9, 31, 1, 2, 361, 9, 3, 3, NULL, 2, NULL),
(896, 'C:\\GENIE2K\\REPFILES\\3864-1.RPT', '01.04.2019', '2.4.2019', '05.04.2019', 0, 0.00107, 170, 2, 0, 0, 1, 9, 5, 1, 2, 361, 9, 3, 3, NULL, 2, NULL),
(897, 'C:\\GENIE2K\\REPFILES\\3864-1.RPT', '01.04.2019', '2.4.2019', '05.04.2019', 1, 0.00101, 170, 2, 0, 0, 1, 9, 9, 1, 2, 361, 9, 3, 3, NULL, 2, NULL),
(898, 'C:\\GENIE2K\\REPFILES\\3864-1.RPT', '01.04.2019', '2.4.2019', '05.04.2019', 0, 0.00132, 170, 2, 0, 0, 1, 9, 24, 1, 2, 361, 9, 3, 3, NULL, 2, NULL),
(899, 'C:\\GENIE2K\\REPFILES\\3864-1.RPT', '01.04.2019', '2.4.2019', '05.04.2019', 0, 0.00125, 170, 2, 0, 0, 1, 9, 30, 1, 2, 361, 9, 3, 3, NULL, 2, NULL),
(900, 'C:\\GENIE2K\\REPFILES\\3864-1.RPT', '01.04.2019', '2.4.2019', '05.04.2019', 0, 0.00608, 170, 2, 0, 0, 1, 9, 45, 1, 2, 361, 9, 3, 3, NULL, 2, NULL),
(901, 'C:\\GENIE2K\\REPFILES\\3864-1.RPT', '01.04.2019', '05.04.2019', '05.04.2019', 1, 0.00071, 170.12, 2, 0.00267, 0.0103, 1, 9, 31, 1, 2, 361, 9, 3, 3, NULL, 2, NULL),
(902, 'C:\\GENIE2K\\REPFILES\\3864-1.RPT', '01.04.2019', '05.04.2019', '05.04.2019', 0, 0.00107, 170.12, 2, 0, 0, 1, 9, 5, 1, 2, 361, 9, 3, 3, NULL, 2, NULL),
(903, 'C:\\GENIE2K\\REPFILES\\3864-1.RPT', '01.04.2019', '05.04.2019', '05.04.2019', 1, 0.00101, 170.12, 2, 0, 0, 1, 9, 9, 1, 2, 361, 9, 3, 3, NULL, 2, NULL),
(904, 'C:\\GENIE2K\\REPFILES\\3864-1.RPT', '01.04.2019', '05.04.2019', '05.04.2019', 0, 0.00132, 170.12, 2, 0, 0, 1, 9, 24, 1, 2, 361, 9, 3, 3, NULL, 2, NULL),
(905, 'C:\\GENIE2K\\REPFILES\\3864-1.RPT', '01.04.2019', '05.04.2019', '05.04.2019', 0, 0.00125, 170.12, 2, 0, 0, 1, 9, 30, 1, 2, 361, 9, 3, 3, NULL, 2, NULL),
(906, 'C:\\GENIE2K\\REPFILES\\3864-1.RPT', '01.04.2019', '05.04.2019', '05.04.2019', 0, 0.00608, 170.12, 2, 0, 0, 1, 9, 45, 1, 2, 361, 9, 3, 3, NULL, 2, NULL),
(907, 'C:\\GENIE2K\\REPFILES\\3864-2.RPT', '01.04.2019', '05.04.2019', '05.04.2019', 1, 0.00162, 134.87, 2, 0.00096, 0.00283, 1, 9, 31, 1, 2, 362, 9, 3, 3, NULL, 2, NULL),
(908, 'C:\\GENIE2K\\REPFILES\\3864-2.RPT', '01.04.2019', '05.04.2019', '05.04.2019', 0, 0.00114, 134.87, 2, 0, 0, 1, 9, 5, 1, 2, 362, 9, 3, 3, NULL, 2, NULL),
(909, 'C:\\GENIE2K\\REPFILES\\3864-2.RPT', '01.04.2019', '05.04.2019', '05.04.2019', 1, 0.00123, 134.87, 2, 0, 0, 1, 9, 9, 1, 2, 362, 9, 3, 3, NULL, 2, NULL),
(910, 'C:\\GENIE2K\\REPFILES\\3864-2.RPT', '01.04.2019', '05.04.2019', '05.04.2019', 0, 0.00124, 134.87, 2, 0, 0, 1, 9, 24, 1, 2, 362, 9, 3, 3, NULL, 2, NULL),
(911, 'C:\\GENIE2K\\REPFILES\\3864-2.RPT', '01.04.2019', '05.04.2019', '05.04.2019', 0, 0.00135, 134.87, 2, 0, 0, 1, 9, 30, 1, 2, 362, 9, 3, 3, NULL, 2, NULL),
(912, 'C:\\GENIE2K\\REPFILES\\3864-2.RPT', '01.04.2019', '05.04.2019', '05.04.2019', 0, 0.00618, 134.87, 2, 0, 0, 1, 9, 45, 1, 2, 362, 9, 3, 3, NULL, 2, NULL),
(913, 'C:\\GENIE2K\\REPFILES\\3864-3.RPT', '01.04.2019', '05.04.2019', '05.04.2019', 1, 0.00141, 132.04, 2, 0.00101, 0.00292, 1, 9, 31, 1, 2, 363, 9, 3, 3, NULL, 2, NULL),
(914, 'C:\\GENIE2K\\REPFILES\\3864-3.RPT', '01.04.2019', '05.04.2019', '05.04.2019', 0, 0.00124, 132.04, 2, 0, 0, 1, 9, 5, 1, 2, 363, 9, 3, 3, NULL, 2, NULL),
(915, 'C:\\GENIE2K\\REPFILES\\3864-3.RPT', '01.04.2019', '05.04.2019', '05.04.2019', 1, 0.00118, 132.04, 2, 0, 0, 1, 9, 9, 1, 2, 363, 9, 3, 3, NULL, 2, NULL),
(916, 'C:\\GENIE2K\\REPFILES\\3864-3.RPT', '01.04.2019', '05.04.2019', '05.04.2019', 0, 0.00138, 132.04, 2, 0, 0, 1, 9, 24, 1, 2, 363, 9, 3, 3, NULL, 2, NULL),
(917, 'C:\\GENIE2K\\REPFILES\\3864-3.RPT', '01.04.2019', '05.04.2019', '05.04.2019', 0, 0.00148, 132.04, 2, 0, 0, 1, 9, 30, 1, 2, 363, 9, 3, 3, NULL, 2, NULL),
(918, 'C:\\GENIE2K\\REPFILES\\3864-3.RPT', '01.04.2019', '05.04.2019', '05.04.2019', 0, 0.00688, 132.04, 2, 0, 0, 1, 9, 45, 1, 2, 363, 9, 3, 3, NULL, 2, NULL),
(919, 'C:\\GENIE2K\\REPFILES\\3876-1.RPT', '05.04.2019', '08.04.2019', '08.04.2019', 1, 0.000498, 463.57, 2, 0.00152, 0.00631, 1, 9, 9, 1, 2, 391, 5, 3, 3, NULL, 2, NULL),
(920, 'C:\\GENIE2K\\REPFILES\\3876-1.RPT', '05.04.2019', '08.04.2019', '08.04.2019', 1, 0.000769, 463.57, 2, 0.056, 0.247, 1, 9, 31, 1, 2, 391, 5, 3, 3, NULL, 2, NULL),
(921, 'C:\\GENIE2K\\REPFILES\\3876-1.RPT', '05.04.2019', '08.04.2019', '08.04.2019', 0, 0.000466, 463.57, 2, 0, 0, 1, 9, 5, 1, 2, 391, 5, 3, 3, NULL, 2, NULL),
(922, 'C:\\GENIE2K\\REPFILES\\3876-1.RPT', '05.04.2019', '08.04.2019', '08.04.2019', 0, 0.000584, 463.57, 2, 0, 0, 1, 9, 24, 1, 2, 391, 5, 3, 3, NULL, 2, NULL),
(923, 'C:\\GENIE2K\\REPFILES\\3876-1.RPT', '05.04.2019', '08.04.2019', '08.04.2019', 0, 0.000537, 463.57, 2, 0, 0, 1, 9, 30, 1, 2, 391, 5, 3, 3, NULL, 2, NULL),
(924, 'C:\\GENIE2K\\REPFILES\\3876-1.RPT', '05.04.2019', '08.04.2019', '08.04.2019', 0, 0.00332, 464, 2, 0, 0, 1, 9, 45, 1, 2, 391, 5, 3, 3, NULL, 2, NULL),
(925, 'C:\\GENIE2K\\REPFILES\\3867-1.RPT', '', '08.04.2019', '08.04.2019', 1, 0.0643, 1, 2, 0.0864, 0.262, NULL, 9, 31, 1, 1, 370, 10, 3, 3, NULL, 2, NULL),
(926, 'C:\\GENIE2K\\REPFILES\\3867-1.RPT', '', '08.04.2019', '08.04.2019', 0, 0.22, 1, 2, 0, 0, NULL, 9, 5, 1, 1, 370, 10, 3, 3, NULL, 2, NULL),
(927, 'C:\\GENIE2K\\REPFILES\\3867-1.RPT', '', '08.04.2019', '08.04.2019', 1, 0.376, 1, 2, 0, 0, NULL, 9, 9, 1, 1, 370, 10, 3, 3, NULL, 2, NULL),
(928, 'C:\\GENIE2K\\REPFILES\\3867-1.RPT', '', '08.04.2019', '08.04.2019', 0, 0.272, 1, 2, 0, 0, NULL, 9, 24, 1, 1, 370, 10, 3, 3, NULL, 2, NULL),
(929, 'C:\\GENIE2K\\REPFILES\\3867-1.RPT', '', '08.04.2019', '08.04.2019', 0, 0.222, 1, 2, 0, 0, NULL, 9, 30, 1, 1, 370, 10, 3, 3, NULL, 2, NULL),
(930, 'C:\\GENIE2K\\REPFILES\\3867-1.RPT', '', '08.04.2019', '08.04.2019', 0, 0.687, 1, 2, 0, 0, NULL, 9, 45, 1, 1, 370, 10, 3, 3, NULL, 2, NULL),
(931, 'C:\\GENIE2K\\REPFILES\\3867-2.RPT', '', '08.04.2019', '08.04.2019', 1, 0.205, 1, 2, 0.161, 1.19, NULL, 9, 9, 1, 1, 371, 10, 3, 3, NULL, 2, NULL),
(932, 'C:\\GENIE2K\\REPFILES\\3867-2.RPT', '', '08.04.2019', '08.04.2019', 1, 0.231, 1, 2, 0.131, 0.576, NULL, 9, 31, 1, 1, 371, 10, 3, 3, NULL, 2, NULL),
(933, 'C:\\GENIE2K\\REPFILES\\3867-2.RPT', '', '08.04.2019', '08.04.2019', 0, 0.249, 1, 2, 0, 0, NULL, 9, 5, 1, 1, 371, 10, 3, 3, NULL, 2, NULL),
(934, 'C:\\GENIE2K\\REPFILES\\3867-2.RPT', '', '08.04.2019', '08.04.2019', 0, 0.338, 1, 2, 0, 0, NULL, 9, 24, 1, 1, 371, 10, 3, 3, NULL, 2, NULL),
(935, 'C:\\GENIE2K\\REPFILES\\3867-2.RPT', '', '08.04.2019', '08.04.2019', 0, 0.233, 1, 2, 0, 0, NULL, 9, 30, 1, 1, 371, 10, 3, 3, NULL, 2, NULL),
(936, 'C:\\GENIE2K\\REPFILES\\3867-2.RPT', '', '08.04.2019', '08.04.2019', 0, 0.753, 1, 2, 0, 0, NULL, 9, 45, 1, 1, 371, 10, 3, 3, NULL, 2, NULL),
(937, 'C:\\GENIE2K\\REPFILES\\3867-3.RPT', '', '08.04.2019', '08.04.2019', 1, 0.133, 1, 2, 0.156, 1.05, NULL, 9, 9, 1, 1, 372, 10, 3, 3, NULL, 2, NULL),
(938, 'C:\\GENIE2K\\REPFILES\\3867-3.RPT', '', '08.04.2019', '08.04.2019', 0, 0.249, 1, 2, 0, 0, NULL, 9, 5, 1, 1, 372, 10, 3, 3, NULL, 2, NULL),
(939, 'C:\\GENIE2K\\REPFILES\\3867-3.RPT', '', '08.04.2019', '08.04.2019', 0, 0.253, 1, 2, 0, 0, NULL, 9, 24, 1, 1, 372, 10, 3, 3, NULL, 2, NULL),
(940, 'C:\\GENIE2K\\REPFILES\\3867-3.RPT', '', '08.04.2019', '08.04.2019', 0, 0.237, 1, 2, 0, 0, NULL, 9, 30, 1, 1, 372, 10, 3, 3, NULL, 2, NULL),
(941, 'C:\\GENIE2K\\REPFILES\\3867-3.RPT', '', '08.04.2019', '08.04.2019', 1, 0.279, 1, 2, 0, 0, NULL, 9, 31, 1, 1, 372, 10, 3, 3, NULL, 2, NULL),
(942, 'C:\\GENIE2K\\REPFILES\\3867-3.RPT', '', '08.04.2019', '08.04.2019', 0, 0.727, 1, 2, 0, 0, NULL, 9, 45, 1, 1, 372, 10, 3, 3, NULL, 2, NULL),
(943, 'C:\\GENIE2K\\REPFILES\\3867-4.RPT', '', '08.04.2019', '08.04.2019', 1, 0.03, 1, 2, 0.233, 2.46, NULL, 9, 9, 1, 1, 373, 10, 3, 3, NULL, 2, NULL),
(944, 'C:\\GENIE2K\\REPFILES\\3867-4.RPT', '', '08.04.2019', '08.04.2019', 1, 0.192, 1, 2, 0.112, 0.346, NULL, 9, 31, 1, 1, 373, 10, 3, 3, NULL, 2, NULL),
(945, 'C:\\GENIE2K\\REPFILES\\3867-4.RPT', '', '08.04.2019', '08.04.2019', 0, 0.254, 1, 2, 0, 0, NULL, 9, 5, 1, 1, 373, 10, 3, 3, NULL, 2, NULL),
(946, 'C:\\GENIE2K\\REPFILES\\3867-4.RPT', '', '08.04.2019', '08.04.2019', 0, 0.317, 1, 2, 0, 0, NULL, 9, 24, 1, 1, 373, 10, 3, 3, NULL, 2, NULL),
(947, 'C:\\GENIE2K\\REPFILES\\3867-4.RPT', '', '08.04.2019', '08.04.2019', 0, 0.243, 1, 2, 0, 0, NULL, 9, 30, 1, 1, 373, 10, 3, 3, NULL, 2, NULL),
(948, 'C:\\GENIE2K\\REPFILES\\3867-4.RPT', '', '08.04.2019', '08.04.2019', 0, 0.734, 1, 2, 0, 0, NULL, 9, 45, 1, 1, 373, 10, 3, 3, NULL, 2, NULL),
(949, '', '03.04.2019', '08.04.2019', '08.04.2019', 1, 0.0466, 8.682, 2, 0.0462, 0.2996, 6, 13, 46, 7, 5, 366, 9, 3, 3, NULL, 7, NULL),
(950, '', '03.04.2019', '08.04.2019', '08.04.2019', 1, 0.0489, 8.682, 2, 0.0454, 0.2785, 6, 13, 46, 7, 5, 367, 9, 3, 3, NULL, 7, NULL),
(951, '', '04.04.2019', '08.04.2019', '08.04.2019', 1, 0.2256, 10.8263, 2, 1.9235, 17.0504, 6, 13, 46, 7, 5, 368, 9, 3, 3, NULL, 7, NULL),
(952, '', '04.04.2019', '08.04.2019', '08.04.2019', 1, 0.2304, 10.8266, 2, 2.0605, 18.2737, 6, 13, 46, 7, 5, 369, 9, 3, 3, NULL, 7, NULL),
(953, '', '05.04.2019', '08.04.2019', '08.04.2019', 1, 2160, 0.000009, 2, 0, 0, 6, 3, 47, 8, 5, 378, 9, 3, 3, NULL, 7, NULL),
(954, '', '05.04.2019', '08.04.2019', '08.04.2019', 1, 1690, 0.000009, 2, 189000, 2290000, 6, 3, 47, 8, 5, 379, 9, 3, 3, NULL, 7, NULL),
(955, '', '05.04.2019', '08.04.2019', '08.04.2019', 1, 0.00814, 9, 2, 0.0214, 0.242, 2, 3, 47, 8, 3, 377, 9, 3, 3, NULL, 7, NULL),
(956, '', '05.04.2019', '08.04.2019', '08.04.2019', 1, 0.0083, 9, 2, 0.0175, 0.193, 2, 3, 47, 8, 3, 374, 9, 3, 3, NULL, 7, NULL),
(957, '', '05.04.2019', '08.04.2019', '08.04.2019', 1, 0.00817, 9, 2, 0.0171, 0.189, 2, 3, 47, 8, 3, 375, 9, 3, 3, NULL, 7, NULL),
(958, '', '05.04.2019', '08.04.2019', '08.04.2019', 1, 0.00848, 9, 2, 0.022, 0.248, 2, 3, 47, 8, 3, 376, 9, 3, 3, NULL, 7, NULL),
(959, '', '05.04.2019', '09.04.2019', '09.04.2019', 1, 5.11, 0.009, 2, 0, 0, 3, 3, 47, 8, 4, 392, 9, 3, 3, NULL, 7, 3),
(960, '', '05.04.2019', '09.04.2019', '09.04.2019', 1, 5.25, 0.009, 2, 0, 0, 3, 3, 47, 8, 4, 393, 9, 3, 3, NULL, 7, 3),
(961, '', '05.04.2019', '09.04.2019', '09.04.2019', 1, 5.09, 0.009, 2, 0, 0, 3, 3, 47, 8, 4, 394, 9, 3, 3, NULL, 7, 3),
(962, '', '05.04.2019', '09.04.2019', '09.04.2019', 1, 5.08, 0.009, 2, 0, 0, 3, 3, 47, 8, 4, 395, 9, 3, 3, NULL, 7, 3),
(963, '', '05.04.2019', '09.04.2019', '09.04.2019', 1, 5.06, 0.009, 2, 27.9, 319, 3, 3, 47, 8, 4, 396, 9, 3, 3, NULL, 7, 3),
(964, '', '05.04.2019', '09.04.2019', '09.04.2019', 1, 5.14, 0.009, 2, 83.2, 991, 3, 3, 47, 8, 4, 397, 9, 3, 3, NULL, 7, 3),
(965, '', '05.04.2019', '09.04.2019', '09.04.2019', 1, 5.04, 0.009, 2, 5.09, 34.9, 3, 3, 47, 8, 4, 398, 9, 3, 3, NULL, 7, 3),
(966, '', '05.04.2019', '09.04.2019', '09.04.2019', 1, 5.17, 0.009, 2, 26.8, 305, 3, 3, 47, 8, 4, 399, 9, 3, 3, NULL, 7, 3),
(967, '', '05.04.2019', '09.04.2019', '09.04.2019', 1, 5.08, 0.009, 2, 25, 284, 3, 3, 47, 8, 4, 400, 9, 3, 3, NULL, 7, 3),
(968, '', '05.04.2019', '09.04.2019', '09.04.2019', 1, 4.98, 0.009, 2, 0, 0, 3, 3, 47, 8, 4, 401, 9, 3, 3, NULL, 7, 3),
(969, '', '05.04.2019', '09.04.2019', '09.04.2019', 1, 5.08, 0.009, 2, 0, 0, 3, 3, 47, 8, 4, 402, 9, 3, 3, NULL, 7, 3),
(970, '', '05.04.2019', '09.04.2019', '09.04.2019', 1, 5.07, 0.009, 2, 0, 0, 3, 3, 47, 8, 4, 403, 9, 3, 3, NULL, 7, 3),
(971, '', '05.04.2019', '09.04.2019', '09.04.2019', 1, 5.14, 0.009, 2, 0, 0, 3, 3, 47, 8, 4, 404, 9, 3, 3, NULL, 7, 3),
(972, '', '05.04.2019', '09.04.2019', '09.04.2019', 1, 5.14, 0.009, 2, 0, 0, 3, 3, 47, 8, 4, 405, 9, 3, 3, NULL, 7, 3),
(973, '', '05.04.2019', '09.04.2019', '09.04.2019', 1, 5.22, 0.009, 2, 0, 0, 3, 3, 47, 8, 4, 406, 9, 3, 3, NULL, 7, 3),
(974, '', '05.04.2019', '09.04.2019', '09.04.2019', 1, 5.08, 0.009, 2, 0, 0, 3, 3, 47, 8, 4, 407, 9, 3, 3, NULL, 7, 3),
(975, '', '05.04.2019', '09.04.2019', '09.04.2019', 1, 5.02, 0.009, 2, 0, 0, 3, 3, 47, 8, 4, 408, 9, 3, 3, NULL, 7, 3),
(976, 'C:\\GENIE2K\\REPFILES\\3878-1.RPT', '05.04.2019', '8.4.2019', '09.04.2019', 0, 0.115, 1, 2, 0, 0, 3, 9, 5, 1, 4, 409, 5, 3, 3, NULL, 3, NULL),
(977, 'C:\\GENIE2K\\REPFILES\\3878-1.RPT', '05.04.2019', '8.4.2019', '09.04.2019', 1, 0.132, 1, 2, 0, 0, 3, 9, 9, 1, 4, 409, 5, 3, 3, NULL, 3, NULL),
(978, 'C:\\GENIE2K\\REPFILES\\3878-1.RPT', '05.04.2019', '8.4.2019', '09.04.2019', 0, 0.121, 1, 2, 0, 0, 3, 9, 24, 1, 4, 409, 5, 3, 3, NULL, 3, NULL),
(979, 'C:\\GENIE2K\\REPFILES\\3878-1.RPT', '05.04.2019', '8.4.2019', '09.04.2019', 0, 0.129, 1, 2, 0, 0, 3, 9, 30, 1, 4, 409, 5, 3, 3, NULL, 3, NULL),
(980, 'C:\\GENIE2K\\REPFILES\\3878-1.RPT', '05.04.2019', '8.4.2019', '09.04.2019', 1, 0.0862, 1, 2, 0, 0, 3, 9, 31, 1, 4, 409, 5, 3, 3, NULL, 3, NULL),
(981, 'C:\\GENIE2K\\REPFILES\\3878-1.RPT', '05.04.2019', '8.4.2019', '09.04.2019', 0, 0.465, 1, 2, 0, 0, 3, 9, 45, 1, 4, 409, 5, 3, 3, NULL, 3, NULL),
(982, 'C:\\GENIE2K\\REPFILES\\3865-2.RPT', '02.04.2019', '09.04.2019', '09.04.2019', 0, 0.0012, 151.86, 2, 0, 0, 1, 9, 5, 1, 2, 364, 5, 3, 3, NULL, 3, NULL),
(983, 'C:\\GENIE2K\\REPFILES\\3865-2.RPT', '02.04.2019', '09.04.2019', '09.04.2019', 1, 0.00129, 151.86, 2, 0, 0, 1, 9, 9, 1, 2, 364, 5, 3, 3, NULL, 3, NULL),
(984, 'C:\\GENIE2K\\REPFILES\\3865-2.RPT', '02.04.2019', '09.04.2019', '09.04.2019', 0, 0.00117, 151.86, 2, 0, 0, 1, 9, 24, 1, 2, 364, 5, 3, 3, NULL, 3, NULL),
(985, 'C:\\GENIE2K\\REPFILES\\3865-2.RPT', '02.04.2019', '09.04.2019', '09.04.2019', 0, 0.00144, 151.86, 2, 0, 0, 1, 9, 30, 1, 2, 364, 5, 3, 3, NULL, 3, NULL),
(986, 'C:\\GENIE2K\\REPFILES\\3865-2.RPT', '02.04.2019', '09.04.2019', '09.04.2019', 1, 0.00133, 151.86, 2, 0, 0, 1, 9, 31, 1, 2, 364, 5, 3, 3, NULL, 3, NULL),
(987, 'C:\\GENIE2K\\REPFILES\\3865-2.RPT', '02.04.2019', '09.04.2019', '09.04.2019', 0, 0.00438, 151.86, 2, 0, 0, 1, 9, 45, 1, 2, 364, 5, 3, 3, NULL, 3, NULL),
(988, 'C:\\GENIE2K\\REPFILES\\3865-2.RPT', '02.04.2019', '09.04.2019', '09.04.2019', 0, 0.00137, 135.26, 2, 0, 0, 1, 9, 5, 1, 2, 365, 5, 3, 3, NULL, 4, NULL),
(989, 'C:\\GENIE2K\\REPFILES\\3865-2.RPT', '02.04.2019', '09.04.2019', '09.04.2019', 1, 0.00131, 135.26, 2, 0, 0, 1, 9, 9, 1, 2, 365, 5, 3, 3, NULL, 4, NULL),
(990, 'C:\\GENIE2K\\REPFILES\\3865-2.RPT', '02.04.2019', '09.04.2019', '09.04.2019', 0, 0.00124, 135.26, 2, 0, 0, 1, 9, 24, 1, 2, 365, 5, 3, 3, NULL, 4, NULL),
(991, 'C:\\GENIE2K\\REPFILES\\3865-2.RPT', '02.04.2019', '09.04.2019', '09.04.2019', 0, 0.00161, 135.26, 2, 0, 0, 1, 9, 30, 1, 2, 365, 5, 3, 3, NULL, 4, NULL),
(992, 'C:\\GENIE2K\\REPFILES\\3865-2.RPT', '02.04.2019', '09.04.2019', '09.04.2019', 1, 0.00144, 135.26, 2, 0, 0, 1, 9, 31, 1, 2, 365, 5, 3, 3, NULL, 4, NULL),
(993, 'C:\\GENIE2K\\REPFILES\\3865-2.RPT', '02.04.2019', '09.04.2019', '09.04.2019', 0, 0.00496, 135.26, 2, 0, 0, 1, 9, 45, 1, 2, 365, 5, 3, 3, NULL, 4, NULL),
(994, '', '05.04.2019', '10.04.2019', '11.04.2019', 1, 4.97, 0.009, 2, 5.83, 45.1, 3, 3, 47, 8, 4, 410, 5, 3, 3, NULL, 7, 92),
(995, '', '05.04.2019', '10.04.2019', '11.04.2019', 1, 4.79, 0.009, 2, 3.42, 11.5, 3, 3, 47, 8, 4, 411, 5, 3, 3, NULL, 7, 92),
(996, '', '05.04.2019', '10.04.2019', '11.04.2019', 1, 4.89, 0.009, 2, 0, 0, 3, 3, 47, 8, 4, 412, 5, 3, 3, NULL, 7, 92),
(997, '', '05.04.2019', '10.04.2019', '11.04.2019', 1, 4.85, 0.009, 2, 0, 0, 3, 3, 47, 8, 4, 413, 5, 3, 3, NULL, 7, 92),
(998, '', '05.04.2019', '10.04.2019', '11.04.2019', 1, 4.88, 0.009, 2, 0, 0, 3, 3, 47, 8, 4, 414, 5, 3, 3, NULL, 7, 92),
(999, '', '05.04.2019', '10.04.2019', '11.04.2019', 1, 4.91, 0.009, 2, 13.3, 140, 3, 3, 47, 8, 4, 415, 5, 3, 3, NULL, 7, 92),
(1000, '', '05.04.2019', '10.04.2019', '15.04.2019', 1, 4.95, 0.009, 2, 0, 0, 3, 3, 47, 8, 4, 425, 5, 3, 3, NULL, 7, 92),
(1003, '', '05.04.2019', '10.04.2019', '11.04.2019', 1, 4.85, 0.009, 2, 0, 0, 3, 3, 47, 8, 4, 420, 5, 3, 3, NULL, 7, 92),
(1004, '', '05.04.2019', '10.04.2019', '11.04.2019', 1, 5.12, 0.009, 2, 3.95, 17.1, 3, 3, 47, 8, 4, 417, 5, 3, 3, NULL, 7, 92),
(1005, '', '05.04.2019', '10.04.2019', '11.04.2019', 1, 4.91, 0.009, 2, 3.4, 10, 3, 3, 47, 8, 4, 416, 5, 3, 3, NULL, 7, 92),
(1006, '', '05.04.2019', '10.04.2019', '11.04.2019', 1, 5.04, 0.009, 2, 0, 0, 3, 3, 47, 8, 4, 418, 5, 3, 3, NULL, 7, 92),
(1007, '', '05.04.2019', '10.04.2019', '11.04.2019', 1, 4.93, 0.009, 2, 0, 0, 3, 3, 47, 8, 4, 419, 5, 3, 3, NULL, 7, 92),
(1008, '', '05.04.2019', '10.04.2019', '11.04.2019', 1, 4.9, 0.009, 2, 0, 0, 3, 3, 47, 8, 4, 421, 5, 3, 3, NULL, 7, 92),
(1009, '', '05.04.2019', '10.04.2019', '11.04.2019', 1, 5.13, 0.009, 2, 0, 0, 3, 3, 47, 8, 4, 423, 5, 3, 3, NULL, 7, 92),
(1010, '', '05.04.2019', '10.04.2019', '11.04.2019', 1, 5.09, 0.009, 2, 0, 0, 3, 3, 47, 8, 4, 424, 5, 3, 3, NULL, 7, 92),
(1011, '', '10.04.2019', '12.04.2019', '17.04.2019', 1, 4.86, 0.009, 2, 0, 0, 3, 3, 47, 8, 4, 426, 8, 3, 3, NULL, 7, 93),
(1012, '', '10.04.2019', '12.04.2019', '12.04.2019', 1, 4.75, 0.009, 2, 0, 0, 3, 3, 47, 8, 4, 427, 8, 3, 3, NULL, 7, 93),
(1013, '', '10.04.2019', '12.04.2019', '12.04.2019', 1, 4.73, 0.009, 2, 0, 0, 3, 3, 47, 8, 4, 428, 8, 3, 3, NULL, 7, 93),
(1014, '', '10.04.2019', '12.04.2019', '12.04.2019', 1, 4.76, 0.009, 2, 0, 0, 3, 3, 47, 8, 4, 429, 8, 3, 3, NULL, 7, 93),
(1015, '', '10.04.2019', '12.04.2019', '12.04.2019', 1, 4.78, 0.009, 2, 0, 0, 3, 3, 47, 8, 4, 430, 8, 3, 3, NULL, 7, 93),
(1016, '', '10.04.2019', '12.04.2019', '12.04.2019', 1, 4.77, 0.009, 2, 0, 0, 3, 3, 47, 8, 4, 431, 8, 3, 3, NULL, 7, 93),
(1017, '', '10.04.2019', '12.04.2019', '12.04.2019', 1, 4.86, 0.009, 2, 0, 0, 3, 3, 47, 8, 4, 432, 8, 3, 3, NULL, 7, 93),
(1018, '', '10.04.2019', '12.04.2019', '12.04.2019', 1, 4.81, 0.009, 2, 0, 0, 3, 3, 47, 8, 4, 433, 8, 3, 3, NULL, 7, 93),
(1019, '', '10.04.2019', '12.04.2019', '12.04.2019', 1, 4.79, 0.009, 2, 0, 0, 3, 3, 47, 8, 4, 434, 8, 3, 3, NULL, 7, 93),
(1020, '', '10.04.2019', '12.04.2019', '12.04.2019', 1, 4.82, 0.009, 2, 0, 0, 3, 3, 47, 8, 4, 435, 8, 3, 3, NULL, 7, 93),
(1021, '', '10.04.2019', '12.04.2019', '12.04.2019', 1, 4.71, 0.009, 2, 0, 0, 3, 3, 47, 8, 4, 436, 8, 3, 3, NULL, 7, 93),
(1022, '', '10.04.2019', '12.04.2019', '12.04.2019', 1, 4.79, 0.009, 2, 0, 0, 3, 3, 47, 8, 4, 437, 8, 3, 3, NULL, 7, 93),
(1023, '', '10.04.2019', '12.04.2019', '12.04.2019', 1, 4.69, 0.009, 2, 0, 0, 3, 3, 47, 8, 4, 438, 8, 3, 3, NULL, 7, 93),
(1024, '', '10.04.2019', '12.04.2019', '12.04.2019', 1, 4.86, 0.009, 2, 0, 0, 3, 3, 47, 8, 4, 439, 8, 3, 3, NULL, 7, 93),
(1025, '', '10.04.2019', '12.04.2019', '12.04.2019', 1, 4.75, 0.009, 2, 0, 0, 3, 3, 47, 8, 4, 440, 8, 3, 3, NULL, 7, 93),
(1026, '', '12.04.2019', '15.04.2019', '15.04.2019', 1, 4.8, 0.009, 2, 61.8, 731, 3, 3, 47, 8, 4, 422, 9, 3, 3, NULL, 7, 94),
(1027, '', '16.04.2019', '17.04.2019', '18.04.2019', 0, 0.206, 1, 2, 0, 0, 3, 9, 5, 1, 4, 442, 7, 3, 3, NULL, 3, NULL),
(1028, '', '16.04.2019', '17.04.2019', '18.04.2019', 1, 0.23, 1, 2, 0, 0, 3, 9, 9, 1, 4, 442, 7, 3, 3, NULL, 3, NULL),
(1029, '', '16.04.2019', '17.04.2019', '18.04.2019', 0, 0.207, 1, 2, 0, 0, 3, 9, 24, 1, 4, 442, 7, 3, 3, NULL, 3, NULL),
(1030, '', '16.04.2019', '17.04.2019', '18.04.2019', 0, 0.231, 1, 2, 0, 0, 3, 9, 30, 1, 4, 442, 7, 3, 3, NULL, 3, NULL),
(1031, '', '16.04.2019', '17.04.2019', '18.04.2019', 1, 0.236, 1, 2, 0, 0, 3, 9, 31, 1, 4, 442, 7, 3, 3, NULL, 3, NULL),
(1032, '', '16.04.2019', '17.04.2019', '18.04.2019', 0, 0.82, 1, 2, 0, 0, 3, 9, 45, 1, 4, 442, 7, 3, 3, NULL, 3, NULL),
(1033, '', '16.04.2019', '17.04.2019', '18.04.2019', 0, 0.192, 1, 2, 0, 0, 3, 9, 5, 1, 4, 443, 7, 3, 3, NULL, 4, NULL),
(1034, '', '16.04.2019', '17.04.2019', '18.04.2019', 1, 0.216, 1, 2, 0, 0, 3, 9, 9, 1, 4, 443, 7, 3, 3, NULL, 4, NULL),
(1035, '', '16.04.2019', '17.04.2019', '18.04.2019', 0, 0.191, 1, 2, 0, 0, 3, 9, 24, 1, 4, 443, 7, 3, 3, NULL, 4, NULL),
(1036, '', '16.04.2019', '17.04.2019', '18.04.2019', 0, 0.187, 1, 2, 0, 0, 3, 9, 30, 1, 4, 443, 7, 3, 3, NULL, 4, NULL),
(1037, '', '16.04.2019', '17.04.2019', '18.04.2019', 1, 0.208, 1, 2, 0, 0, 3, 9, 31, 1, 4, 443, 7, 3, 3, NULL, 4, NULL),
(1038, '', '16.04.2019', '17.04.2019', '18.04.2019', 0, 0.678, 1, 2, 0, 0, 3, 9, 45, 1, 4, 443, 7, 3, 3, NULL, 4, NULL),
(1039, '', '16.04.2019', '17.04.2019', '18.04.2019', 0, 0.219, 1, 2, 0, 0, 3, 9, 5, 1, 4, 444, 7, 3, 3, NULL, 3, NULL),
(1040, '', '16.04.2019', '17.04.2019', '18.04.2019', 1, 0.233, 1, 2, 0, 0, 3, 9, 9, 1, 4, 444, 7, 3, 3, NULL, 3, NULL),
(1041, '', '16.04.2019', '17.04.2019', '18.04.2019', 0, 0.203, 1, 2, 0, 0, 3, 9, 24, 1, 4, 444, 7, 3, 3, NULL, 3, NULL),
(1042, '', '16.04.2019', '17.04.2019', '18.04.2019', 0, 0.226, 1, 2, 0, 0, 3, 9, 30, 1, 4, 444, 7, 3, 3, NULL, 3, NULL),
(1043, '', '16.04.2019', '17.04.2019', '18.04.2019', 1, 0.227, 1, 2, 0, 0, 3, 9, 31, 1, 4, 444, 7, 3, 3, NULL, 3, NULL),
(1044, '', '16.04.2019', '17.04.2019', '18.04.2019', 0, 0.797, 1, 2, 0, 0, 3, 9, 45, 1, 4, 444, 7, 3, 3, NULL, 3, NULL),
(1045, '', '16.04.2019', '17.04.2019', '18.04.2019', 0, 0.2, 1, 2, 0, 0, 3, 9, 5, 1, 4, 445, 7, 3, 3, NULL, 2, NULL),
(1046, '', '16.04.2019', '17.04.2019', '18.04.2019', 1, 0.206, 1, 2, 0, 0, 3, 9, 9, 1, 4, 445, 7, 3, 3, NULL, 2, NULL),
(1047, '', '16.04.2019', '17.04.2019', '18.04.2019', 0, 0.211, 1, 2, 0, 0, 3, 9, 24, 1, 4, 445, 7, 3, 3, NULL, 2, NULL),
(1048, '', '16.04.2019', '17.04.2019', '18.04.2019', 0, 0.229, 1, 2, 0, 0, 3, 9, 30, 1, 4, 445, 7, 3, 3, NULL, 2, NULL),
(1049, '', '16.04.2019', '17.04.2019', '18.04.2019', 1, 0.233, 1, 2, 0, 0, 3, 9, 31, 1, 4, 445, 7, 3, 3, NULL, 2, NULL),
(1050, '', '16.04.2019', '17.04.2019', '18.04.2019', 0, 1.14, 1, 2, 0, 0, 3, 9, 45, 1, 4, 445, 7, 3, 3, NULL, 2, NULL),
(1051, '', '16.04.2019', '17.04.2019', '18.04.2019', 0, 0.205, 1, 2, 0, 0, 3, 9, 5, 1, 4, 446, 7, 3, 3, NULL, 2, NULL),
(1052, '', '16.04.2019', '17.04.2019', '18.04.2019', 1, 0.198, 1, 2, 0, 0, 3, 9, 9, 1, 4, 446, 7, 3, 3, NULL, 2, NULL),
(1053, '', '16.04.2019', '17.04.2019', '18.04.2019', 0, 0.2, 1, 2, 0, 0, 3, 9, 24, 1, 4, 446, 7, 3, 3, NULL, 2, NULL),
(1054, '', '16.04.2019', '17.04.2019', '18.04.2019', 0, 0.221, 1, 2, 0, 0, 3, 9, 30, 1, 4, 446, 7, 3, 3, NULL, 2, NULL),
(1055, '', '16.04.2019', '17.04.2019', '18.04.2019', 1, 0.216, 1, 2, 0, 0, 3, 9, 31, 1, 4, 446, 7, 3, 3, NULL, 2, NULL),
(1056, '', '16.04.2019', '17.04.2019', '18.04.2019', 0, 1.15, 1, 2, 0, 0, 3, 9, 45, 1, 4, 446, 7, 3, 3, NULL, 2, NULL),
(1057, 'C:\\GENIE2K\\REPFILES\\3882-1.RPT', '15.04.2019', '18.04.2019', '18.04.2019', 1, 0.00113, 180.23, 2, 0.00853, 0.036, 1, 9, 31, 1, 2, 441, 5, 3, 3, NULL, 4, NULL),
(1058, 'C:\\GENIE2K\\REPFILES\\3882-1.RPT', '15.04.2019', '18.04.2019', '18.04.2019', 0, 0.00102, 180.23, 2, 0, 0, 1, 9, 5, 1, 2, 441, 5, 3, 3, NULL, 4, NULL),
(1059, 'C:\\GENIE2K\\REPFILES\\3882-1.RPT', '15.04.2019', '18.04.2019', '18.04.2019', 1, 0.00114, 180.23, 2, 0, 0, 1, 9, 9, 1, 2, 441, 5, 3, 3, NULL, 4, NULL),
(1060, 'C:\\GENIE2K\\REPFILES\\3882-1.RPT', '15.04.2019', '18.04.2019', '18.04.2019', 0, 0.00125, 180.23, 2, 0, 0, 1, 9, 24, 1, 2, 441, 5, 3, 3, NULL, 4, NULL),
(1061, 'C:\\GENIE2K\\REPFILES\\3882-1.RPT', '15.04.2019', '18.04.2019', '18.04.2019', 0, 0.00116, 180.23, 2, 0, 0, 1, 9, 30, 1, 2, 441, 5, 3, 3, NULL, 4, NULL),
(1069, 'C:\\GENIE2K\\REPFILES\\3889-1.RPT', '19.04.2019', '22.04.2019', '22.04.2019', 1, 0.000627, 233.32, 2, 0.00113, 0.00443, 1, 9, 9, 1, 2, 458, 8, 2, 2, NULL, 4, NULL),
(1070, 'C:\\GENIE2K\\REPFILES\\3889-1.RPT', '19.04.2019', '22.04.2019', '22.04.2019', 1, 0.000816, 233.32, 2, 0.0357, 0.157, 1, 9, 31, 1, 2, 458, 8, 2, 2, NULL, 4, NULL),
(1071, 'C:\\GENIE2K\\REPFILES\\3889-1.RPT', '19.04.2019', '22.04.2019', '22.04.2019', 0, 0.000545, 233.32, 2, 0, 0, 1, 9, 5, 1, 2, 458, 8, 2, 2, NULL, 4, NULL),
(1072, 'C:\\GENIE2K\\REPFILES\\3889-1.RPT', '19.04.2019', '22.04.2019', '22.04.2019', 0, 0.000694, 233.32, 2, 0, 0, 1, 9, 24, 1, 2, 458, 8, 2, 2, NULL, 4, NULL),
(1073, 'C:\\GENIE2K\\REPFILES\\3889-1.RPT', '19.04.2019', '22.04.2019', '22.04.2019', 0, 0.000649, 233.32, 2, 0, 0, 1, 9, 30, 1, 2, 458, 8, 2, 2, NULL, 4, NULL),
(1074, 'C:\\GENIE2K\\REPFILES\\3889-1.RPT', '19.04.2019', '22.04.2019', '22.04.2019', 1, 0.00208, 233.32, 2, 0, 0, 1, 9, 45, 1, 2, 458, 8, 2, 2, NULL, 4, NULL),
(1075, 'C:\\GENIE2K\\REPFILES\\3887-1.RPT', '18.04.2019', '22.04.2019', '22.04.2019', 1, 0.479, 0.5, 2, 0.331, 0.965, 3, 9, 31, 1, 4, 447, 7, 3, 3, NULL, 3, NULL),
(1076, 'C:\\GENIE2K\\REPFILES\\3887-1.RPT', '18.04.2019', '22.04.2019', '22.04.2019', 0, 0.742, 0.5, 2, 0, 0, 3, 9, 5, 1, 4, 447, 7, 3, 3, NULL, 3, NULL),
(1077, 'C:\\GENIE2K\\REPFILES\\3887-1.RPT', '18.04.2019', '22.04.2019', '22.04.2019', 1, 0.808, 0.5, 2, 0, 0, 3, 9, 9, 1, 4, 447, 7, 3, 3, NULL, 3, NULL),
(1078, 'C:\\GENIE2K\\REPFILES\\3887-1.RPT', '18.04.2019', '22.04.2019', '22.04.2019', 0, 0.942, 0.5, 2, 0, 0, 3, 9, 24, 1, 4, 447, 7, 3, 3, NULL, 3, NULL),
(1079, 'C:\\GENIE2K\\REPFILES\\3887-1.RPT', '18.04.2019', '22.04.2019', '22.04.2019', 0, 0.78, 0.5, 2, 0, 0, 3, 9, 30, 1, 4, 447, 7, 3, 3, NULL, 3, NULL),
(1080, 'C:\\GENIE2K\\REPFILES\\3887-1.RPT', '18.04.2019', '22.04.2019', '22.04.2019', 0, 2.71, 0.5, 2, 0, 0, 3, 9, 45, 1, 4, 447, 7, 3, 3, NULL, 3, NULL),
(1081, 'C:\\GENIE2K\\REPFILES\\3887-2.RPT', '18.04.2019', '22.04.2019', '22.04.2019', 1, 0.358, 0.5, 2, 0.508, 2.49, 3, 9, 31, 1, 4, 448, 7, 3, 3, NULL, 4, NULL),
(1082, 'C:\\GENIE2K\\REPFILES\\3887-2.RPT', '18.04.2019', '22.04.2019', '22.04.2019', 0, 0.561, 0.5, 2, 0, 0, 3, 9, 5, 1, 4, 448, 7, 3, 3, NULL, 4, NULL),
(1083, 'C:\\GENIE2K\\REPFILES\\3887-2.RPT', '18.04.2019', '22.04.2019', '22.04.2019', 1, 0.843, 0.5, 2, 0, 0, 3, 9, 9, 1, 4, 448, 7, 3, 3, NULL, 4, NULL),
(1084, 'C:\\GENIE2K\\REPFILES\\3887-2.RPT', '18.04.2019', '22.04.2019', '22.04.2019', 0, 0.861, 0.5, 2, 0, 0, 3, 9, 24, 1, 4, 448, 7, 3, 3, NULL, 4, NULL),
(1085, 'C:\\GENIE2K\\REPFILES\\3887-2.RPT', '18.04.2019', '22.04.2019', '22.04.2019', 0, 0.624, 0.5, 2, 0, 0, 3, 9, 30, 1, 4, 448, 7, 3, 3, NULL, 4, NULL),
(1086, 'C:\\GENIE2K\\REPFILES\\3887-2.RPT', '18.04.2019', '22.04.2019', '22.04.2019', 0, 2.25, 0.5, 2, 0, 0, 3, 9, 45, 1, 4, 448, 7, 3, 3, NULL, 4, NULL),
(1087, 'C:\\GENIE2K\\REPFILES\\3887-3.RPT', '18.04.2019', '22.04.2019', '22.04.2019', 1, 0.645, 0.5, 2, 0.346, 1.02, 3, 9, 31, 1, 4, 449, 7, 3, 3, NULL, 3, NULL),
(1088, 'C:\\GENIE2K\\REPFILES\\3887-3.RPT', '18.04.2019', '22.04.2019', '22.04.2019', 0, 0.693, 0.5, 2, 0, 0, 3, 9, 5, 1, 4, 449, 7, 3, 3, NULL, 3, NULL),
(1089, 'C:\\GENIE2K\\REPFILES\\3887-3.RPT', '18.04.2019', '22.04.2019', '22.04.2019', 1, 0.828, 0.5, 2, 0, 0, 3, 9, 9, 1, 4, 449, 7, 3, 3, NULL, 3, NULL),
(1090, 'C:\\GENIE2K\\REPFILES\\3887-3.RPT', '18.04.2019', '22.04.2019', '22.04.2019', 0, 0.963, 0.5, 2, 0, 0, 3, 9, 24, 1, 4, 449, 7, 3, 3, NULL, 3, NULL),
(1091, 'C:\\GENIE2K\\REPFILES\\3887-3.RPT', '18.04.2019', '22.04.2019', '22.04.2019', 0, 0.821, 0.5, 2, 0, 0, 3, 9, 30, 1, 4, 449, 7, 3, 3, NULL, 3, NULL),
(1092, 'C:\\GENIE2K\\REPFILES\\3887-3.RPT', '18.04.2019', '22.04.2019', '22.04.2019', 0, 2.5, 0.5, 2, 0, 0, 3, 9, 45, 1, 4, 449, 7, 3, 3, NULL, 3, NULL),
(1093, 'C:\\GENIE2K\\REPFILES\\3887-4.RPT', '18.04.2019', '22.04.2019', '22.04.2019', 1, 0.436, 0.5, 2, 0.467, 2.12, 3, 9, 31, 1, 4, 450, 7, 3, 3, NULL, 4, NULL),
(1094, 'C:\\GENIE2K\\REPFILES\\3887-4.RPT', '18.04.2019', '22.04.2019', '22.04.2019', 0, 0.728, 0.5, 2, 0, 0, 3, 9, 5, 1, 4, 450, 7, 3, 3, NULL, 4, NULL),
(1095, 'C:\\GENIE2K\\REPFILES\\3887-4.RPT', '18.04.2019', '22.04.2019', '22.04.2019', 1, 0.632, 0.5, 2, 0, 0, 3, 9, 9, 1, 4, 450, 7, 3, 3, NULL, 4, NULL),
(1096, 'C:\\GENIE2K\\REPFILES\\3887-4.RPT', '18.04.2019', '22.04.2019', '22.04.2019', 0, 0.941, 0.5, 2, 0, 0, 3, 9, 24, 1, 4, 450, 7, 3, 3, NULL, 4, NULL),
(1097, 'C:\\GENIE2K\\REPFILES\\3887-4.RPT', '18.04.2019', '22.04.2019', '22.04.2019', 0, 0.722, 0.5, 2, 0, 0, 3, 9, 30, 1, 4, 450, 7, 3, 3, NULL, 4, NULL),
(1098, 'C:\\GENIE2K\\REPFILES\\3887-4.RPT', '18.04.2019', '22.04.2019', '22.04.2019', 0, 2.11, 0.5, 2, 0, 0, 3, 9, 45, 1, 4, 450, 7, 3, 3, NULL, 4, NULL),
(1099, 'C:\\GENIE2K\\REPFILES\\3887-5.RPT', '18.04.2019', '22.04.2019', '22.04.2019', 1, 0.673, 0.5, 2, 0.472, 1.68, 3, 9, 31, 1, 4, 451, 7, 3, 3, NULL, 3, NULL),
(1100, 'C:\\GENIE2K\\REPFILES\\3887-5.RPT', '18.04.2019', '22.04.2019', '22.04.2019', 0, 0.653, 0.5, 2, 0, 0, 3, 9, 5, 1, 4, 451, 7, 3, 3, NULL, 3, NULL),
(1101, 'C:\\GENIE2K\\REPFILES\\3887-5.RPT', '18.04.2019', '22.04.2019', '22.04.2019', 1, 0.854, 0.5, 2, 0, 0, 3, 9, 9, 1, 4, 451, 7, 3, 3, NULL, 3, NULL),
(1102, 'C:\\GENIE2K\\REPFILES\\3887-5.RPT', '18.04.2019', '22.04.2019', '22.04.2019', 0, 0.963, 0.5, 2, 0, 0, 3, 9, 24, 1, 4, 451, 7, 3, 3, NULL, 3, NULL),
(1103, 'C:\\GENIE2K\\REPFILES\\3887-5.RPT', '18.04.2019', '22.04.2019', '22.04.2019', 0, 0.702, 0.5, 2, 0, 0, 3, 9, 30, 1, 4, 451, 7, 3, 3, NULL, 3, NULL),
(1104, 'C:\\GENIE2K\\REPFILES\\3887-5.RPT', '18.04.2019', '22.04.2019', '22.04.2019', 0, 2.58, 0.5, 2, 0, 0, 3, 9, 45, 1, 4, 451, 7, 3, 3, NULL, 3, NULL),
(1105, 'C:\\GENIE2K\\REPFILES\\3887-6.RPT', '18.04.2019', '22.04.2019', '22.04.2019', 1, 0.631, 0.5, 2, 0.413, 1.55, 3, 9, 31, 1, 4, 452, 7, 3, 3, NULL, 4, NULL),
(1106, 'C:\\GENIE2K\\REPFILES\\3887-6.RPT', '18.04.2019', '22.04.2019', '22.04.2019', 0, 0.593, 0.5, 2, 0, 0, 3, 9, 5, 1, 4, 452, 7, 3, 3, NULL, 4, NULL),
(1107, 'C:\\GENIE2K\\REPFILES\\3887-6.RPT', '18.04.2019', '22.04.2019', '22.04.2019', 1, 0.743, 0.5, 2, 0, 0, 3, 9, 9, 1, 4, 452, 7, 3, 3, NULL, 4, NULL),
(1108, 'C:\\GENIE2K\\REPFILES\\3887-6.RPT', '18.04.2019', '22.04.2019', '22.04.2019', 0, 0.978, 0.5, 2, 0, 0, 3, 9, 24, 1, 4, 452, 7, 3, 3, NULL, 4, NULL),
(1109, 'C:\\GENIE2K\\REPFILES\\3887-6.RPT', '18.04.2019', '22.04.2019', '22.04.2019', 0, 0.766, 0.5, 2, 0, 0, 3, 9, 30, 1, 4, 452, 7, 3, 3, NULL, 4, NULL),
(1110, 'C:\\GENIE2K\\REPFILES\\3887-6.RPT', '18.04.2019', '22.04.2019', '22.04.2019', 0, 2.29, 0.5, 2, 0, 0, 3, 9, 45, 1, 4, 452, 7, 3, 3, NULL, 4, NULL),
(1111, 'C:\\GENIE2K\\REPFILES\\3887-7.RPT', '18.04.2019', '22.04.2019', '22.04.2019', 1, 0.457, 0.5, 2, 0.329, 0.927, 3, 9, 31, 1, 4, 453, 7, 3, 3, NULL, 3, NULL),
(1112, 'C:\\GENIE2K\\REPFILES\\3887-7.RPT', '18.04.2019', '22.04.2019', '22.04.2019', 0, 0.639, 0.5, 2, 0, 0, 3, 9, 5, 1, 4, 453, 7, 3, 3, NULL, 3, NULL),
(1113, 'C:\\GENIE2K\\REPFILES\\3887-7.RPT', '18.04.2019', '22.04.2019', '22.04.2019', 1, 0.627, 0.5, 2, 0, 0, 3, 9, 9, 1, 4, 453, 7, 3, 3, NULL, 3, NULL),
(1114, 'C:\\GENIE2K\\REPFILES\\3887-7.RPT', '18.04.2019', '22.04.2019', '22.04.2019', 0, 0.944, 0.5, 2, 0, 0, 3, 9, 24, 1, 4, 453, 7, 3, 3, NULL, 3, NULL),
(1115, 'C:\\GENIE2K\\REPFILES\\3887-7.RPT', '18.04.2019', '22.04.2019', '22.04.2019', 0, 0.828, 0.5, 2, 0, 0, 3, 9, 30, 1, 4, 453, 7, 3, 3, NULL, 3, NULL),
(1116, 'C:\\GENIE2K\\REPFILES\\3887-7.RPT', '18.04.2019', '22.04.2019', '22.04.2019', 0, 2.5, 0.5, 2, 0, 0, 3, 9, 45, 1, 4, 453, 7, 3, 3, NULL, 3, NULL),
(1117, 'C:\\GENIE2K\\REPFILES\\3887-8.RPT', '18.04.2019', '22.04.2019', '22.04.2019', 1, 0.0716, 0.5, 2, 0.325, 1.05, 3, 9, 31, 1, 4, 454, 7, 3, 3, NULL, 4, NULL),
(1118, 'C:\\GENIE2K\\REPFILES\\3887-8.RPT', '18.04.2019', '22.04.2019', '22.04.2019', 0, 0.728, 0.5, 2, 0, 0, 3, 9, 5, 1, 4, 454, 7, 3, 3, NULL, 4, NULL),
(1119, 'C:\\GENIE2K\\REPFILES\\3887-8.RPT', '18.04.2019', '22.04.2019', '22.04.2019', 1, 0.764, 0.5, 2, 0, 0, 3, 9, 9, 1, 4, 454, 7, 3, 3, NULL, 4, NULL),
(1120, 'C:\\GENIE2K\\REPFILES\\3887-8.RPT', '18.04.2019', '22.04.2019', '22.04.2019', 0, 0.798, 0.5, 2, 0, 0, 3, 9, 24, 1, 4, 454, 7, 3, 3, NULL, 4, NULL),
(1121, 'C:\\GENIE2K\\REPFILES\\3887-8.RPT', '18.04.2019', '22.04.2019', '22.04.2019', 0, 0.573, 0.5, 2, 0, 0, 3, 9, 30, 1, 4, 454, 7, 3, 3, NULL, 4, NULL),
(1122, 'C:\\GENIE2K\\REPFILES\\3887-8.RPT', '18.04.2019', '22.04.2019', '22.04.2019', 0, 1.97, 0.5, 2, 0, 0, 3, 9, 45, 1, 4, 454, 7, 3, 3, NULL, 4, NULL),
(1123, 'C:\\GENIE2K\\REPFILES\\3887-9.RPT', '18.04.2019', '22.04.2019', '22.04.2019', 1, 1.05, 0.5, 2, 0.468, 1.73, 3, 9, 31, 1, 4, 455, 7, 3, 3, NULL, 3, NULL),
(1124, 'C:\\GENIE2K\\REPFILES\\3887-9.RPT', '18.04.2019', '22.04.2019', '22.04.2019', 0, 0.789, 0.5, 2, 0, 0, 3, 9, 5, 1, 4, 455, 7, 3, 3, NULL, 3, NULL),
(1125, 'C:\\GENIE2K\\REPFILES\\3887-9.RPT', '18.04.2019', '22.04.2019', '22.04.2019', 1, 0.678, 0.5, 2, 0, 0, 3, 9, 9, 1, 4, 455, 7, 3, 3, NULL, 3, NULL),
(1126, 'C:\\GENIE2K\\REPFILES\\3887-9.RPT', '18.04.2019', '22.04.2019', '22.04.2019', 0, 0.885, 0.5, 2, 0, 0, 3, 9, 24, 1, 4, 455, 7, 3, 3, NULL, 3, NULL),
(1127, 'C:\\GENIE2K\\REPFILES\\3887-9.RPT', '18.04.2019', '22.04.2019', '22.04.2019', 0, 0.751, 0.5, 2, 0, 0, 3, 9, 30, 1, 4, 455, 7, 3, 3, NULL, 3, NULL),
(1128, 'C:\\GENIE2K\\REPFILES\\3887-9.RPT', '18.04.2019', '22.04.2019', '22.04.2019', 0, 2.51, 0.5, 2, 0, 0, 3, 9, 45, 1, 4, 455, 7, 3, 3, NULL, 3, NULL);
INSERT INTO `results` (`ID_RESULTS`, `BASIC_VALUE`, `DATE_CHIM_OPER`, `DATE_MEASUR`, `DATE_REDAC`, `INPROTOKOL`, `MDA`, `QUANTITY`, `SIGMA`, `UNCERTAINTY`, `VALUE_RESULT`, `DIMENSION_ID_DIMENSION`, `METODY_ID_METODY`, `NUCLIDE_ID_NUCLIDE`, `POKAZATEL_ID_POKAZATEL`, `RTAZMERNOSTI_ID_RAZMERNOSTI`, `SAMPLE_ID_SAMPLE`, `USER_CHIM_OPER_ID_USERS`, `USER_MEASUR_ID_USERS`, `USER_REDAC_ID_USERS`, `ZABELEJKI_ID_ZABELEJKI`, `TSI_ID_TSI`, `DOBIV_ID_DOBIV`) VALUES
(1129, 'C:\\GENIE2K\\REPFILES\\3887-10.RPT', '18.04.2019', '22.04.2019', '22.04.2019', 1, 0.365, 0.5, 2, 0.37, 1.33, 3, 9, 31, 1, 4, 456, 7, 3, 3, NULL, 4, NULL),
(1130, 'C:\\GENIE2K\\REPFILES\\3887-10.RPT', '18.04.2019', '22.04.2019', '22.04.2019', 0, 0.728, 0.5, 2, 0, 0, 3, 9, 5, 1, 4, 456, 7, 3, 3, NULL, 4, NULL),
(1131, 'C:\\GENIE2K\\REPFILES\\3887-10.RPT', '18.04.2019', '22.04.2019', '22.04.2019', 1, 0.569, 0.5, 2, 0, 0, 3, 9, 9, 1, 4, 456, 7, 3, 3, NULL, 4, NULL),
(1132, 'C:\\GENIE2K\\REPFILES\\3887-10.RPT', '18.04.2019', '22.04.2019', '22.04.2019', 0, 0.902, 0.5, 2, 0, 0, 3, 9, 24, 1, 4, 456, 7, 3, 3, NULL, 4, NULL),
(1133, 'C:\\GENIE2K\\REPFILES\\3887-10.RPT', '18.04.2019', '22.04.2019', '22.04.2019', 0, 0.658, 0.5, 2, 0, 0, 3, 9, 30, 1, 4, 456, 7, 3, 3, NULL, 4, NULL),
(1134, 'C:\\GENIE2K\\REPFILES\\3887-10.RPT', '18.04.2019', '22.04.2019', '22.04.2019', 0, 2.27, 0.5, 2, 0, 0, 3, 9, 45, 1, 4, 456, 7, 3, 3, NULL, 4, NULL),
(1170, 'C:\\GENIE2K\\REPFILES\\3888-1.RPT', '18.04.2019', '19.04.2019', '07.05.2019', 0, 0.12, 1, 2, 0, 0, 3, 9, 5, 1, 4, 457, 8, 3, 3, NULL, 3, NULL),
(1173, 'C:\\GENIE2K\\REPFILES\\3888-1.RPT', '18.04.2019', '19.04.2019', '07.05.2019', 1, 0.128, 1, 2, 0, 0, 3, 9, 9, 1, 4, 457, 8, 3, 3, NULL, 3, NULL),
(1174, 'C:\\GENIE2K\\REPFILES\\3888-1.RPT', '18.04.2019', '19.04.2019', '07.05.2019', 0, 0.124, 1, 2, 0, 0, 3, 9, 24, 1, 4, 457, 8, 3, 3, NULL, 3, NULL),
(1175, 'C:\\GENIE2K\\REPFILES\\3888-1.RPT', '18.04.2019', '19.04.2019', '07.05.2019', 0, 0.128, 1, 2, 0, 0, 3, 9, 30, 1, 4, 457, 8, 3, 3, NULL, 3, NULL),
(1176, 'C:\\GENIE2K\\REPFILES\\3888-1.RPT', '18.04.2019', '19.04.2019', '07.05.2019', 1, 0.133, 1, 2, 0, 0, 3, 9, 31, 1, 4, 457, 8, 3, 3, NULL, 3, NULL),
(1177, 'C:\\GENIE2K\\REPFILES\\3888-1.RPT', '18.04.2019', '19.04.2019', '07.05.2019', 0, 0.46, 1, 2, 0, 0, 3, 9, 45, 1, 4, 457, 8, 3, 3, NULL, 3, NULL),
(1178, 'C:\\GENIE2K\\REPFILES\\3901-1.RPT', '02.05.2019', '03.05.2019', '07.05.2019', 0, 201, 0.001, 2, 0, 0, 6, 9, 5, 1, 5, 466, 9, 2, 2, NULL, 3, NULL),
(1179, 'C:\\GENIE2K\\REPFILES\\3901-1.RPT', '02.05.2019', '03.05.2019', '07.05.2019', 1, 249, 0.001, 2, 0, 0, 6, 9, 9, 1, 5, 466, 9, 2, 2, NULL, 3, NULL),
(1180, 'C:\\GENIE2K\\REPFILES\\3901-1.RPT', '02.05.2019', '03.05.2019', '07.05.2019', 0, 229, 0.001, 2, 0, 0, 6, 9, 24, 1, 5, 466, 9, 2, 2, NULL, 3, NULL),
(1181, 'C:\\GENIE2K\\REPFILES\\3901-1.RPT', '02.05.2019', '03.05.2019', '07.05.2019', 0, 214, 0.001, 2, 0, 0, 6, 9, 30, 1, 5, 466, 9, 2, 2, NULL, 3, NULL),
(1182, 'C:\\GENIE2K\\REPFILES\\3901-1.RPT', '02.05.2019', '03.05.2019', '07.05.2019', 1, 247, 0.001, 2, 0, 0, 6, 9, 31, 1, 5, 466, 9, 2, 2, NULL, 3, NULL),
(1183, 'C:\\GENIE2K\\REPFILES\\3901-1.RPT', '02.05.2019', '03.05.2019', '07.05.2019', 0, 829, 0.001, 2, 0, 0, 6, 9, 45, 1, 5, 466, 9, 2, 2, NULL, 3, NULL),
(1184, 'C:\\GENIE2K\\REPFILES\\3896-1.RPT', '25.04.2019', '30.04.2019', '07.05.2019', 1, 227, 0.001, 2, 864, 24500, 6, 9, 31, 1, 5, 464, 8, 2, 2, NULL, 2, NULL),
(1185, 'C:\\GENIE2K\\REPFILES\\3896-1.RPT', '25.04.2019', '30.04.2019', '07.05.2019', 0, 204, 0.001, 2, 0, 0, 6, 9, 5, 1, 5, 464, 8, 2, 2, NULL, 2, NULL),
(1186, 'C:\\GENIE2K\\REPFILES\\3896-1.RPT', '25.04.2019', '30.04.2019', '07.05.2019', 1, 307, 0.001, 2, 0, 0, 6, 9, 9, 1, 5, 464, 8, 2, 2, NULL, 2, NULL),
(1187, 'C:\\GENIE2K\\REPFILES\\3896-1.RPT', '25.04.2019', '30.04.2019', '07.05.2019', 0, 286, 0.001, 2, 0, 0, 6, 9, 24, 1, 5, 464, 8, 2, 2, NULL, 2, NULL),
(1188, 'C:\\GENIE2K\\REPFILES\\3896-1.RPT', '25.04.2019', '30.04.2019', '07.05.2019', 0, 228, 0.001, 2, 0, 0, 6, 9, 30, 1, 5, 464, 8, 2, 2, NULL, 2, NULL),
(1189, 'C:\\GENIE2K\\REPFILES\\3896-1.RPT', '25.04.2019', '30.04.2019', '07.05.2019', 0, 1390, 0.001, 2, 0, 0, 6, 9, 45, 1, 5, 464, 8, 2, 2, NULL, 2, NULL),
(1190, 'C:\\GENIE2K\\REPFILES\\3896-2.RPT', '25.04.2019', '30.04.2019', '07.05.2019', 1, 253, 0.001, 2, 211, 2760, 6, 9, 31, 1, 5, 465, 8, 2, 2, NULL, 4, NULL),
(1191, 'C:\\GENIE2K\\REPFILES\\3896-2.RPT', '25.04.2019', '30.04.2019', '07.05.2019', 0, 207, 0.001, 2, 0, 0, 6, 9, 5, 1, 5, 465, 8, 2, 2, NULL, 4, NULL),
(1192, 'C:\\GENIE2K\\REPFILES\\3896-2.RPT', '25.04.2019', '30.04.2019', '07.05.2019', 1, 244, 0.001, 2, 0, 0, 6, 9, 9, 1, 5, 465, 8, 2, 2, NULL, 4, NULL),
(1193, 'C:\\GENIE2K\\REPFILES\\3896-2.RPT', '25.04.2019', '30.04.2019', '07.05.2019', 0, 273, 0.001, 2, 0, 0, 6, 9, 24, 1, 5, 465, 8, 2, 2, NULL, 4, NULL),
(1194, 'C:\\GENIE2K\\REPFILES\\3896-2.RPT', '25.04.2019', '30.04.2019', '07.05.2019', 0, 204, 0.001, 2, 0, 0, 6, 9, 30, 1, 5, 465, 8, 2, 2, NULL, 4, NULL),
(1195, 'C:\\GENIE2K\\REPFILES\\3896-2.RPT', '25.04.2019', '30.04.2019', '07.05.2019', 0, 717, 0.001, 2, 0, 0, 6, 9, 45, 1, 5, 465, 8, 2, 2, NULL, 4, NULL),
(1196, 'C:\\GENIE2K\\REPFILES\\3897-1.RPT', '30.04.2019', '02.05.2019', '07.05.2019', 0, 0.187, 1, 2, 0, 0, 3, 9, 5, 1, 4, 467, 9, 2, 2, NULL, 4, NULL),
(1197, 'C:\\GENIE2K\\REPFILES\\3897-1.RPT', '30.04.2019', '02.05.2019', '07.05.2019', 1, 0.21, 1, 2, 0, 0, 3, 9, 9, 1, 4, 467, 9, 2, 2, NULL, 4, NULL),
(1198, 'C:\\GENIE2K\\REPFILES\\3897-1.RPT', '30.04.2019', '02.05.2019', '07.05.2019', 0, 0.189, 1, 2, 0, 0, 3, 9, 24, 1, 4, 467, 9, 2, 2, NULL, 4, NULL),
(1199, 'C:\\GENIE2K\\REPFILES\\3897-1.RPT', '30.04.2019', '02.05.2019', '07.05.2019', 0, 0.19, 1, 2, 0, 0, 3, 9, 30, 1, 4, 467, 9, 2, 2, NULL, 4, NULL),
(1200, 'C:\\GENIE2K\\REPFILES\\3897-1.RPT', '30.04.2019', '02.05.2019', '07.05.2019', 1, 0.197, 1, 2, 0, 0, 3, 9, 31, 1, 4, 467, 9, 2, 2, NULL, 4, NULL),
(1201, 'C:\\GENIE2K\\REPFILES\\3897-1.RPT', '30.04.2019', '02.05.2019', '07.05.2019', 0, 0.699, 1, 2, 0, 0, 3, 9, 45, 1, 4, 467, 9, 2, 2, NULL, 4, NULL),
(1202, 'C:\\GENIE2K\\REPFILES\\3902-1.RPT', '', '03.05.2019', '07.05.2019', 1, 0.0000134, 18568.4, 2, 0.00000793, 0.0000559, 6, 9, 9, 1, 5, 468, 8, 2, 2, NULL, 2, NULL),
(1203, 'C:\\GENIE2K\\REPFILES\\3902-1.RPT', '', '03.05.2019', '07.05.2019', 1, 0.0000146, 18568.4, 2, 0.0000329, 0.000369, 6, 9, 31, 1, 5, 468, 8, 2, 2, NULL, 2, NULL),
(1204, 'C:\\GENIE2K\\REPFILES\\3902-1.RPT', '', '03.05.2019', '07.05.2019', 0, 0.0000126, 18568.4, 2, 0, 0, 6, 9, 5, 1, 5, 468, 8, 2, 2, NULL, 2, NULL),
(1205, 'C:\\GENIE2K\\REPFILES\\3902-1.RPT', '', '03.05.2019', '07.05.2019', 0, 0.0000174, 18568.4, 2, 0, 0, 6, 9, 24, 1, 5, 468, 8, 2, 2, NULL, 2, NULL),
(1206, 'C:\\GENIE2K\\REPFILES\\3902-1.RPT', '', '03.05.2019', '07.05.2019', 0, 0.0000145, 18568.4, 2, 0, 0, 6, 9, 30, 1, 5, 468, 8, 2, 2, NULL, 2, NULL),
(1207, 'C:\\GENIE2K\\REPFILES\\3902-1.RPT', '', '03.05.2019', '07.05.2019', 0, 0.0000639, 18568.4, 2, 0, 0, 6, 9, 45, 1, 5, 468, 8, 2, 2, NULL, 2, NULL),
(1208, 'C:\\GENIE2K\\REPFILES\\3902-2.RPT', '', '03.05.2019', '07.05.2019', 1, 0.0000155, 19548.4, 2, 0.0000127, 0.000118, 6, 9, 9, 1, 5, 469, 8, 2, 2, NULL, 2, NULL),
(1209, 'C:\\GENIE2K\\REPFILES\\3902-2.RPT', '', '03.05.2019', '07.05.2019', 1, 0.0000135, 19548.4, 2, 0.0000519, 0.00064, 6, 9, 31, 1, 5, 469, 8, 2, 2, NULL, 2, NULL),
(1210, 'C:\\GENIE2K\\REPFILES\\3902-2.RPT', '', '03.05.2019', '07.05.2019', 0, 0.0000118, 19548.4, 2, 0, 0, 6, 9, 5, 1, 5, 469, 8, 2, 2, NULL, 2, NULL),
(1211, 'C:\\GENIE2K\\REPFILES\\3902-2.RPT', '', '03.05.2019', '07.05.2019', 0, 0.0000178, 19548.4, 2, 0, 0, 6, 9, 24, 1, 5, 469, 8, 2, 2, NULL, 2, NULL),
(1212, 'C:\\GENIE2K\\REPFILES\\3902-2.RPT', '', '03.05.2019', '07.05.2019', 0, 0.0000141, 19548.4, 2, 0, 0, 6, 9, 30, 1, 5, 469, 8, 2, 2, NULL, 2, NULL),
(1213, 'C:\\GENIE2K\\REPFILES\\3902-2.RPT', '', '03.05.2019', '07.05.2019', 0, 0.0000631, 19548.4, 2, 0, 0, 6, 9, 45, 1, 5, 469, 8, 2, 2, NULL, 2, NULL),
(1214, 'C:\\GENIE2K\\REPFILES\\3900-1.RPT', '', '02.05.2019', '07.05.2019', 0, 0.0000201, 1612.8, 2, 0, 0, 6, 9, 5, 1, 5, 470, 8, 2, 2, NULL, 3, NULL),
(1215, 'C:\\GENIE2K\\REPFILES\\3900-1.RPT', '', '02.05.2019', '07.05.2019', 1, 0.0000229, 1612.8, 2, 0, 0, 6, 9, 9, 1, 5, 470, 8, 2, 2, NULL, 3, NULL),
(1216, 'C:\\GENIE2K\\REPFILES\\3900-1.RPT', '', '02.05.2019', '07.05.2019', 0, 0.0000196, 1612.8, 2, 0, 0, 6, 9, 24, 1, 5, 470, 8, 2, 2, NULL, 3, NULL),
(1217, 'C:\\GENIE2K\\REPFILES\\3900-1.RPT', '', '02.05.2019', '07.05.2019', 0, 0.0000208, 1612.8, 2, 0, 0, 6, 9, 30, 1, 5, 470, 8, 2, 2, NULL, 3, NULL),
(1218, 'C:\\GENIE2K\\REPFILES\\3900-1.RPT', '', '02.05.2019', '07.05.2019', 1, 0.0000209, 1612.8, 2, 0, 0, 6, 9, 31, 1, 5, 470, 8, 2, 2, NULL, 3, NULL),
(1219, 'C:\\GENIE2K\\REPFILES\\3900-1.RPT', '', '02.05.2019', '07.05.2019', 0, 0.000041, 1612.8, 2, 0, 0, 6, 9, 45, 1, 5, 470, 8, 2, 2, NULL, 3, NULL),
(1220, '', '11.04.2019', '22.04.2019', '07.05.2019', 1, 0.0779, 0.0045, 2, 0.0693, 0.187, 6, 7, 45, 2, 5, 387, 9, 2, 2, NULL, 5, 96),
(1221, '', '11.04.2019', '22.04.2019', '07.05.2019', 1, 0.08325, 0.0045, 2, 0, 0, 6, 7, 51, 2, 5, 387, 9, 2, 2, NULL, 8, 96),
(1222, '', '11.04.2019', '22.04.2019', '07.05.2019', 1, 0.05825, 0.0045, 2, 0.1279, 0.5451, 6, 7, 52, 2, 5, 387, 9, 2, 2, NULL, 8, 96),
(1223, '', '11.04.2019', '22.04.2019', '07.05.2019', 1, 0.0783, 0.0045, 2, 0, 0, 6, 7, 53, 2, 5, 387, 9, 2, 2, NULL, 5, 96),
(1224, '', '11.04.2019', '22.04.2019', '07.05.2019', 1, 0.121, 0.0045, 2, 0, 0, 6, 7, 54, 2, 5, 387, 9, 2, 2, NULL, 5, 96),
(1225, '', '11.03.2019', '22.04.2019', '07.05.2019', 1, 0.0813, 0.0045, 2, 0.127, 0.646, 6, 7, 45, 2, 5, 388, 9, 2, 2, NULL, 5, 98),
(1226, '', '11.03.2019', '22.04.2019', '07.05.2019', 1, 0.08816, 0.0045, 2, 0, 0, 6, 7, 51, 2, 5, 388, 9, 2, 2, NULL, 8, 98),
(1227, '', '11.03.2019', '22.04.2019', '07.05.2019', 1, 0.03095, 0.0045, 2, 0.0606, 0.2166, 6, 7, 52, 2, 5, 388, 9, 2, 2, NULL, 8, 98),
(1228, '', '11.03.2019', '22.04.2019', '07.05.2019', 1, 0.075, 0.0045, 2, 0, 0, 6, 7, 53, 2, 5, 388, 9, 2, 2, NULL, 5, 98),
(1229, '', '11.03.2019', '22.04.2019', '07.05.2019', 1, 0.124, 0.0045, 2, 0, 0, 6, 7, 54, 2, 5, 388, 9, 2, 2, NULL, 5, 98),
(1230, 'C:\\GENIE2K\\REPFILES\\3895-1.RPT', '25.04.2019', '02.05.2019', '07.05.2019', 0, 0.208, 1, 2, 0, 0, 3, 9, 5, 1, 4, 463, 8, 2, 2, NULL, 2, NULL),
(1231, 'C:\\GENIE2K\\REPFILES\\3895-1.RPT', '25.04.2019', '02.05.2019', '07.05.2019', 1, 0.209, 1, 2, 0, 0, 3, 9, 9, 1, 4, 463, 8, 2, 2, NULL, 2, NULL),
(1232, 'C:\\GENIE2K\\REPFILES\\3895-1.RPT', '25.04.2019', '02.05.2019', '07.05.2019', 0, 0.228, 1, 2, 0, 0, 3, 9, 24, 1, 4, 463, 8, 2, 2, NULL, 2, NULL),
(1233, 'C:\\GENIE2K\\REPFILES\\3895-1.RPT', '25.04.2019', '02.05.2019', '07.05.2019', 0, 0.22, 1, 2, 0, 0, 3, 9, 30, 1, 4, 463, 8, 2, 2, NULL, 2, NULL),
(1234, 'C:\\GENIE2K\\REPFILES\\3895-1.RPT', '25.04.2019', '02.05.2019', '07.05.2019', 1, 0.365, 1, 2, 0, 0, 3, 9, 31, 1, 4, 463, 8, 2, 2, NULL, 2, NULL),
(1235, 'C:\\GENIE2K\\REPFILES\\3895-1.RPT', '25.04.2019', '02.05.2019', '07.05.2019', 0, 1.15, 1, 2, 0, 0, 3, 9, 45, 1, 4, 463, 8, 2, 2, NULL, 2, NULL),
(1236, 'C:\\GENIE2K\\REPFILES\\3894-1.RPT', '25.04.2019', '02.05.2019', '07.05.2019', 0, 0.212, 1, 2, 0, 0, 3, 9, 5, 1, 4, 459, 8, 2, 2, NULL, 3, NULL),
(1237, 'C:\\GENIE2K\\REPFILES\\3894-1.RPT', '25.04.2019', '02.05.2019', '07.05.2019', 1, 0.237, 1, 2, 0, 0, 3, 9, 9, 1, 4, 459, 8, 2, 2, NULL, 3, NULL),
(1238, 'C:\\GENIE2K\\REPFILES\\3894-1.RPT', '25.04.2019', '02.05.2019', '07.05.2019', 0, 0.23, 1, 2, 0, 0, 3, 9, 24, 1, 4, 459, 8, 2, 2, NULL, 3, NULL),
(1239, 'C:\\GENIE2K\\REPFILES\\3894-1.RPT', '25.04.2019', '02.05.2019', '07.05.2019', 0, 0.229, 1, 2, 0, 0, 3, 9, 30, 1, 4, 459, 8, 2, 2, NULL, 3, NULL),
(1240, 'C:\\GENIE2K\\REPFILES\\3894-1.RPT', '25.04.2019', '02.05.2019', '07.05.2019', 1, 0.236, 1, 2, 0, 0, 3, 9, 31, 1, 4, 459, 8, 2, 2, NULL, 3, NULL),
(1241, 'C:\\GENIE2K\\REPFILES\\3894-1.RPT', '25.04.2019', '02.05.2019', '07.05.2019', 0, 0.805, 1, 2, 0, 0, 3, 9, 45, 1, 4, 459, 8, 2, 2, NULL, 3, NULL),
(1242, 'C:\\GENIE2K\\REPFILES\\3894-2.RPT', '', '02.05.2019', '07.05.2019', 0, 0.207, 1, 2, 0, 0, 3, 9, 5, 1, 4, 460, 8, 2, 2, NULL, 4, NULL),
(1243, 'C:\\GENIE2K\\REPFILES\\3894-2.RPT', '', '02.05.2019', '07.05.2019', 1, 0.203, 1, 2, 0, 0, 3, 9, 9, 1, 4, 460, 8, 2, 2, NULL, 4, NULL),
(1244, 'C:\\GENIE2K\\REPFILES\\3894-2.RPT', '', '02.05.2019', '07.05.2019', 0, 0.214, 1, 2, 0, 0, 3, 9, 24, 1, 4, 460, 8, 2, 2, NULL, 4, NULL),
(1245, 'C:\\GENIE2K\\REPFILES\\3894-2.RPT', '', '02.05.2019', '07.05.2019', 0, 0.191, 1, 2, 0, 0, 3, 9, 30, 1, 4, 460, 8, 2, 2, NULL, 4, NULL),
(1246, 'C:\\GENIE2K\\REPFILES\\3894-2.RPT', '', '02.05.2019', '07.05.2019', 1, 0.23, 1, 2, 0, 0, 3, 9, 31, 1, 4, 460, 8, 2, 2, NULL, 4, NULL),
(1247, 'C:\\GENIE2K\\REPFILES\\3894-2.RPT', '', '02.05.2019', '07.05.2019', 0, 0.668, 1, 2, 0, 0, 3, 9, 45, 1, 4, 460, 8, 2, 2, NULL, 4, NULL),
(1248, 'C:\\GENIE2K\\REPFILES\\3894-3.RPT', '25.04.2019', '02.05.2019', '07.05.2019', 0, 0.194, 1, 2, 0, 0, 3, 9, 5, 1, 4, 461, 8, 3, 2, NULL, 4, NULL),
(1249, 'C:\\GENIE2K\\REPFILES\\3894-3.RPT', '25.04.2019', '02.05.2019', '07.05.2019', 1, 0.207, 1, 2, 0, 0, 3, 9, 9, 1, 4, 461, 8, 3, 2, NULL, 4, NULL),
(1250, 'C:\\GENIE2K\\REPFILES\\3894-3.RPT', '25.04.2019', '02.05.2019', '07.05.2019', 0, 0.203, 1, 2, 0, 0, 3, 9, 24, 1, 4, 461, 8, 3, 2, NULL, 4, NULL),
(1251, 'C:\\GENIE2K\\REPFILES\\3894-3.RPT', '25.04.2019', '02.05.2019', '07.05.2019', 0, 0.199, 1, 2, 0, 0, 3, 9, 30, 1, 4, 461, 8, 3, 2, NULL, 4, NULL),
(1252, 'C:\\GENIE2K\\REPFILES\\3894-3.RPT', '25.04.2019', '02.05.2019', '07.05.2019', 1, 0.225, 1, 2, 0, 0, 3, 9, 31, 1, 4, 461, 8, 3, 2, NULL, 4, NULL),
(1253, 'C:\\GENIE2K\\REPFILES\\3894-3.RPT', '25.04.2019', '02.05.2019', '07.05.2019', 0, 0.703, 1, 2, 0, 0, 3, 9, 45, 1, 4, 461, 8, 3, 2, NULL, 4, NULL),
(1254, 'C:\\GENIE2K\\REPFILES\\3894-4.RPT', '', '02.05.2019', '07.05.2019', 0, 0.207, 1, 2, 0, 0, 3, 9, 5, 1, 4, 462, 8, 2, 2, NULL, 2, NULL),
(1255, 'C:\\GENIE2K\\REPFILES\\3894-4.RPT', '', '02.05.2019', '07.05.2019', 1, 0.208, 1, 2, 0, 0, 3, 9, 9, 1, 4, 462, 8, 2, 2, NULL, 2, NULL),
(1256, 'C:\\GENIE2K\\REPFILES\\3894-4.RPT', '', '02.05.2019', '07.05.2019', 0, 0.213, 1, 2, 0, 0, 3, 9, 24, 1, 4, 462, 8, 2, 2, NULL, 2, NULL),
(1257, 'C:\\GENIE2K\\REPFILES\\3894-4.RPT', '', '02.05.2019', '07.05.2019', 0, 0.216, 1, 2, 0, 0, 3, 9, 30, 1, 4, 462, 8, 2, 2, NULL, 2, NULL),
(1258, 'C:\\GENIE2K\\REPFILES\\3894-4.RPT', '', '02.05.2019', '07.05.2019', 1, 0.22, 1, 2, 0, 0, 3, 9, 31, 1, 4, 462, 8, 2, 2, NULL, 2, NULL),
(1259, 'C:\\GENIE2K\\REPFILES\\3894-4.RPT', '', '02.05.2019', '07.05.2019', 0, 1.1, 1, 2, 0, 0, 3, 9, 45, 1, 4, 462, 8, 2, 2, NULL, 2, NULL),
(1260, '', '03.05.2019', '07.05.2019', '08.05.2019', 1, 1910, 0.000009, 2, 0, 0, 6, 3, 47, 8, 5, 479, 9, 2, 2, NULL, 8, 100),
(1261, '', '03.05.2019', '07.05.2019', '08.05.2019', 1, 7470, 0.000009, 2, 174000, 2110000, 6, 3, 47, 8, 5, 480, 9, 2, 2, NULL, 8, 100),
(1262, '', '03.05.2019', '07.05.2019', '08.05.2019', 1, 0.00726, 9, 2, 0.0188, 0.206, 2, 3, 47, 8, 3, 475, 9, 2, 2, NULL, 8, 100),
(1263, '', '03.05.2019', '07.05.2019', '08.05.2019', 1, 0.00721, 9, 2, 0.0188, 0.206, 2, 3, 47, 8, 3, 476, 9, 2, 2, NULL, 8, 100),
(1264, '', '03.05.2019', '07.05.2019', '08.05.2019', 1, 0.00732, 9, 2, 0.0222, 0.248, 2, 3, 47, 8, 3, 477, 9, 2, 2, NULL, 8, 100),
(1265, '', '03.05.2019', '07.05.2019', '08.05.2019', 1, 0.00708, 9, 2, 0.0218, 0.244, 2, 3, 47, 8, 3, 478, 9, 2, 2, NULL, 8, 100),
(1266, 'C:\\GENIE2K\\REPFILES\\3907-1.RPT', '', '09.05.2019', '09.05.2019', 1, 0.0903, 1, 2, 0.105, 0.481, NULL, 9, 9, 1, 1, 481, 8, 3, 3, NULL, 3, NULL),
(1267, 'C:\\GENIE2K\\REPFILES\\3907-1.RPT', '', '09.05.2019', '09.05.2019', 1, 0.158, 1, 2, 0.0987, 0.344, NULL, 9, 31, 1, 1, 481, 8, 3, 3, NULL, 3, NULL),
(1268, 'C:\\GENIE2K\\REPFILES\\3907-1.RPT', '', '09.05.2019', '09.05.2019', 0, 0.191, 1, 2, 0, 0, NULL, 9, 5, 1, 1, 481, 8, 3, 3, NULL, 3, NULL),
(1269, 'C:\\GENIE2K\\REPFILES\\3907-1.RPT', '', '09.05.2019', '09.05.2019', 0, 0.287, 1, 2, 0, 0, NULL, 9, 24, 1, 1, 481, 8, 3, 3, NULL, 3, NULL),
(1270, 'C:\\GENIE2K\\REPFILES\\3907-1.RPT', '', '09.05.2019', '09.05.2019', 0, 0.169, 1, 2, 0, 0, NULL, 9, 30, 1, 1, 481, 8, 3, 3, NULL, 3, NULL),
(1271, 'C:\\GENIE2K\\REPFILES\\3907-1.RPT', '', '09.05.2019', '09.05.2019', 0, 0.378, 1, 2, 0, 0, NULL, 9, 45, 1, 1, 481, 8, 3, 3, NULL, 3, NULL),
(1272, 'C:\\GENIE2K\\REPFILES\\3907-2.RPT', '', '09.05.2019', '09.05.2019', 1, 0.0903, 1, 2, 0.0876, 0.282, NULL, 9, 9, 1, 1, 482, 8, 3, 3, NULL, 3, NULL),
(1273, 'C:\\GENIE2K\\REPFILES\\3907-2.RPT', '', '09.05.2019', '09.05.2019', 0, 0.181, 1, 2, 0, 0, NULL, 9, 5, 1, 1, 482, 8, 3, 3, NULL, 3, NULL),
(1274, 'C:\\GENIE2K\\REPFILES\\3907-2.RPT', '', '09.05.2019', '09.05.2019', 0, 0.229, 1, 2, 0, 0, NULL, 9, 24, 1, 1, 482, 8, 3, 3, NULL, 3, NULL),
(1275, 'C:\\GENIE2K\\REPFILES\\3907-2.RPT', '', '09.05.2019', '09.05.2019', 0, 0.176, 1, 2, 0, 0, NULL, 9, 30, 1, 1, 482, 8, 3, 3, NULL, 3, NULL),
(1276, 'C:\\GENIE2K\\REPFILES\\3907-2.RPT', '', '09.05.2019', '09.05.2019', 1, 0.243, 1, 2, 0, 0, NULL, 9, 31, 1, 1, 482, 8, 3, 3, NULL, 3, NULL),
(1277, 'C:\\GENIE2K\\REPFILES\\3907-2.RPT', '', '09.05.2019', '09.05.2019', 0, 0.371, 1, 2, 0, 0, NULL, 9, 45, 1, 1, 482, 8, 3, 3, NULL, 3, NULL),
(1278, 'C:\\GENIE2K\\REPFILES\\3907-3.RPT', '', '09.05.2019', '09.05.2019', 1, 0.0903, 1, 2, 0.151, 0.964, NULL, 9, 9, 1, 1, 483, 8, 3, 3, NULL, 3, NULL),
(1279, 'C:\\GENIE2K\\REPFILES\\3907-3.RPT', '', '09.05.2019', '09.05.2019', 0, 0.194, 1, 2, 0, 0, NULL, 9, 5, 1, 1, 483, 8, 3, 3, NULL, 3, NULL),
(1280, 'C:\\GENIE2K\\REPFILES\\3907-3.RPT', '', '09.05.2019', '09.05.2019', 0, 0.244, 1, 2, 0, 0, NULL, 9, 24, 1, 1, 483, 8, 3, 3, NULL, 3, NULL),
(1281, 'C:\\GENIE2K\\REPFILES\\3907-3.RPT', '', '09.05.2019', '09.05.2019', 0, 0.178, 1, 2, 0, 0, NULL, 9, 30, 1, 1, 483, 8, 3, 3, NULL, 3, NULL),
(1282, 'C:\\GENIE2K\\REPFILES\\3907-3.RPT', '', '09.05.2019', '09.05.2019', 1, 0.269, 1, 2, 0, 0, NULL, 9, 31, 1, 1, 483, 8, 3, 3, NULL, 3, NULL),
(1283, 'C:\\GENIE2K\\REPFILES\\3907-3.RPT', '', '09.05.2019', '09.05.2019', 0, 0.354, 1, 2, 0, 0, NULL, 9, 45, 1, 1, 483, 8, 3, 3, NULL, 3, NULL),
(1284, 'C:\\GENIE2K\\REPFILES\\3907-4.RPT', '', '09.05.2019', '09.05.2019', 0, 0.207, 1, 2, 0, 0, NULL, 9, 5, 1, 1, 484, 8, 3, 3, NULL, 3, NULL),
(1285, 'C:\\GENIE2K\\REPFILES\\3907-4.RPT', '', '09.05.2019', '09.05.2019', 1, 0.322, 1, 2, 0, 0, NULL, 9, 9, 1, 1, 484, 8, 3, 3, NULL, 3, NULL),
(1286, 'C:\\GENIE2K\\REPFILES\\3907-4.RPT', '', '09.05.2019', '09.05.2019', 0, 0.235, 1, 2, 0, 0, NULL, 9, 24, 1, 1, 484, 8, 3, 3, NULL, 3, NULL),
(1287, 'C:\\GENIE2K\\REPFILES\\3907-4.RPT', '', '09.05.2019', '09.05.2019', 0, 0.194, 1, 2, 0, 0, NULL, 9, 30, 1, 1, 484, 8, 3, 3, NULL, 3, NULL),
(1288, 'C:\\GENIE2K\\REPFILES\\3907-4.RPT', '', '09.05.2019', '09.05.2019', 1, 0.239, 1, 2, 0, 0, NULL, 9, 31, 1, 1, 484, 8, 3, 3, NULL, 3, NULL),
(1289, 'C:\\GENIE2K\\REPFILES\\3907-4.RPT', '', '09.05.2019', '09.05.2019', 0, 0.335, 1, 2, 0, 0, NULL, 9, 45, 1, 1, 484, 8, 3, 3, NULL, 3, NULL),
(1290, '', '22.04.2019', '06.05.2019', '13.05.2019', 1, 8.45, 0.0045, 2, 5.42, 10.8, 6, 15, 48, 3, 5, 389, 9, 2, 3, NULL, 8, 103),
(1291, '', '22.04.2019', '03.05.2019', '13.05.2019', 1, 11.75, 0.0045, 2, 12.84, 69.82, 6, 15, 49, 4, 5, 389, 9, 2, 3, NULL, 7, 101),
(1292, '', '22.04.2019', '08.05.2019', '13.05.2019', 1, 4.945, 0.0045, 2, 27.311, 166.585, 6, 15, 50, 5, 5, 389, 9, 2, 3, NULL, 8, 104),
(1293, '', '22.04.2019', '08.05.2019', '13.05.2019', 0, 32.94, 0.0045, 2, 0, 0, 6, 15, 64, 5, 5, 389, 9, 2, 3, NULL, 8, 104),
(1294, '', '22.04.2019', '08.05.2019', '13.05.2019', 1, 6.694, 0.0045, 2, 0, 0, 6, 15, 50, 5, 5, 390, 9, 2, 3, NULL, 8, 104),
(1295, '', '22.04.2019', '08.05.2019', '13.05.2019', 0, 11.17, 0.0045, 2, 0, 0, 6, 15, 64, 5, 5, 390, 9, 2, 3, NULL, 8, 104),
(1296, '', '22.04.2019', '06.05.2019', '13.05.2019', 1, 8.42, 0.0045, 2, 0, 0, 6, 15, 48, 3, 5, 390, 9, 2, 3, NULL, 8, 103),
(1297, '', '22.04.2019', '07.05.2019', '13.05.2019', 1, 11.6, 0.0045, 2, 11.28, 56.49, 6, 15, 49, 4, 5, 390, 9, 2, 3, NULL, 7, 101),
(1298, 'C:\\GENIE2K\\REPFILES\\KO.RPT', '', '11.04.2019', '13.05.2019', 1, 0.912, 3.35, 2, 3.94, 137, 1, 9, 9, 1, 2, 507, 8, 3, 3, NULL, 3, NULL),
(1299, 'C:\\GENIE2K\\REPFILES\\KO.RPT', '', '11.04.2019', '13.05.2019', 1, 1.29, 3.35, 2, 1.32, 32.1, 1, 9, 30, 1, 2, 507, 8, 3, 3, NULL, 3, NULL),
(1300, 'C:\\GENIE2K\\REPFILES\\KO.RPT', '', '11.04.2019', '13.05.2019', 1, 5.88, 3.35, 2, 396, 14900, 1, 9, 31, 1, 2, 507, 8, 3, 3, NULL, 3, NULL),
(1301, 'C:\\GENIE2K\\REPFILES\\KO.RPT', '', '11.04.2019', '13.05.2019', 0, 1.69, 3.35, 2, 0, 0, 1, 9, 5, 1, 2, 507, 8, 3, 3, NULL, 3, NULL),
(1302, 'C:\\GENIE2K\\REPFILES\\KO.RPT', '', '11.04.2019', '13.05.2019', 0, 2.47, 3.35, 2, 0, 0, 1, 9, 24, 1, 2, 507, 8, 3, 3, NULL, 3, NULL),
(1303, 'C:\\GENIE2K\\REPFILES\\KO.RPT', '', '11.04.2019', '13.05.2019', 0, 13.9, 3.35, 2, 0, 0, 1, 9, 45, 1, 2, 507, 8, 3, 3, NULL, 3, NULL),
(1304, 'C:\\GENIE2K\\REPFILES\\Смола.RPT', '', '11.04.2019', '13.05.2019', 1, 7.23, 2.01, 2, 34.1, 910, 1, 9, 9, 1, 2, 508, 8, 3, 3, NULL, 3, NULL),
(1305, 'C:\\GENIE2K\\REPFILES\\Смола.RPT', '', '11.04.2019', '13.05.2019', 1, 15.1, 2.01, 2, 16.4, 340, 1, 9, 30, 1, 2, 508, 8, 3, 3, NULL, 3, NULL),
(1306, 'C:\\GENIE2K\\REPFILES\\Смола.RPT', '', '11.04.2019', '13.05.2019', 1, 69.9, 2.01, 2, 2940, 101000, 1, 9, 31, 1, 2, 508, 8, 3, 3, NULL, 3, NULL),
(1307, 'C:\\GENIE2K\\REPFILES\\Смола.RPT', '', '11.04.2019', '13.05.2019', 0, 18.8, 2.01, 2, 0, 0, 1, 9, 5, 1, 2, 508, 8, 3, 3, NULL, 3, NULL),
(1308, 'C:\\GENIE2K\\REPFILES\\Смола.RPT', '', '11.04.2019', '13.05.2019', 0, 21.4, 2.01, 2, 0, 0, 1, 9, 24, 1, 2, 508, 8, 3, 3, NULL, 3, NULL),
(1309, 'C:\\GENIE2K\\REPFILES\\Смола.RPT', '', '11.04.2019', '13.05.2019', 0, 145, 2.01, 2, 0, 0, 1, 9, 45, 1, 2, 508, 8, 3, 3, NULL, 3, NULL),
(1310, 'C:\\GENIE2K\\REPFILES\\Шлам.RPT', '', '11.04.2019', '13.05.2019', 1, 5.6, 2.01, 2, 124, 4720, 1, 9, 9, 1, 2, 509, 8, 3, 3, NULL, 3, NULL),
(1311, 'C:\\GENIE2K\\REPFILES\\Шлам.RPT', '', '11.04.2019', '13.05.2019', 1, 9.91, 2.01, 2, 2.16, 35.4, 1, 9, 30, 1, 2, 509, 8, 3, 3, NULL, 3, NULL),
(1312, 'C:\\GENIE2K\\REPFILES\\Шлам.RPT', '', '11.04.2019', '13.05.2019', 1, 11.7, 2.01, 2, 178, 6070, 1, 9, 31, 1, 2, 509, 8, 3, 3, NULL, 3, NULL),
(1313, 'C:\\GENIE2K\\REPFILES\\Шлам.RPT', '', '11.04.2019', '13.05.2019', 1, 18.1, 2.01, 2, 3.83, 20.1, 1, 9, 45, 1, 2, 509, 8, 3, 3, NULL, 3, NULL),
(1314, 'C:\\GENIE2K\\REPFILES\\Шлам.RPT', '', '11.04.2019', '13.05.2019', 0, 11.4, 2.01, 2, 0, 0, 1, 9, 5, 1, 2, 509, 8, 3, 3, NULL, 3, NULL),
(1315, 'C:\\GENIE2K\\REPFILES\\Шлам.RPT', '', '11.04.2019', '13.05.2019', 0, 8.07, 2.01, 2, 0, 0, 1, 9, 24, 1, 2, 509, 8, 3, 3, NULL, 3, NULL),
(1316, 'C:\\GENIE2K\\REPFILES\\Шлам.RPT', '', '11.04.2019', '13.05.2019', 1, 11.7, 2.01, 2, 0, 0, 1, 9, 22, 1, 1, 509, 8, 3, 3, NULL, 3, NULL),
(1317, '', '13.05.2019', '15.05.2019', '15.05.2019', 1, 4.61, 0.009, 2, 0, 0, 3, 3, 47, 8, 4, 485, 7, 3, 3, NULL, 7, 105),
(1318, '', '13.05.2019', '15.05.2019', '15.05.2019', 1, 4.62, 0.009, 2, 0, 0, 3, 3, 47, 8, 4, 486, 7, 3, 3, NULL, 7, 105),
(1319, '', '13.05.2019', '15.05.2019', '15.05.2019', 1, 4.66, 0.009, 2, 0, 0, 3, 3, 47, 8, 4, 487, 7, 3, 3, NULL, 7, 105),
(1320, '', '13.05.2019', '15.05.2019', '15.05.2019', 1, 4.73, 0.009, 2, 3.46, 12.8, 3, 3, 47, 8, 4, 488, 7, 3, 3, NULL, 7, 105),
(1321, '', '13.05.2019', '15.05.2019', '15.05.2019', 1, 4.56, 0.009, 2, 0, 0, 3, 3, 47, 8, 4, 489, 7, 3, 3, NULL, 7, 105),
(1322, '', '13.05.2019', '15.05.2019', '15.05.2019', 1, 4.61, 0.009, 2, 30.3, 349, 3, 3, 47, 8, 4, 490, 7, 3, 3, NULL, 7, 105),
(1323, '', '13.05.2019', '15.05.2019', '15.05.2019', 1, 4.72, 0.009, 2, 195, 2350, 3, 3, 47, 8, 4, 491, 7, 3, 3, NULL, 7, 105),
(1324, '', '13.05.2019', '15.05.2019', '15.05.2019', 1, 4.62, 0.009, 2, 8.35, 79.6, 3, 3, 47, 8, 4, 492, 7, 3, 3, NULL, 7, 105),
(1325, '', '13.05.2019', '15.05.2019', '15.05.2019', 1, 4.65, 0.009, 2, 0, 0, 3, 3, 47, 8, 4, 493, 7, 3, 3, NULL, 7, 105),
(1326, '', '13.05.2019', '15.05.2019', '15.05.2019', 1, 4.69, 0.009, 2, 0, 0, 3, 3, 47, 8, 4, 494, 7, 3, 3, NULL, 7, 105),
(1327, '', '13.05.2019', '15.05.2019', '15.05.2019', 1, 4.64, 0.009, 2, 0, 0, 3, 3, 47, 8, 4, 495, 7, 3, 3, NULL, 7, 105),
(1328, '', '13.05.2019', '15.05.2019', '15.05.2019', 1, 4.72, 0.009, 2, 0, 0, 3, 3, 47, 8, 4, 496, 7, 3, 3, NULL, 7, 105),
(1329, '', '13.05.2019', '15.05.2019', '15.05.2019', 1, 4.74, 0.009, 2, 0, 0, 3, 3, 47, 8, 4, 497, 7, 3, 3, NULL, 7, 105),
(1330, '', '13.05.2019', '15.05.2019', '15.05.2019', 1, 4.67, 0.009, 2, 0, 0, 3, 3, 47, 8, 4, 498, 7, 3, 3, NULL, 7, 105),
(1331, '', '13.05.2019', '16.05.2019', '16.05.2019', 1, 4.62, 0.009, 2, 0, 0, 3, 3, 47, 8, 4, 499, 7, 2, 3, NULL, 7, 106),
(1332, '', '13.05.2019', '16.05.2019', '16.05.2019', 1, 4.63, 0.009, 2, 0, 0, 3, 3, 47, 8, 4, 500, 7, 2, 3, NULL, 7, 106),
(1333, '', '13.05.2019', '16.05.2019', '16.05.2019', 1, 4.65, 0.009, 2, 0, 0, 3, 3, 47, 8, 4, 501, 7, 2, 3, NULL, 7, 106),
(1334, '', '13.05.2019', '16.05.2019', '16.05.2019', 1, 4.58, 0.009, 2, 0, 0, 3, 3, 47, 8, 4, 502, 7, 2, 3, NULL, 7, 106),
(1335, '', '13.05.2019', '16.05.2019', '16.05.2019', 1, 4.64, 0.009, 2, 0, 0, 3, 3, 47, 8, 4, 503, 7, 2, 3, NULL, 7, 106),
(1336, '', '13.05.2019', '16.05.2019', '16.05.2019', 1, 4.72, 0.009, 2, 0, 0, 3, 3, 47, 8, 4, 504, 7, 2, 3, NULL, 7, 106),
(1337, '', '13.05.2019', '16.05.2019', '16.05.2019', 1, 4.62, 0.009, 2, 0, 0, 3, 3, 47, 8, 4, 505, 7, 2, 3, NULL, 7, 106),
(1338, '', '13.05.2019', '16.05.2019', '16.05.2019', 1, 4.64, 0.009, 2, 0, 0, 3, 3, 47, 8, 4, 506, 7, 2, 3, NULL, 7, 106),
(1339, '', '15.05.2019', '16.05.2019', '16.05.2019', 1, 4.69, 0.009, 2, 5.64, 44.2, 3, 3, 47, 8, 4, 510, 7, 2, 3, NULL, 7, 107),
(1340, '', '15.05.2019', '16.05.2019', '16.05.2019', 1, 4.83, 0.009, 2, 0, 0, 3, 3, 47, 8, 4, 511, 7, 2, 3, NULL, 7, 107),
(1341, '', '15.05.2019', '16.05.2019', '16.05.2019', 1, 4.58, 0.009, 2, 0, 0, 3, 3, 47, 8, 4, 512, 7, 2, 3, NULL, 7, 107),
(1342, '', '15.05.2019', '16.05.2019', '16.05.2019', 1, 4.69, 0.009, 2, 0, 0, 3, 3, 47, 8, 4, 513, 7, 2, 3, NULL, 7, 107),
(1343, '', '15.05.2019', '16.05.2019', '16.05.2019', 1, 4.57, 0.009, 2, 0, 0, 3, 3, 47, 8, 4, 514, 7, 2, 3, NULL, 7, 107),
(1344, '', '15.05.2019', '16.05.2019', '16.05.2019', 1, 4.47, 0.009, 2, 0, 0, 3, 3, 47, 8, 4, 515, 7, 2, 3, NULL, 7, 107),
(1345, '', '15.05.2019', '16.05.2019', '16.05.2019', 1, 4.74, 0.009, 2, 0, 0, 3, 3, 47, 8, 4, 517, 7, 2, 3, NULL, 7, 107),
(1346, '', '15.05.2019', '16.05.2019', '16.05.2019', 1, 4.65, 0.009, 2, 0, 0, 3, 3, 47, 8, 4, 518, 7, 2, 3, NULL, 7, 107),
(1347, '', '15.05.2019', '16.05.2019', '16.05.2019', 1, 4.71, 0.009, 2, 4.35, 26.4, 3, 3, 47, 8, 4, 516, 7, 2, 3, NULL, 7, 107),
(1348, 'C:\\GENIE2K\\REPFILES\\3936-1.RPT', '', '06.06.2019', '06.06.2019', 1, 0.0294, 1, 2, 0.11, 0.573, NULL, 9, 9, 1, 1, 525, 10, 3, 3, NULL, 3, NULL),
(1349, 'C:\\GENIE2K\\REPFILES\\3936-1.RPT', '', '06.06.2019', '06.06.2019', 1, 0.212, 1, 2, 0.117, 0.475, NULL, 9, 31, 1, 1, 525, 10, 3, 3, NULL, 3, NULL),
(1350, 'C:\\GENIE2K\\REPFILES\\3936-1.RPT', '', '06.06.2019', '06.06.2019', 0, 0.207, 1, 2, 0, 0, NULL, 9, 5, 1, 1, 525, 10, 3, 3, NULL, 3, NULL),
(1351, 'C:\\GENIE2K\\REPFILES\\3936-1.RPT', '', '06.06.2019', '06.06.2019', 0, 0.297, 1, 2, 0, 0, NULL, 9, 24, 1, 1, 525, 10, 3, 3, NULL, 3, NULL),
(1352, 'C:\\GENIE2K\\REPFILES\\3936-1.RPT', '', '06.06.2019', '06.06.2019', 0, 0.196, 1, 2, 0, 0, NULL, 9, 30, 1, 1, 525, 10, 3, 3, NULL, 3, NULL),
(1353, 'C:\\GENIE2K\\REPFILES\\3936-1.RPT', '', '06.06.2019', '06.06.2019', 0, 0.395, 1, 2, 0, 0, NULL, 9, 45, 1, 1, 525, 10, 3, 3, NULL, 3, NULL),
(1354, 'C:\\GENIE2K\\REPFILES\\3936-2.RPT', '', '06.06.2019', '06.06.2019', 0, 0.18, 1, 2, 0, 0, NULL, 9, 5, 1, 1, 526, 10, 3, 3, NULL, 3, NULL),
(1355, 'C:\\GENIE2K\\REPFILES\\3936-2.RPT', '', '06.06.2019', '06.06.2019', 1, 0.293, 1, 2, 0, 0, NULL, 9, 9, 1, 1, 526, 10, 3, 3, NULL, 3, NULL),
(1356, 'C:\\GENIE2K\\REPFILES\\3936-2.RPT', '', '06.06.2019', '06.06.2019', 0, 0.18, 1, 2, 0, 0, NULL, 9, 24, 1, 1, 526, 10, 3, 3, NULL, 3, NULL),
(1357, 'C:\\GENIE2K\\REPFILES\\3936-2.RPT', '', '06.06.2019', '06.06.2019', 0, 0.179, 1, 2, 0, 0, NULL, 9, 30, 1, 1, 526, 10, 3, 3, NULL, 3, NULL),
(1358, 'C:\\GENIE2K\\REPFILES\\3936-2.RPT', '', '06.06.2019', '06.06.2019', 1, 0.204, 1, 2, 0, 0, NULL, 9, 31, 1, 1, 526, 10, 3, 3, NULL, 3, NULL),
(1359, 'C:\\GENIE2K\\REPFILES\\3936-2.RPT', '', '06.06.2019', '06.06.2019', 0, 0.321, 1, 2, 0, 0, NULL, 9, 45, 1, 1, 526, 10, 3, 3, NULL, 3, NULL),
(1360, 'C:\\GENIE2K\\REPFILES\\3936-3.RPT', '', '06.06.2019', '06.06.2019', 1, 0.168, 1, 2, 0.237, 2.58, NULL, 9, 9, 1, 1, 527, 10, 3, 3, NULL, 3, NULL),
(1361, 'C:\\GENIE2K\\REPFILES\\3936-3.RPT', '', '06.06.2019', '06.06.2019', 1, 0.159, 1, 2, 0.0919, 0.304, NULL, 9, 31, 1, 1, 527, 10, 3, 3, NULL, 3, NULL),
(1362, 'C:\\GENIE2K\\REPFILES\\3936-3.RPT', '', '06.06.2019', '06.06.2019', 0, 0.219, 1, 2, 0, 0, NULL, 9, 5, 1, 1, 527, 10, 3, 3, NULL, 3, NULL),
(1363, 'C:\\GENIE2K\\REPFILES\\3936-3.RPT', '', '06.06.2019', '06.06.2019', 0, 0.275, 1, 2, 0, 0, NULL, 9, 24, 1, 1, 527, 10, 3, 3, NULL, 3, NULL),
(1364, 'C:\\GENIE2K\\REPFILES\\3936-3.RPT', '', '06.06.2019', '06.06.2019', 0, 0.208, 1, 2, 0, 0, NULL, 9, 30, 1, 1, 527, 10, 3, 3, NULL, 3, NULL),
(1365, 'C:\\GENIE2K\\REPFILES\\3936-3.RPT', '', '06.06.2019', '06.06.2019', 0, 0.378, 1, 2, 0, 0, NULL, 9, 45, 1, 1, 527, 10, 3, 3, NULL, 3, NULL),
(1366, 'C:\\GENIE2K\\REPFILES\\3936-4.RPT', '', '06.06.2019', '06.06.2019', 0, 0.183, 1, 2, 0, 0, NULL, 9, 5, 1, 1, 528, 10, 3, 3, NULL, 3, NULL),
(1367, 'C:\\GENIE2K\\REPFILES\\3936-4.RPT', '', '06.06.2019', '06.06.2019', 1, 0.354, 1, 2, 0, 0, NULL, 9, 9, 1, 1, 528, 10, 3, 3, NULL, 3, NULL),
(1368, 'C:\\GENIE2K\\REPFILES\\3936-4.RPT', '', '06.06.2019', '06.06.2019', 0, 0.221, 1, 2, 0, 0, NULL, 9, 24, 1, 1, 528, 10, 3, 3, NULL, 3, NULL),
(1369, 'C:\\GENIE2K\\REPFILES\\3936-4.RPT', '', '06.06.2019', '06.06.2019', 0, 0.203, 1, 2, 0, 0, NULL, 9, 30, 1, 1, 528, 10, 3, 3, NULL, 3, NULL),
(1370, 'C:\\GENIE2K\\REPFILES\\3936-4.RPT', '', '06.06.2019', '06.06.2019', 1, 0.241, 1, 2, 0, 0, NULL, 9, 31, 1, 1, 528, 10, 3, 3, NULL, 3, NULL),
(1371, 'C:\\GENIE2K\\REPFILES\\3936-4.RPT', '', '06.06.2019', '06.06.2019', 0, 0.356, 1, 2, 0, 0, NULL, 9, 45, 1, 1, 528, 10, 3, 3, NULL, 3, NULL),
(1372, 'C:\\GENIE2K\\REPFILES\\3935-1.RPT', '', '06.06.2019', '06.06.2019', 1, 0.0000154, 24493.5, 2, 0.0000358, 0.000454, 6, 9, 9, 1, 5, 523, 10, 3, 3, NULL, 3, NULL),
(1373, 'C:\\GENIE2K\\REPFILES\\3935-1.RPT', '', '06.06.2019', '06.06.2019', 1, 0.0000146, 24493.5, 2, 0.0000462, 0.000577, 6, 9, 31, 1, 5, 523, 10, 3, 3, NULL, 3, NULL),
(1374, 'C:\\GENIE2K\\REPFILES\\3935-1.RPT', '', '06.06.2019', '06.06.2019', 0, 0.0000143, 24493.5, 2, 0, 0, 6, 9, 5, 1, 5, 523, 10, 3, 3, NULL, 3, NULL),
(1375, 'C:\\GENIE2K\\REPFILES\\3935-1.RPT', '', '06.06.2019', '06.06.2019', 0, 0.0000225, 24493.5, 2, 0, 0, 6, 9, 24, 1, 5, 523, 10, 3, 3, NULL, 3, NULL),
(1376, 'C:\\GENIE2K\\REPFILES\\3935-1.RPT', '', '06.06.2019', '06.06.2019', 0, 0.0000116, 24493.5, 2, 0, 0, 6, 9, 30, 1, 5, 523, 10, 3, 3, NULL, 3, NULL),
(1377, 'C:\\GENIE2K\\REPFILES\\3935-1.RPT', '', '06.06.2019', '06.06.2019', 0, 0.0000323, 24493.5, 2, 0, 0, 6, 9, 45, 1, 5, 523, 10, 3, 3, NULL, 3, NULL),
(1378, 'C:\\GENIE2K\\REPFILES\\3935-2.RPT', '', '06.06.2019', '06.06.2019', 1, 0.00000874, 25129.7, 2, 0.0000129, 0.000132, 6, 9, 9, 1, 5, 524, 10, 3, 3, NULL, 3, NULL),
(1379, 'C:\\GENIE2K\\REPFILES\\3935-2.RPT', '', '06.06.2019', '06.06.2019', 1, 0.0000097, 25129.7, 2, 0.0000723, 0.000948, 6, 9, 31, 1, 5, 524, 10, 3, 3, NULL, 3, NULL),
(1380, 'C:\\GENIE2K\\REPFILES\\3935-2.RPT', '', '06.06.2019', '06.06.2019', 0, 0.0000112, 25129.7, 2, 0, 0, 6, 9, 5, 1, 5, 524, 10, 3, 3, NULL, 3, NULL),
(1381, 'C:\\GENIE2K\\REPFILES\\3935-2.RPT', '', '06.06.2019', '06.06.2019', 0, 0.0000145, 25129.7, 2, 0, 0, 6, 9, 24, 1, 5, 524, 10, 3, 3, NULL, 3, NULL),
(1382, 'C:\\GENIE2K\\REPFILES\\3935-2.RPT', '', '06.06.2019', '06.06.2019', 0, 0.0000107, 25129.7, 2, 0, 0, 6, 9, 30, 1, 5, 524, 10, 3, 3, NULL, 3, NULL),
(1383, 'C:\\GENIE2K\\REPFILES\\3935-2.RPT', '', '06.06.2019', '06.06.2019', 0, 0.0000273, 25129.7, 2, 0, 0, 6, 9, 45, 1, 5, 524, 10, 3, 3, NULL, 3, NULL),
(1384, 'C:\\GENIE2K\\REPFILES\\3934-1.RPT', '', '05.06.2019', '07.06.2019', 1, 258, 0.001, 2, 763, 20800, 6, 9, 31, 1, 5, 521, 10, 3, 3, NULL, 4, NULL),
(1385, 'C:\\GENIE2K\\REPFILES\\3934-1.RPT', '', '05.06.2019', '07.06.2019', 0, 214, 0.001, 2, 0, 0, 6, 9, 5, 1, 5, 521, 10, 3, 3, NULL, 4, NULL),
(1386, 'C:\\GENIE2K\\REPFILES\\3934-1.RPT', '', '05.06.2019', '07.06.2019', 1, 226, 0.001, 2, 0, 0, 6, 9, 9, 1, 5, 521, 10, 3, 3, NULL, 4, NULL),
(1387, 'C:\\GENIE2K\\REPFILES\\3934-1.RPT', '', '05.06.2019', '07.06.2019', 0, 270, 0.001, 2, 0, 0, 6, 9, 24, 1, 5, 521, 10, 3, 3, NULL, 4, NULL),
(1388, 'C:\\GENIE2K\\REPFILES\\3934-1.RPT', '', '05.06.2019', '07.06.2019', 0, 229, 0.001, 2, 0, 0, 6, 9, 30, 1, 5, 521, 10, 3, 3, NULL, 4, NULL),
(1389, 'C:\\GENIE2K\\REPFILES\\3934-1.RPT', '', '05.06.2019', '07.06.2019', 0, 828, 0.001, 2, 0, 0, 6, 9, 45, 1, 5, 521, 10, 3, 3, NULL, 4, NULL),
(1390, 'C:\\GENIE2K\\REPFILES\\3934-2.RPT', '', '07.06.2019', '07.06.2019', 0, 210, 0.001, 2, 0, 0, 6, 9, 5, 1, 5, 522, 10, 3, 3, NULL, 2, NULL),
(1391, 'C:\\GENIE2K\\REPFILES\\3934-2.RPT', '', '07.06.2019', '07.06.2019', 1, 225, 0.001, 2, 0, 0, 6, 9, 9, 1, 5, 522, 10, 3, 3, NULL, 2, NULL),
(1392, 'C:\\GENIE2K\\REPFILES\\3934-2.RPT', '', '07.06.2019', '07.06.2019', 0, 234, 0.001, 2, 0, 0, 6, 9, 24, 1, 5, 522, 10, 3, 3, NULL, 2, NULL),
(1393, 'C:\\GENIE2K\\REPFILES\\3934-2.RPT', '', '07.06.2019', '07.06.2019', 0, 223, 0.001, 2, 0, 0, 6, 9, 30, 1, 5, 522, 10, 3, 3, NULL, 2, NULL),
(1394, 'C:\\GENIE2K\\REPFILES\\3934-2.RPT', '', '07.06.2019', '07.06.2019', 1, 251, 0.001, 2, 0, 0, 6, 9, 31, 1, 5, 522, 10, 3, 3, NULL, 2, NULL),
(1395, 'C:\\GENIE2K\\REPFILES\\3934-2.RPT', '', '07.06.2019', '07.06.2019', 0, 1080, 0.001, 2, 0, 0, 6, 9, 45, 1, 5, 522, 10, 3, 3, NULL, 2, NULL),
(1396, 'C:\\GENIE2K\\REPFILES\\3933-1.RPT', '', '04.06.2019', '07.06.2019', 0, 0.0000207, 1562.4, 2, 0, 0, 6, 9, 5, 1, 5, 529, 10, 2, 3, NULL, 3, NULL),
(1397, 'C:\\GENIE2K\\REPFILES\\3933-1.RPT', '', '04.06.2019', '07.06.2019', 1, 0.0000245, 1562.4, 2, 0, 0, 6, 9, 9, 1, 5, 529, 10, 2, 3, NULL, 3, NULL),
(1398, 'C:\\GENIE2K\\REPFILES\\3933-1.RPT', '', '04.06.2019', '07.06.2019', 0, 0.0000206, 1562.4, 2, 0, 0, 6, 9, 24, 1, 5, 529, 10, 2, 3, NULL, 3, NULL),
(1399, 'C:\\GENIE2K\\REPFILES\\3933-1.RPT', '', '04.06.2019', '07.06.2019', 0, 0.0000216, 1562.4, 2, 0, 0, 6, 9, 30, 1, 5, 529, 10, 2, 3, NULL, 3, NULL),
(1400, 'C:\\GENIE2K\\REPFILES\\3933-1.RPT', '', '04.06.2019', '07.06.2019', 1, 0.0000216, 1562.4, 2, 0, 0, 6, 9, 31, 1, 5, 529, 10, 2, 3, NULL, 3, NULL),
(1401, 'C:\\GENIE2K\\REPFILES\\3933-1.RPT', '', '04.06.2019', '07.06.2019', 0, 0.0000423, 1562.4, 2, 0, 0, 6, 9, 45, 1, 5, 529, 10, 2, 3, NULL, 3, NULL),
(1402, 'C:\\GENIE2K\\REPFILES\\3932-1.RPT', '', '31.05.2019', '07.06.2019', 0, 0.208, 1, 2, 0, 0, 3, 9, 5, 1, 4, 559, 10, 2, 3, NULL, 3, NULL),
(1403, 'C:\\GENIE2K\\REPFILES\\3932-1.RPT', '', '31.05.2019', '07.06.2019', 1, 0.224, 1, 2, 0, 0, 3, 9, 9, 1, 4, 559, 10, 2, 3, NULL, 3, NULL),
(1404, 'C:\\GENIE2K\\REPFILES\\3932-1.RPT', '', '31.05.2019', '07.06.2019', 0, 0.202, 1, 2, 0, 0, 3, 9, 24, 1, 4, 559, 10, 2, 3, NULL, 3, NULL),
(1405, 'C:\\GENIE2K\\REPFILES\\3932-1.RPT', '', '31.05.2019', '07.06.2019', 0, 0.251, 1, 2, 0, 0, 3, 9, 30, 1, 4, 559, 10, 2, 3, NULL, 3, NULL),
(1406, 'C:\\GENIE2K\\REPFILES\\3932-1.RPT', '', '31.05.2019', '07.06.2019', 1, 0.229, 1, 2, 0, 0, 3, 9, 31, 1, 4, 559, 10, 2, 3, NULL, 3, NULL),
(1407, 'C:\\GENIE2K\\REPFILES\\3932-1.RPT', '', '31.05.2019', '07.06.2019', 0, 0.808, 1, 2, 0, 0, 3, 9, 45, 1, 4, 559, 10, 2, 3, NULL, 3, NULL),
(1408, 'C:\\GENIE2K\\REPFILES\\3916-1.RPT', '', '28.05.2019', '07.06.2019', 0, 0.19, 1, 2, 0, 0, 3, 9, 5, 1, 4, 519, 10, 2, 3, NULL, 4, NULL),
(1409, 'C:\\GENIE2K\\REPFILES\\3916-1.RPT', '', '28.05.2019', '07.06.2019', 1, 0.205, 1, 2, 0, 0, 3, 9, 9, 1, 4, 519, 10, 2, 3, NULL, 4, NULL),
(1410, 'C:\\GENIE2K\\REPFILES\\3916-1.RPT', '', '28.05.2019', '07.06.2019', 0, 0.197, 1, 2, 0, 0, 3, 9, 24, 1, 4, 519, 10, 2, 3, NULL, 4, NULL),
(1411, 'C:\\GENIE2K\\REPFILES\\3916-1.RPT', '', '28.05.2019', '07.06.2019', 0, 0.194, 1, 2, 0, 0, 3, 9, 30, 1, 4, 519, 10, 2, 3, NULL, 4, NULL),
(1412, 'C:\\GENIE2K\\REPFILES\\3916-1.RPT', '', '28.05.2019', '07.06.2019', 1, 0.235, 1, 2, 0, 0, 3, 9, 31, 1, 4, 519, 10, 2, 3, NULL, 4, NULL),
(1413, 'C:\\GENIE2K\\REPFILES\\3916-1.RPT', '', '28.05.2019', '07.06.2019', 0, 0.697, 1, 2, 0, 0, 3, 9, 45, 1, 4, 519, 10, 2, 3, NULL, 4, NULL),
(1414, 'C:\\GENIE2K\\REPFILES\\3916-2.RPT', '', '17.05.2019', '07.06.2019', 1, 0.234, 1, 2, 0.131, 1.15, 3, 9, 31, 1, 4, 520, 10, 2, 3, NULL, 2, NULL),
(1415, 'C:\\GENIE2K\\REPFILES\\3916-2.RPT', '', '17.05.2019', '07.06.2019', 0, 0.205, 1, 2, 0, 0, 3, 9, 5, 1, 4, 520, 10, 2, 3, NULL, 2, NULL),
(1416, 'C:\\GENIE2K\\REPFILES\\3916-2.RPT', '', '17.05.2019', '07.06.2019', 1, 0.199, 1, 2, 0, 0, 3, 9, 9, 1, 4, 520, 10, 2, 3, NULL, 2, NULL),
(1417, 'C:\\GENIE2K\\REPFILES\\3916-2.RPT', '', '17.05.2019', '07.06.2019', 0, 0.284, 1, 2, 0, 0, 3, 9, 24, 1, 4, 520, 10, 2, 3, NULL, 2, NULL),
(1418, 'C:\\GENIE2K\\REPFILES\\3916-2.RPT', '', '17.05.2019', '07.06.2019', 0, 0.225, 1, 2, 0, 0, 3, 9, 30, 1, 4, 520, 10, 2, 3, NULL, 2, NULL),
(1419, 'C:\\GENIE2K\\REPFILES\\3916-2.RPT', '', '17.05.2019', '07.06.2019', 0, 1.15, 1, 2, 0, 0, 3, 9, 45, 1, 4, 520, 10, 2, 3, NULL, 2, NULL),
(1420, 'C:\\GENIE2K\\REPFILES\\3925-1.RPT', '', '28.05.2019', '07.06.2019', 0, 0.205, 1, 2, 0, 0, 3, 9, 5, 1, 4, 560, 10, 2, 3, NULL, 2, NULL),
(1421, 'C:\\GENIE2K\\REPFILES\\3925-1.RPT', '', '28.05.2019', '07.06.2019', 1, 0.2, 1, 2, 0, 0, 3, 9, 9, 1, 4, 560, 10, 2, 3, NULL, 2, NULL),
(1422, 'C:\\GENIE2K\\REPFILES\\3925-1.RPT', '', '28.05.2019', '07.06.2019', 0, 0.197, 1, 2, 0, 0, 3, 9, 24, 1, 4, 560, 10, 2, 3, NULL, 2, NULL),
(1423, 'C:\\GENIE2K\\REPFILES\\3925-1.RPT', '', '28.05.2019', '07.06.2019', 0, 0.235, 1, 2, 0, 0, 3, 9, 30, 1, 4, 560, 10, 2, 3, NULL, 2, NULL),
(1424, 'C:\\GENIE2K\\REPFILES\\3925-1.RPT', '', '28.05.2019', '07.06.2019', 1, 0.214, 1, 2, 0, 0, 3, 9, 31, 1, 4, 560, 10, 2, 3, NULL, 2, NULL),
(1425, 'C:\\GENIE2K\\REPFILES\\3925-1.RPT', '', '28.05.2019', '07.06.2019', 0, 1.13, 1, 2, 0, 0, 3, 9, 45, 1, 4, 560, 10, 2, 3, NULL, 2, NULL),
(1426, '', '07.06.2019', '10.06.2019', '10.06.2019', 1, 4.45, 0.009, 2, 0, 0, 3, 3, 47, 8, 4, 530, 5, 3, 3, NULL, 8, 114),
(1427, '', '07.06.2019', '10.06.2019', '10.06.2019', 1, 4.46, 0.009, 2, 0, 0, 3, 3, 47, 8, 4, 531, 5, 3, 3, NULL, 8, 114),
(1428, '', '07.06.2019', '10.06.2019', '10.06.2019', 1, 4.52, 0.009, 2, 0, 0, 3, 3, 47, 8, 4, 532, 5, 3, 3, NULL, 8, 114),
(1429, '', '07.06.2019', '10.06.2019', '10.06.2019', 1, 4.54, 0.009, 2, 0, 0, 3, 3, 47, 8, 4, 533, 5, 3, 3, NULL, 8, 114),
(1430, '', '07.06.2019', '10.06.2019', '10.06.2019', 1, 4.43, 0.009, 2, 33.3, 383, 3, 3, 47, 8, 4, 534, 5, 3, 3, NULL, 8, 114),
(1431, '', '07.06.2019', '10.06.2019', '10.06.2019', 1, 4.52, 0.009, 2, 79.5, 949, 3, 3, 47, 8, 4, 535, 5, 3, 3, NULL, 8, 114),
(1432, '', '07.06.2019', '10.06.2019', '10.06.2019', 1, 4.6, 0.009, 2, 5.51, 39, 3, 3, 47, 8, 4, 536, 5, 3, 3, NULL, 8, 114),
(1433, '', '07.06.2019', '10.06.2019', '10.06.2019', 1, 4.62, 0.009, 2, 27.2, 307, 3, 3, 47, 8, 4, 537, 5, 3, 3, NULL, 8, 114),
(1434, '', '07.06.2019', '10.06.2019', '10.06.2019', 1, 4.58, 0.009, 2, 26.9, 304, 3, 3, 47, 8, 4, 538, 5, 3, 3, NULL, 8, 114),
(1435, '', '07.06.2019', '10.06.2019', '10.06.2019', 1, 4.53, 0.009, 2, 0, 0, 3, 3, 47, 8, 4, 539, 5, 3, 3, NULL, 8, 114),
(1436, '', '07.06.2019', '10.06.2019', '10.06.2019', 1, 4.53, 0.009, 2, 3.3, 10.1, 3, 3, 47, 8, 4, 540, 5, 3, 3, NULL, 8, 114),
(1437, '', '07.06.2019', '10.06.2019', '10.06.2019', 1, 4.26, 0.009, 2, 0, 0, 3, 3, 47, 8, 4, 541, 5, 3, 3, NULL, 8, 114),
(1438, '', '07.06.2019', '10.06.2019', '10.06.2019', 1, 4.47, 0.009, 2, 0, 0, 3, 3, 47, 8, 4, 542, 5, 3, 3, NULL, 8, 114),
(1439, '', '07.06.2019', '10.06.2019', '10.06.2019', 1, 4.43, 0.009, 2, 0, 0, 3, 3, 47, 8, 4, 543, 5, 3, 3, NULL, 8, 114),
(1440, '', '07.06.2019', '10.06.2019', '10.06.2019', 1, 4.57, 0.009, 2, 0, 0, 3, 3, 47, 8, 4, 544, 5, 3, 3, NULL, 8, 114),
(1441, '', '07.06.2019', '10.06.2019', '10.06.2019', 1, 4.48, 0.009, 2, 0, 0, 3, 3, 47, 8, 4, 545, 5, 3, 3, NULL, 8, 114),
(1442, '', '07.06.2019', '10.06.2019', '10.06.2019', 1, 4.47, 0.009, 2, 0, 0, 3, 3, 47, 8, 4, 546, 5, 3, 3, NULL, 8, 114),
(1443, '', '07.06.2019', '10.06.2019', '10.06.2019', 1, 4.51, 0.009, 2, 0, 0, 3, 3, 47, 8, 4, 547, 5, 3, 3, NULL, 8, 114),
(1444, '', '07.06.2019', '10.06.2019', '10.06.2019', 1, 4.47, 0.009, 2, 0, 0, 3, 3, 47, 8, 4, 548, 5, 3, 3, NULL, 8, 114),
(1445, '', '07.06.2019', '10.06.2019', '10.06.2019', 1, 4.53, 0.009, 2, 0, 0, 3, 3, 47, 8, 4, 549, 5, 3, 3, NULL, 8, 114),
(1446, '', '07.06.2019', '10.06.2019', '10.06.2019', 1, 0.00725, 0.009, 2, 0.0135, 0.141, 2, 3, 47, 8, 3, 550, 5, 3, 3, NULL, 8, 115),
(1447, '', '07.06.2019', '10.06.2019', '10.06.2019', 1, 0.00713, 0.009, 2, 0.0133, 0.139, 2, 3, 47, 8, 3, 551, 5, 3, 3, NULL, 8, 115),
(1448, '', '07.06.2019', '10.06.2019', '10.06.2019', 1, 0.00737, 0.009, 2, 0.0153, 0.163, 2, 3, 47, 8, 3, 552, 5, 3, 3, NULL, 8, 115),
(1449, '', '07.06.2019', '10.06.2019', '10.06.2019', 1, 0.00732, 0.009, 2, 0.0163, 0.175, 2, 3, 47, 8, 3, 553, 5, 3, 3, NULL, 8, 115),
(1450, 'C:\\GENIE2K\\REPFILES\\3941-1.RPT', '', '11.06.2019', '11.06.2019', 0, 0.206, 1, 2, 0, 0, 3, 9, 5, 1, 4, 561, 7, 3, 3, NULL, 2, NULL),
(1451, 'C:\\GENIE2K\\REPFILES\\3941-1.RPT', '', '11.06.2019', '11.06.2019', 1, 0.214, 1, 2, 0, 0, 3, 9, 9, 1, 4, 561, 7, 3, 3, NULL, 2, NULL),
(1452, 'C:\\GENIE2K\\REPFILES\\3941-1.RPT', '', '11.06.2019', '11.06.2019', 0, 0.189, 1, 2, 0, 0, 3, 9, 24, 1, 4, 561, 7, 3, 3, NULL, 2, NULL),
(1453, 'C:\\GENIE2K\\REPFILES\\3941-1.RPT', '', '11.06.2019', '11.06.2019', 0, 0.227, 1, 2, 0, 0, 3, 9, 30, 1, 4, 561, 7, 3, 3, NULL, 2, NULL),
(1454, 'C:\\GENIE2K\\REPFILES\\3941-1.RPT', '', '11.06.2019', '11.06.2019', 1, 0.219, 1, 2, 0, 0, 3, 9, 31, 1, 4, 561, 7, 3, 3, NULL, 2, NULL),
(1455, 'C:\\GENIE2K\\REPFILES\\3941-1.RPT', '', '11.06.2019', '11.06.2019', 0, 1.15, 1, 2, 0, 0, 3, 9, 45, 1, 4, 561, 7, 3, 3, NULL, 2, NULL),
(1456, '', '11.06.2019', '12.06.2019', '12.06.2019', 1, 1950, 0.009, 2, 0, 0, 6, 3, 47, 8, 5, 558, 5, 3, 4, NULL, 8, 117),
(1458, '', '30.04.2019', '20.05.2019', '13.06.2019', 1, 0.000000004017, 66897.1, 2, 0.0000006358, 0.0000068758, 6, 1, 45, 2, 5, 384, 7, 2, 3, NULL, 6, 120),
(1459, '', '30.04.2019', '20.05.2019', '13.06.2019', 1, 0.000000028, 66897.1, 2, 0.000000105, 0.00000132, 6, 1, 51, 2, 5, 384, 7, 2, 3, NULL, 5, 120),
(1460, '', '30.04.2019', '20.05.2019', '13.06.2019', 1, 0.000000000968, 66897.1, 2, 0.000000242, 0.00000322, 6, 1, 52, 2, 5, 384, 7, 2, 3, NULL, 5, 120),
(1461, '', '30.04.2019', '20.05.2019', '13.06.2019', 1, 0.000000004959, 66897.1, 2, 0.000000004718, 0.0000000109, 6, 1, 53, 2, 5, 384, 7, 2, 3, NULL, 6, 120),
(1462, '', '30.04.2019', '20.05.2019', '13.06.2019', 1, 0.000000004575, 66897.1, 2, 0.00000003812, 0.0000001394, 6, 1, 54, 2, 5, 384, 7, 2, 3, NULL, 6, 120),
(1464, '', '30.04.2019', '21.05.2019', '13.06.2019', 1, 0.000000002914, 82277.8, 2, 0.0000000669, 0.0000006539, 6, 1, 45, 2, 5, 385, 7, 2, 3, NULL, 6, 122),
(1465, '', '30.04.2019', '21.05.2019', '13.06.2019', 1, 0.0000000104, 82277.8, 2, 0.000000021, 0.000000194, 6, 1, 51, 2, 5, 385, 7, 2, 3, NULL, 5, 122),
(1466, '', '30.04.2019', '21.05.2019', '13.06.2019', 1, 0.000000000719, 82277.8, 2, 0.0000000289, 0.000000306, 6, 1, 52, 2, 5, 385, 7, 2, 3, NULL, 5, 122),
(1467, '', '30.04.2019', '21.05.2019', '13.06.2019', 1, 0.000000003961, 82277.8, 2, 0, 0, 6, 1, 53, 2, 5, 385, 7, 2, 3, NULL, 6, 122),
(1468, '', '30.04.2019', '21.05.2019', '13.06.2019', 1, 0.000000003177, 82277.8, 2, 0.00000001072, 0.00000006208, 6, 1, 54, 2, 5, 385, 7, 2, 3, NULL, 6, 122),
(1469, '', '30.04.2019', '20.05.2019', '13.06.2019', 1, 0.000000226, 66897.1, 2, 0.00000227, 0.00000727, 6, 1, 50, 2, 5, 384, 7, 2, 3, NULL, 8, 120),
(1470, '', '30.04.2019', '20.05.2019', '13.06.2019', 1, 0.000000201, 82277.8, 2, 0.000000948, 0.00000218, 6, 1, 50, 2, 5, 385, 7, 2, 3, NULL, 8, 122),
(1471, '', '30.04.2019', '20.05.2019', '13.06.2019', 1, 0.00000009509, 4586.4, 2, 0, 0, 6, 1, 45, 2, 5, 386, 7, 2, 3, NULL, 6, 98),
(1472, '', '30.04.2019', '20.05.2019', '13.06.2019', 1, 0.00000376, 4586.4, 2, 0, 0, 6, 1, 50, 2, 5, 386, 7, 2, 3, NULL, 8, 98),
(1473, '', '30.04.2019', '20.05.2019', '13.06.2019', 1, 0.0000001127, 4586.4, 2, 0, 0, 6, 1, 51, 2, 5, 386, 7, 2, 3, NULL, 6, 98),
(1474, '', '30.04.2019', '20.05.2019', '13.06.2019', 1, 0.0000000338, 4586.4, 2, 0, 0, 6, 1, 52, 2, 5, 386, 7, 2, 3, NULL, 6, 98),
(1475, '', '30.04.2019', '20.05.2019', '13.06.2019', 1, 0.0000001358, 4586.4, 2, 0, 0, 6, 1, 53, 2, 5, 386, 7, 2, 3, NULL, 6, 98),
(1476, '', '30.04.2019', '20.05.2019', '13.06.2019', 1, 0.0000001072, 4586.4, 2, 0, 0, 6, 1, 54, 2, 5, 386, 7, 2, 3, NULL, 6, 98),
(1477, 'C:\\GENIE2K\\REPFILES\\3947-15.RPT', '13.06.2019', '13.06.2019', '14.06.2019', 1, 0.254, 1, 2, 49.9, 223, 3, 9, 9, 1, 4, 566, 9, 3, 3, NULL, 4, NULL),
(1478, 'C:\\GENIE2K\\REPFILES\\3947-15.RPT', '13.06.2019', '13.06.2019', '14.06.2019', 1, 0.449, 1, 2, 0.306, 1.02, 3, 9, 17, 1, 4, 566, 9, 3, 3, NULL, 4, NULL),
(1479, 'C:\\GENIE2K\\REPFILES\\3947-15.RPT', '13.06.2019', '13.06.2019', '14.06.2019', 1, 0.488, 1, 2, 1.15, 4.94, 3, 9, 22, 1, 4, 566, 9, 3, 3, NULL, 4, NULL),
(1480, 'C:\\GENIE2K\\REPFILES\\3947-15.RPT', '13.06.2019', '13.06.2019', '14.06.2019', 1, 0.527, 1, 2, 0.229, 0.676, 3, 9, 30, 1, 4, 566, 9, 3, 3, NULL, 4, NULL),
(1481, 'C:\\GENIE2K\\REPFILES\\3947-15.RPT', '13.06.2019', '13.06.2019', '14.06.2019', 1, 0.625, 1, 2, 81.6, 360, 3, 9, 31, 1, 4, 566, 9, 3, 3, NULL, 4, NULL),
(1482, 'C:\\GENIE2K\\REPFILES\\3947-15.RPT', '13.06.2019', '13.06.2019', '14.06.2019', 1, 1.12, 1, 2, 0.407, 1.22, 3, 9, 37, 1, 4, 566, 9, 3, 3, NULL, 4, NULL),
(1483, 'C:\\GENIE2K\\REPFILES\\3947-15.RPT', '13.06.2019', '13.06.2019', '14.06.2019', 1, 2.53, 1, 2, 12.3, 52.3, 3, 9, 45, 1, 4, 566, 9, 3, 3, NULL, 4, NULL),
(1484, 'C:\\GENIE2K\\REPFILES\\3947-15.RPT', '13.06.2019', '13.06.2019', '14.06.2019', 0, 0.609, 1, 2, 0, 0, 3, 9, 5, 1, 4, 566, 9, 3, 3, NULL, 4, NULL),
(1485, 'C:\\GENIE2K\\REPFILES\\3947-15.RPT', '13.06.2019', '13.06.2019', '14.06.2019', 0, 0.9, 1, 2, 0, 0, 3, 9, 24, 1, 4, 566, 9, 3, 3, NULL, 4, NULL),
(1486, 'C:\\GENIE2K\\REPFILES\\3945-1.RPT', '12.06.2019', '17.06.2019', '17.06.2019', 1, 0.191, 1, 2, 0.0969, 0.889, 3, 9, 9, 1, 4, 562, 7, 3, 3, NULL, 2, NULL),
(1487, 'C:\\GENIE2K\\REPFILES\\3945-1.RPT', '12.06.2019', '17.06.2019', '17.06.2019', 0, 0.231, 1, 2, 0, 0, 3, 9, 5, 1, 4, 562, 7, 3, 3, NULL, 2, NULL),
(1488, 'C:\\GENIE2K\\REPFILES\\3945-1.RPT', '12.06.2019', '17.06.2019', '17.06.2019', 0, 0.225, 1, 2, 0, 0, 3, 9, 24, 1, 4, 562, 7, 3, 3, NULL, 2, NULL),
(1489, 'C:\\GENIE2K\\REPFILES\\3945-1.RPT', '12.06.2019', '17.06.2019', '17.06.2019', 0, 0.235, 1, 2, 0, 0, 3, 9, 30, 1, 4, 562, 7, 3, 3, NULL, 2, NULL),
(1490, 'C:\\GENIE2K\\REPFILES\\3945-1.RPT', '12.06.2019', '17.06.2019', '17.06.2019', 1, 0.232, 1, 2, 0, 0, 3, 9, 31, 1, 4, 562, 7, 3, 3, NULL, 2, NULL),
(1491, 'C:\\GENIE2K\\REPFILES\\3945-1.RPT', '12.06.2019', '17.06.2019', '17.06.2019', 0, 1.13, 1, 2, 0, 0, 3, 9, 45, 1, 4, 562, 7, 3, 3, NULL, 2, NULL),
(1492, 'C:\\GENIE2K\\REPFILES\\3945-2.RPT', '12.06.2019', '17.06.2019', '17.06.2019', 0, 0.215, 1, 2, 0, 0, 3, 9, 5, 1, 4, 563, 7, 3, 3, NULL, 2, NULL),
(1493, 'C:\\GENIE2K\\REPFILES\\3945-2.RPT', '12.06.2019', '17.06.2019', '17.06.2019', 1, 0.209, 1, 2, 0, 0, 3, 9, 9, 1, 4, 563, 7, 3, 3, NULL, 2, NULL),
(1494, 'C:\\GENIE2K\\REPFILES\\3945-2.RPT', '12.06.2019', '17.06.2019', '17.06.2019', 0, 0.22, 1, 2, 0, 0, 3, 9, 24, 1, 4, 563, 7, 3, 3, NULL, 2, NULL),
(1495, 'C:\\GENIE2K\\REPFILES\\3945-2.RPT', '12.06.2019', '17.06.2019', '17.06.2019', 0, 0.221, 1, 2, 0, 0, 3, 9, 30, 1, 4, 563, 7, 3, 3, NULL, 2, NULL),
(1496, 'C:\\GENIE2K\\REPFILES\\3945-2.RPT', '12.06.2019', '17.06.2019', '17.06.2019', 1, 0.231, 1, 2, 0, 0, 3, 9, 31, 1, 4, 563, 7, 3, 3, NULL, 2, NULL),
(1497, 'C:\\GENIE2K\\REPFILES\\3945-2.RPT', '12.06.2019', '17.06.2019', '17.06.2019', 0, 1.14, 1, 2, 0, 0, 3, 9, 45, 1, 4, 563, 7, 3, 3, NULL, 2, NULL),
(1498, 'C:\\GENIE2K\\REPFILES\\3945-3.RPT', '12.06.2019', '17.06.2019', '17.06.2019', 0, 0.217, 1, 2, 0, 0, 3, 9, 5, 1, 4, 564, 7, 3, 3, NULL, 3, NULL),
(1499, 'C:\\GENIE2K\\REPFILES\\3945-3.RPT', '12.06.2019', '17.06.2019', '17.06.2019', 1, 0.223, 1, 2, 0, 0, 3, 9, 9, 1, 4, 564, 7, 3, 3, NULL, 3, NULL),
(1500, 'C:\\GENIE2K\\REPFILES\\3945-3.RPT', '12.06.2019', '17.06.2019', '17.06.2019', 0, 0.226, 1, 2, 0, 0, 3, 9, 24, 1, 4, 564, 7, 3, 3, NULL, 3, NULL),
(1501, 'C:\\GENIE2K\\REPFILES\\3945-3.RPT', '12.06.2019', '17.06.2019', '17.06.2019', 0, 0.237, 1, 2, 0, 0, 3, 9, 30, 1, 4, 564, 7, 3, 3, NULL, 3, NULL),
(1502, 'C:\\GENIE2K\\REPFILES\\3945-3.RPT', '12.06.2019', '17.06.2019', '17.06.2019', 1, 0.241, 1, 2, 0, 0, 3, 9, 31, 1, 4, 564, 7, 3, 3, NULL, 3, NULL),
(1503, 'C:\\GENIE2K\\REPFILES\\3945-3.RPT', '12.06.2019', '17.06.2019', '17.06.2019', 0, 0.807, 1, 2, 0, 0, 3, 9, 45, 1, 4, 564, 7, 3, 3, NULL, 3, NULL),
(1504, 'C:\\GENIE2K\\REPFILES\\3946-1.RPT', '13.06.2019', '17.06.2019', '17.06.2019', 1, 0.282, 1, 2, 0.16, 1.49, 3, 9, 31, 1, 4, 565, 5, 3, 3, NULL, 3, NULL),
(1505, 'C:\\GENIE2K\\REPFILES\\3946-1.RPT', '13.06.2019', '17.06.2019', '17.06.2019', 0, 0.214, 1, 2, 0, 0, 3, 9, 5, 1, 4, 565, 5, 3, 3, NULL, 3, NULL),
(1506, 'C:\\GENIE2K\\REPFILES\\3946-1.RPT', '13.06.2019', '17.06.2019', '17.06.2019', 1, 0.275, 1, 2, 0, 0, 3, 9, 9, 1, 4, 565, 5, 3, 3, NULL, 3, NULL),
(1507, 'C:\\GENIE2K\\REPFILES\\3946-1.RPT', '13.06.2019', '17.06.2019', '17.06.2019', 0, 0.263, 1, 2, 0, 0, 3, 9, 24, 1, 4, 565, 5, 3, 3, NULL, 3, NULL),
(1508, 'C:\\GENIE2K\\REPFILES\\3946-1.RPT', '13.06.2019', '17.06.2019', '17.06.2019', 0, 0.228, 1, 2, 0, 0, 3, 9, 30, 1, 4, 565, 5, 3, 3, NULL, 3, NULL),
(1509, 'C:\\GENIE2K\\REPFILES\\3946-1.RPT', '13.06.2019', '17.06.2019', '17.06.2019', 0, 0.798, 1, 2, 0, 0, 3, 9, 45, 1, 4, 565, 5, 3, 3, NULL, 3, NULL),
(1510, '', '13.06.2019', '17.06.2019', '17.06.2019', 1, 0.0633, 6.9611, 2, 0.0506, 0.236, 6, 13, 46, 7, 5, 554, 5, 3, 3, NULL, 8, 126),
(1511, '', '13.06.2019', '17.06.2019', '17.06.2019', 1, 0.0584, 6.7572, 2, 0.045, 0.194, 6, 13, 46, 7, 5, 555, 5, 3, 3, NULL, 8, 126),
(1512, '', '13.06.2019', '17.06.2019', '17.06.2019', 1, 0.272, 7.3304, 2, 1.34, 11.3, 6, 13, 46, 7, 5, 556, 5, 3, 3, NULL, 8, 126),
(1513, '', '13.06.2019', '17.06.2019', '17.06.2019', 1, 0.291, 7.3305, 2, 1.45, 12.4, 6, 13, 46, 7, 5, 557, 5, 3, 3, NULL, 8, 126);
INSERT INTO `results` (`ID_RESULTS`, `BASIC_VALUE`, `DATE_CHIM_OPER`, `DATE_MEASUR`, `DATE_REDAC`, `INPROTOKOL`, `MDA`, `QUANTITY`, `SIGMA`, `UNCERTAINTY`, `VALUE_RESULT`, `DIMENSION_ID_DIMENSION`, `METODY_ID_METODY`, `NUCLIDE_ID_NUCLIDE`, `POKAZATEL_ID_POKAZATEL`, `RTAZMERNOSTI_ID_RAZMERNOSTI`, `SAMPLE_ID_SAMPLE`, `USER_CHIM_OPER_ID_USERS`, `USER_MEASUR_ID_USERS`, `USER_REDAC_ID_USERS`, `ZABELEJKI_ID_ZABELEJKI`, `TSI_ID_TSI`, `DOBIV_ID_DOBIV`) VALUES
(1514, 'C:\\GENIE2K\\REPFILES\\3949-5.RPT', '', '18.06.2019', '18.06.2019', 1, 0.00115, 171.22, 2, 0.00559, 0.0206, 1, 9, 31, 1, 2, 572, 5, 3, 3, NULL, 3, NULL),
(1515, 'C:\\GENIE2K\\REPFILES\\3949-5.RPT', '', '18.06.2019', '18.06.2019', 0, 0.00186, 171.22, 2, 0, 0, 1, 9, 5, 1, 2, 572, 5, 3, 3, NULL, 3, NULL),
(1516, 'C:\\GENIE2K\\REPFILES\\3949-5.RPT', '', '18.06.2019', '18.06.2019', 1, 0.0019, 171.22, 2, 0, 0, 1, 9, 9, 1, 2, 572, 5, 3, 3, NULL, 3, NULL),
(1517, 'C:\\GENIE2K\\REPFILES\\3949-5.RPT', '', '18.06.2019', '18.06.2019', 0, 0.00224, 171.22, 2, 0, 0, 1, 9, 24, 1, 2, 572, 5, 3, 3, NULL, 3, NULL),
(1518, 'C:\\GENIE2K\\REPFILES\\3949-5.RPT', '', '18.06.2019', '18.06.2019', 0, 0.00215, 171.22, 2, 0, 0, 1, 9, 30, 1, 2, 572, 5, 3, 3, NULL, 3, NULL),
(1519, 'C:\\GENIE2K\\REPFILES\\3949-5.RPT', '', '18.06.2019', '18.06.2019', 0, 0.00679, 171.22, 2, 0, 0, 1, 9, 45, 1, 2, 572, 5, 3, 3, NULL, 3, NULL),
(1520, 'C:\\GENIE2K\\REPFILES\\3949-5.RPT', '', '17.06.2019', '18.06.2019', 1, 0.00076, 175.16, 2, 0.00572, 0.0236, 1, 9, 31, 1, 2, 573, 5, 3, 3, NULL, 4, NULL),
(1521, 'C:\\GENIE2K\\REPFILES\\3949-5.RPT', '', '17.06.2019', '18.06.2019', 0, 0.00104, 175.16, 2, 0, 0, 1, 9, 5, 1, 2, 573, 5, 3, 3, NULL, 4, NULL),
(1522, 'C:\\GENIE2K\\REPFILES\\3949-5.RPT', '', '17.06.2019', '18.06.2019', 1, 0.00108, 175.16, 2, 0, 0, 1, 9, 9, 1, 2, 573, 5, 3, 3, NULL, 4, NULL),
(1523, 'C:\\GENIE2K\\REPFILES\\3949-5.RPT', '', '17.06.2019', '18.06.2019', 0, 0.00137, 175.16, 2, 0, 0, 1, 9, 24, 1, 2, 573, 5, 3, 3, NULL, 4, NULL),
(1524, 'C:\\GENIE2K\\REPFILES\\3949-5.RPT', '', '17.06.2019', '18.06.2019', 0, 0.00123, 175.16, 2, 0, 0, 1, 9, 30, 1, 2, 573, 5, 3, 3, NULL, 4, NULL),
(1525, 'C:\\GENIE2K\\REPFILES\\3949-5.RPT', '', '17.06.2019', '18.06.2019', 0, 0.00417, 175.16, 2, 0, 0, 1, 9, 45, 1, 2, 573, 5, 3, 3, NULL, 4, NULL),
(1526, 'C:\\GENIE2K\\REPFILES\\3949-5.RPT', '', '18.06.2019', '18.06.2019', 1, 0.00089, 144.96, 2, 0.00259, 0.00954, 1, 9, 31, 1, 2, 574, 5, 3, 3, NULL, 3, NULL),
(1527, 'C:\\GENIE2K\\REPFILES\\3949-5.RPT', '', '18.06.2019', '18.06.2019', 0, 0.00132, 144.96, 2, 0, 0, 1, 9, 5, 1, 2, 574, 5, 3, 3, NULL, 3, NULL),
(1528, 'C:\\GENIE2K\\REPFILES\\3949-5.RPT', '', '18.06.2019', '18.06.2019', 1, 0.00139, 144.96, 2, 0, 0, 1, 9, 9, 1, 2, 574, 5, 3, 3, NULL, 3, NULL),
(1529, 'C:\\GENIE2K\\REPFILES\\3949-5.RPT', '', '18.06.2019', '18.06.2019', 0, 0.00158, 144.96, 2, 0, 0, 1, 9, 24, 1, 2, 574, 5, 3, 3, NULL, 3, NULL),
(1530, 'C:\\GENIE2K\\REPFILES\\3949-5.RPT', '', '18.06.2019', '18.06.2019', 0, 0.00146, 144.96, 2, 0, 0, 1, 9, 30, 1, 2, 574, 5, 3, 3, NULL, 3, NULL),
(1531, 'C:\\GENIE2K\\REPFILES\\3949-5.RPT', '', '18.06.2019', '18.06.2019', 0, 0.00493, 144.96, 2, 0, 0, 1, 9, 45, 1, 2, 574, 5, 3, 3, NULL, 3, NULL),
(1532, 'C:\\GENIE2K\\REPFILES\\3949-5.RPT', '', '18.06.2019', '18.06.2019', 1, 0.00107, 194.8, 2, 0.00147, 0.00422, 1, 9, 31, 1, 2, 575, 5, 3, 3, NULL, 4, NULL),
(1533, 'C:\\GENIE2K\\REPFILES\\3949-5.RPT', '', '18.06.2019', '18.06.2019', 0, 0.00185, 194.8, 2, 0, 0, 1, 9, 5, 1, 2, 575, 5, 3, 3, NULL, 4, NULL),
(1534, 'C:\\GENIE2K\\REPFILES\\3949-5.RPT', '', '18.06.2019', '18.06.2019', 1, 0.00177, 194.8, 2, 0, 0, 1, 9, 9, 1, 2, 575, 5, 3, 3, NULL, 4, NULL),
(1535, 'C:\\GENIE2K\\REPFILES\\3949-5.RPT', '', '18.06.2019', '18.06.2019', 0, 0.0018, 194.8, 2, 0, 0, 1, 9, 24, 1, 2, 575, 5, 3, 3, NULL, 4, NULL),
(1536, 'C:\\GENIE2K\\REPFILES\\3949-5.RPT', '', '18.06.2019', '18.06.2019', 0, 0.00209, 194.8, 2, 0, 0, 1, 9, 30, 1, 2, 575, 5, 3, 3, NULL, 4, NULL),
(1537, 'C:\\GENIE2K\\REPFILES\\3949-5.RPT', '', '18.06.2019', '18.06.2019', 0, 0.00685, 194.8, 2, 0, 0, 1, 9, 45, 1, 2, 575, 5, 3, 3, NULL, 4, NULL),
(1538, 'C:\\GENIE2K\\REPFILES\\3949-5.RPT', '', '17.06.2019', '18.06.2019', 1, 0.000611, 176.98, 2, 0.000421, 0.00102, 1, 9, 9, 1, 2, 576, 5, 3, 3, NULL, 2, NULL),
(1539, 'C:\\GENIE2K\\REPFILES\\3949-5.RPT', '', '17.06.2019', '18.06.2019', 1, 0.000682, 176.98, 2, 0.00362, 0.0144, 1, 9, 31, 1, 2, 576, 5, 3, 3, NULL, 2, NULL),
(1540, 'C:\\GENIE2K\\REPFILES\\3949-5.RPT', '', '17.06.2019', '18.06.2019', 0, 0.000985, 176.98, 2, 0, 0, 1, 9, 5, 1, 2, 576, 5, 3, 3, NULL, 2, NULL),
(1541, 'C:\\GENIE2K\\REPFILES\\3949-5.RPT', '', '17.06.2019', '18.06.2019', 0, 0.0013, 176.98, 2, 0, 0, 1, 9, 24, 1, 2, 576, 5, 3, 3, NULL, 2, NULL),
(1542, 'C:\\GENIE2K\\REPFILES\\3949-5.RPT', '', '17.06.2019', '18.06.2019', 0, 0.00115, 176.98, 2, 0, 0, 1, 9, 30, 1, 2, 576, 5, 3, 3, NULL, 2, NULL),
(1543, 'C:\\GENIE2K\\REPFILES\\3949-5.RPT', '', '17.06.2019', '18.06.2019', 0, 0.00562, 176.98, 2, 0, 0, 1, 9, 45, 1, 2, 576, 5, 3, 3, NULL, 2, NULL),
(1544, 'C:\\GENIE2K\\REPFILES\\3951-1.RPT', '19.06.2019', '19.06.2019', '19.06.2019', 1, 0.177, 1, 2, 0.0714, 0.218, 3, 9, 31, 1, 4, 582, 5, 3, 3, NULL, 2, NULL),
(1545, 'C:\\GENIE2K\\REPFILES\\3951-1.RPT', '19.06.2019', '19.06.2019', '19.06.2019', 0, 0.202, 1, 2, 0, 0, 3, 9, 5, 1, 4, 582, 5, 3, 3, NULL, 2, NULL),
(1546, 'C:\\GENIE2K\\REPFILES\\3951-1.RPT', '19.06.2019', '19.06.2019', '19.06.2019', 1, 0.231, 1, 2, 0, 0, 3, 9, 9, 1, 4, 582, 5, 3, 3, NULL, 2, NULL),
(1547, 'C:\\GENIE2K\\REPFILES\\3951-1.RPT', '19.06.2019', '19.06.2019', '19.06.2019', 0, 0.225, 1, 2, 0, 0, 3, 9, 24, 1, 4, 582, 5, 3, 3, NULL, 2, NULL),
(1548, 'C:\\GENIE2K\\REPFILES\\3951-1.RPT', '19.06.2019', '19.06.2019', '19.06.2019', 0, 0.224, 1, 2, 0, 0, 3, 9, 30, 1, 4, 582, 5, 3, 3, NULL, 2, NULL),
(1549, 'C:\\GENIE2K\\REPFILES\\3951-1.RPT', '19.06.2019', '19.06.2019', '19.06.2019', 0, 1.18, 1, 2, 0, 0, 3, 9, 45, 1, 4, 582, 5, 3, 3, NULL, 2, NULL),
(1550, 'C:\\GENIE2K\\REPFILES\\3948-1.RPT', '17.06.2019', '19.06.2019', '19.06.2019', 1, 0.00066, 191.13, 2, 0.00181, 0.00664, 1, 9, 31, 1, 2, 567, 5, 3, 3, NULL, 4, NULL),
(1551, 'C:\\GENIE2K\\REPFILES\\3948-1.RPT', '17.06.2019', '19.06.2019', '19.06.2019', 0, 0.00099, 191.13, 2, 0, 0, 1, 9, 5, 1, 2, 567, 5, 3, 3, NULL, 4, NULL),
(1552, 'C:\\GENIE2K\\REPFILES\\3948-1.RPT', '17.06.2019', '19.06.2019', '19.06.2019', 1, 0.00104, 191.13, 2, 0, 0, 1, 9, 9, 1, 2, 567, 5, 3, 3, NULL, 4, NULL),
(1553, 'C:\\GENIE2K\\REPFILES\\3948-1.RPT', '17.06.2019', '19.06.2019', '19.06.2019', 0, 0.00115, 191.13, 2, 0, 0, 1, 9, 24, 1, 2, 567, 5, 3, 3, NULL, 4, NULL),
(1554, 'C:\\GENIE2K\\REPFILES\\3948-1.RPT', '17.06.2019', '19.06.2019', '19.06.2019', 0, 0.00113, 191.13, 2, 0, 0, 1, 9, 30, 1, 2, 567, 5, 3, 3, NULL, 4, NULL),
(1555, 'C:\\GENIE2K\\REPFILES\\3948-1.RPT', '17.06.2019', '19.06.2019', '19.06.2019', 0, 0.00375, 191.13, 2, 0, 0, 1, 9, 45, 1, 2, 567, 5, 3, 3, NULL, 4, NULL),
(1556, 'C:\\GENIE2K\\REPFILES\\3948-2.RPT', '17.06.2019', '19.06.2019', '19.06.2019', 1, 0.0019, 128.29, 2, 0.0038, 0.0124, 1, 9, 31, 1, 2, 568, 5, 3, 3, NULL, 3, NULL),
(1557, 'C:\\GENIE2K\\REPFILES\\3948-2.RPT', '17.06.2019', '19.06.2019', '19.06.2019', 0, 0.00221, 128.29, 2, 0, 0, 1, 9, 5, 1, 2, 568, 5, 3, 3, NULL, 3, NULL),
(1558, 'C:\\GENIE2K\\REPFILES\\3948-2.RPT', '17.06.2019', '19.06.2019', '19.06.2019', 1, 0.00232, 128.29, 2, 0, 0, 1, 9, 9, 1, 2, 568, 5, 3, 3, NULL, 3, NULL),
(1559, 'C:\\GENIE2K\\REPFILES\\3948-2.RPT', '17.06.2019', '19.06.2019', '19.06.2019', 0, 0.00274, 128.29, 2, 0, 0, 1, 9, 24, 1, 2, 568, 5, 3, 3, NULL, 3, NULL),
(1560, 'C:\\GENIE2K\\REPFILES\\3948-2.RPT', '17.06.2019', '19.06.2019', '19.06.2019', 0, 0.00245, 128.29, 2, 0, 0, 1, 9, 30, 1, 2, 568, 5, 3, 3, NULL, 3, NULL),
(1561, 'C:\\GENIE2K\\REPFILES\\3948-2.RPT', '17.06.2019', '19.06.2019', '19.06.2019', 0, 0.00808, 128.29, 2, 0, 0, 1, 9, 45, 1, 2, 568, 5, 3, 3, NULL, 3, NULL),
(1562, 'C:\\GENIE2K\\REPFILES\\3948-3.RPT', '17.06.2019', '19.06.2019', '19.06.2019', 1, 0.000893, 119.49, 2, 0.00286, 0.0106, 1, 9, 31, 1, 2, 569, 5, 3, 3, NULL, 4, NULL),
(1563, 'C:\\GENIE2K\\REPFILES\\3948-3.RPT', '17.06.2019', '19.06.2019', '19.06.2019', 0, 0.00131, 119.49, 2, 0, 0, 1, 9, 5, 1, 2, 569, 5, 3, 3, NULL, 4, NULL),
(1564, 'C:\\GENIE2K\\REPFILES\\3948-3.RPT', '17.06.2019', '19.06.2019', '19.06.2019', 1, 0.00227, 119.49, 2, 0, 0, 1, 9, 9, 1, 2, 569, 5, 3, 3, NULL, 4, NULL),
(1565, 'C:\\GENIE2K\\REPFILES\\3948-3.RPT', '17.06.2019', '19.06.2019', '19.06.2019', 0, 0.00162, 119.49, 2, 0, 0, 1, 9, 24, 1, 2, 569, 5, 3, 3, NULL, 4, NULL),
(1566, 'C:\\GENIE2K\\REPFILES\\3948-3.RPT', '17.06.2019', '19.06.2019', '19.06.2019', 0, 0.00145, 119.49, 2, 0, 0, 1, 9, 30, 1, 2, 569, 5, 3, 3, NULL, 4, NULL),
(1567, 'C:\\GENIE2K\\REPFILES\\3948-3.RPT', '17.06.2019', '19.06.2019', '19.06.2019', 0, 0.00457, 119.49, 2, 0, 0, 1, 9, 45, 1, 2, 569, 5, 3, 3, NULL, 4, NULL),
(1568, 'C:\\GENIE2K\\REPFILES\\3948-5.RPT', '17.06.2019', '19.06.2019', '19.06.2019', 1, 0.000781, 183.87, 2, 0.00327, 0.0127, 1, 9, 31, 1, 2, 570, 5, 3, 3, NULL, 3, NULL),
(1569, 'C:\\GENIE2K\\REPFILES\\3948-5.RPT', '17.06.2019', '19.06.2019', '19.06.2019', 0, 0.00114, 183.87, 2, 0, 0, 1, 9, 5, 1, 2, 570, 5, 3, 3, NULL, 3, NULL),
(1570, 'C:\\GENIE2K\\REPFILES\\3948-5.RPT', '17.06.2019', '19.06.2019', '19.06.2019', 1, 0.00122, 183.87, 2, 0, 0, 1, 9, 9, 1, 2, 570, 5, 3, 3, NULL, 3, NULL),
(1571, 'C:\\GENIE2K\\REPFILES\\3948-5.RPT', '17.06.2019', '19.06.2019', '19.06.2019', 0, 0.00141, 183.87, 2, 0, 0, 1, 9, 24, 1, 2, 570, 5, 3, 3, NULL, 3, NULL),
(1572, 'C:\\GENIE2K\\REPFILES\\3948-5.RPT', '17.06.2019', '19.06.2019', '19.06.2019', 0, 0.0013, 183.87, 2, 0, 0, 1, 9, 30, 1, 2, 570, 5, 3, 3, NULL, 3, NULL),
(1573, 'C:\\GENIE2K\\REPFILES\\3948-5.RPT', '17.06.2019', '19.06.2019', '19.06.2019', 0, 0.00436, 183.87, 2, 0, 0, 1, 9, 45, 1, 2, 570, 5, 3, 3, NULL, 3, NULL),
(1574, 'C:\\GENIE2K\\REPFILES\\3948-5.RPT', '17.06.2019', '19.06.2019', '19.06.2019', 1, 0.00309, 143.4, 2, 0.00191, 0.00533, 1, 9, 31, 1, 2, 571, 5, 3, 3, NULL, 3, NULL),
(1575, 'C:\\GENIE2K\\REPFILES\\3948-5.RPT', '17.06.2019', '19.06.2019', '19.06.2019', 0, 0.00211, 143.4, 2, 0, 0, 1, 9, 5, 1, 2, 571, 5, 3, 3, NULL, 3, NULL),
(1576, 'C:\\GENIE2K\\REPFILES\\3948-5.RPT', '17.06.2019', '19.06.2019', '19.06.2019', 1, 0.00221, 143.4, 2, 0, 0, 1, 9, 9, 1, 2, 571, 5, 3, 3, NULL, 3, NULL),
(1577, 'C:\\GENIE2K\\REPFILES\\3948-5.RPT', '17.06.2019', '19.06.2019', '19.06.2019', 0, 0.00243, 143.4, 2, 0, 0, 1, 9, 24, 1, 2, 571, 5, 3, 3, NULL, 3, NULL),
(1578, 'C:\\GENIE2K\\REPFILES\\3948-5.RPT', '17.06.2019', '19.06.2019', '19.06.2019', 0, 0.00255, 143.4, 2, 0, 0, 1, 9, 30, 1, 2, 571, 5, 3, 3, NULL, 3, NULL),
(1579, 'C:\\GENIE2K\\REPFILES\\3948-5.RPT', '17.06.2019', '19.06.2019', '19.06.2019', 0, 0.00775, 143.4, 2, 0, 0, 1, 9, 45, 1, 2, 571, 5, 3, 3, NULL, 3, NULL);

-- --------------------------------------------------------

--
-- Структура на таблица `sample`
--

CREATE TABLE `sample` (
  `ID_SAMPLE` int(11) NOT NULL,
  `DATE_TIME_REFERENCE` varchar(255) DEFAULT NULL,
  `DESCRIPTION_SAMPLE` varchar(255) DEFAULT NULL,
  `GODINA_PERIOD` int(11) DEFAULT NULL,
  `SAMPLE_CODE` varchar(255) DEFAULT NULL,
  `OBEKT_NA_IZPITVANE_ID_OBEKT_NA_IZPITVANE` int(11) DEFAULT NULL,
  `PERIOD_ID_PERIOD` int(11) DEFAULT NULL,
  `REQUEST_ID_RECUEST` int(11) DEFAULT NULL
) ENGINE=InnoDB DEFAULT CHARSET=utf8;

--
-- Схема на данните от таблица `sample`
--

INSERT INTO `sample` (`ID_SAMPLE`, `DATE_TIME_REFERENCE`, `DESCRIPTION_SAMPLE`, `GODINA_PERIOD`, `SAMPLE_CODE`, `OBEKT_NA_IZPITVANE_ID_OBEKT_NA_IZPITVANE`, `PERIOD_ID_PERIOD`, `REQUEST_ID_RECUEST`) VALUES
(5, '17.12.2016 21:59', 'CO2+CO+CхHу', 2016, '1', 1, 12, 3),
(6, '17.12.2016 21:59', 'CO2', 2016, '2', 1, 12, 3),
(7, '17.12.2016 09:21', ' CO2+CO+CхHу', 2016, '1', 2, 12, 4),
(8, '17.12.2016 09:21', ' CO2', 2016, '2', 2, 12, 4),
(9, '22.12.2016 10:00', '', 2016, '1', 127, 12, 5),
(10, '22.12.2016 10:00', '', 2016, '2', 128, 12, 5),
(11, '22.12.2016 10:00', '', 2016, '3', 129, 12, 5),
(12, '22.12.2016 10:00', '', 2016, '4', 130, 12, 5),
(13, '22.12.2016 10:00', '', 2016, '5', 131, 12, 5),
(14, '22.12.2016 10:00', '', 2016, '6', 132, 12, 5),
(15, '22.12.2016 10:00', '', 2016, '7', 133, 12, 5),
(16, '22.12.2016 10:00', '', 2016, '8', 134, 12, 5),
(17, '22.12.2016 10:00', '', 2016, '9', 135, 12, 5),
(18, '16.12.2016 12:00', '', 2016, '1', 10, 12, 6),
(19, '16.12.2016 12:00', '', 2016, '1', 11, 12, 7),
(20, '17.12.2016 09:40', 'V = 22685.7 m3', 2016, '1', 1, 12, 8),
(21, '17.12.2016 09:27', ' V = 22071.6 m3', 2016, '1', 2, 12, 9),
(22, '08.12.2016 21:37', 'НТ+НТО', 2016, '1', 1, 12, 11),
(23, '08.12.2016 21:37', 'НТ+НТО', 2016, '2', 1, 12, 11),
(24, '08.12.2016 09:13', 'НТ+НТО', 2016, '1', 2, 12, 12),
(25, '08.12.2016 09:13', 'НТO', 2016, '2', 2, 12, 12),
(26, '22.12.2016 10:00', 'Топлоизолационна вата, m=210.19 g', 2016, '1', 7, 12, 13),
(27, '22.12.2016 10:00', 'Топлоизолационна вата, m=186.21 g', 2016, '1', 8, 12, 14),
(28, '16.12.2016 12:00', 'Сборна водна проба за м. 12.2016 г., период\r 01.12.2016 ÷ 31.12.2016, V=0.1 l', 2016, '1', 12, 12, 15),
(29, '31.10.2016 12:00', ' V=4.5 l', 2016, '1', 13, 34, 16),
(32, '16.11.2016 00:00', ' V=4.5 l', 2016, '1', 12, 34, 17),
(35, '31.10.2016 12:00', ' V=4.5 l', 2016, '1', 13, 34, 18),
(36, '16.11.2016 00:00', 'V=4.5 l', 2016, '1', 12, 34, 19),
(38, '16.11.2016 00:00', 'V=68507.3 m3', 2016, '1', 1, 11, 22),
(39, '25.12.2016 09:20', 'НТ+НТО', 2016, '1', 1, 12, 23),
(40, '25.12.2016 09:20', 'НТO', 2016, '2', 6, 12, 23),
(41, '18.12.2016 12:00', '', 2016, '1', 136, 12, 24),
(42, '18.12.2016 12:00', '', 2016, '2', 137, 12, 24),
(43, '18.12.2016 12:00', '', 2016, '3', 138, 12, 24),
(44, '18.12.2016 12:00', '', 2016, '4', 139, 12, 24),
(45, '16.11.2016 00:00', ' V= 59486,1 m3', 2016, '1', 2, 34, 25),
(46, '25.12.2016 09:20', 'НТ+НТО', 2016, '1', 2, 12, 26),
(47, '25.12.2016 09:20', 'НТO', 2016, '2', 2, 12, 26),
(48, '11.01.2017 10:30', '3165-1, Топлоизолационна вата, m=177.33 g', 2017, '1', 14, 1, 27),
(49, '11.01.2017 10:30', '3166-1, Топлоизолационна вата, m=161.91 g', 2017, '1', 15, 1, 28),
(50, '17.01.2017 09:25', 'CO2+CO+CхHу', 2017, '1', 1, 1, 29),
(51, '17.01.2017 09:25', 'CO2', 2017, '2', 1, 1, 29),
(52, '17.01.2017 09:29', 'CO2+CO+CхHу', 2017, '1', 2, 1, 30),
(53, '17.01.2017 09:29', 'CO2', 2017, '2', 2, 1, 30),
(54, '09.01.2017 21:18', 'НТ+НТО', 2017, '1', 1, 1, 31),
(55, '09.01.2017 21:18', 'НТO', 2017, '2', 1, 1, 31),
(56, '09.01.2017 21:34', 'НТ+НТО', 2017, '1', 2, 1, 32),
(57, '09.01.2017 21:34', 'НТO', 2017, '2', 2, 1, 32),
(58, '20.01.2017 13:00', 'за период: 20.01.201г. - 21.01.201г. V=28.8m3', 2017, '1', 2, 1, 33),
(59, '21.01.2017 13:00', 'за период: 21.01.201г. - 22.01.201г. V=28.8m3', 2017, '2', 2, 1, 33),
(60, '26.01.2017 10:00', '', 2017, '1', 127, 1, 34),
(61, '26.01.2017 10:00', '', 2017, '2', 128, 1, 34),
(62, '26.01.2017 10:00', '', 2017, '3', 129, 1, 34),
(63, '26.01.2017 10:00', '', 2017, '4', 130, 1, 34),
(64, '26.01.2017 10:00', '', 2017, '5', 140, 1, 34),
(65, '26.01.2017 10:00', '', 2017, '6', 131, 1, 34),
(66, '26.01.2017 10:00', '', 2017, '7', 141, 1, 34),
(67, '26.01.2017 10:00', '', 2017, '8', 142, 1, 34),
(68, '26.01.2017 10:00', '', 2017, '9', 143, 1, 34),
(69, '26.01.2017 14:00', '', 2017, '1', 144, 1, 35),
(70, '26.01.2017 14:00', '', 2017, '2', 145, 1, 35),
(71, '26.01.2017 14:00', '', 2017, '3', 146, 1, 35),
(72, '26.01.2017 14:00', '', 2017, '4', 147, 1, 35),
(73, '26.01.2017 14:00', '', 2017, '5', 148, 1, 35),
(74, '26.01.2017 14:00', '', 2017, '6', 149, 1, 35),
(75, '26.01.2017 14:00', '', 2017, '7', 150, 1, 35),
(76, '26.01.2017 14:00', '', 2017, '8', 151, 1, 35),
(77, '26.01.2017 10:30', 'Топлоизолационна вата, m=169.64 g', 2017, '1', 17, 1, 36),
(78, '17.01.2017 09:22', 'Vвъздух=21421.8 m3', 2017, '1', 1, 1, 37),
(79, '17.01.2017 09:34', ' Vвъздух=19045.4 m3', 2017, '1', 2, 1, 38),
(80, '16.01.2017 12:00', 'V=1.0 l', 2017, '1', 11, 1, 40),
(81, '16.01.2017 12:00', 'V=1.0 l', 2017, '1', 13, 1, 41),
(82, '16.01.2017 12:00', 'V=1.0 l', 2017, '1', 12, 1, 42),
(83, '16.01.2017 12:00', ' V=0.1l', 2017, '1', 13, 1, 43),
(102, '16.01.2017 12:00', 'V=0.1 l', 2017, '1', 12, 1, 62),
(103, '23.01.2017 21:07', 'НТ+НТО', 2017, '1', 1, 1, 63),
(104, '23.01.2017 21:07', 'НТO', 2017, '2', 1, 1, 63),
(105, '23.01.2017 16:50', 'НТ+НТО', 2017, '1', 2, 1, 64),
(106, '23.01.2017 16:50', 'НТO', 2017, '2', 2, 1, 64),
(107, '17.01.2017 12:00', '', 2017, '1', 136, 1, 65),
(108, '17.01.2017 12:00', '', 2017, '2', 137, 1, 65),
(109, '17.01.2017 12:00', '', 2017, '3', 138, 1, 65),
(110, '17.01.2017 12:00', '', 2017, '4', 139, 1, 65),
(111, '14.02.2017 11:30', '', 2017, '1', 127, 2, 66),
(112, '14.02.2017 11:30', '', 2017, '2', 128, 2, 66),
(113, '14.02.2017 11:30', '', 2017, '3', 129, 2, 66),
(114, '14.02.2017 11:30', '', 2017, '4', 130, 2, 66),
(115, '14.02.2017 11:30', '', 2017, '5', 140, 2, 66),
(116, '14.02.2017 11:30', '', 2017, '6', 131, 2, 66),
(117, '14.02.2017 11:30', '', 2017, '7', 132, 2, 66),
(118, '14.02.2017 11:30', '', 2017, '8', 133, 2, 66),
(119, '14.02.2017 11:30', '', 2017, '9', 134, 2, 66),
(120, '14.02.2017 11:30', '', 2017, '10', 135, 2, 66),
(121, '14.02.2017 15:00', 'm= 705.02g', 2017, '1', 144, 2, 67),
(122, '14.02.2017 15:00', 'm= 695.25g', 2017, '2', 145, 2, 67),
(123, '14.02.2017 15:00', 'm= 721.30g', 2017, '3', 146, 2, 67),
(124, '14.02.2017 15:00', 'm= 790.42g', 2017, '4', 147, 2, 67),
(125, '14.02.2017 15:00', 'm= 612.83g', 2017, '5', 148, 2, 67),
(126, '14.02.2017 15:00', 'm= 744.55g', 2017, '6', 149, 2, 67),
(127, '14.02.2017 15:00', 'm= 815.84g', 2017, '7', 150, 2, 67),
(128, '14.02.2017 15:00', 'm= 677.29g', 2017, '8', 151, 2, 67),
(129, '14.02.2017 21:01', 'CO2+CO+CхHу', 2017, '1', 1, 2, 68),
(130, '14.02.2017 21:01', 'CO2', 2017, '2', 1, 2, 68),
(131, '14.02.2017 21:18', 'CO2+CO+CхHу', 2017, '1', 2, 2, 69),
(132, '14.02.2017 21:18', 'CO2', 2017, '2', 2, 2, 69),
(133, '15.02.2017 10:00', 'Топлоизолационна вата, m=169.62 g', 2017, '1', 18, NULL, 70),
(134, '07.02.2017 20:49', 'НТ+НТО', 2017, '1', 1, 2, 71),
(135, '07.02.2017 20:49', 'НТO', 2017, '2', 1, 2, 71),
(136, '07.02.2017 21:15', 'НТ+НТО', 2017, '1', 2, 2, 72),
(137, '07.02.2017 21:15', 'НТO', 2017, '2', 2, 2, 72),
(138, '22.02.2017 10:00', 'Топлоизолационна вата, m=177,23 g', 2017, '1', 19, NULL, 73),
(139, '15.02.2017 13:00', 'Вход на резервоара, V=1.0  l', 2017, '1', 21, NULL, 74),
(140, '15.02.2017 13:00', 'Дренаж на резервоара, V=1.0  l', 2017, '2', 21, NULL, 74),
(141, '27.02.2017 14:00', ' Бетон от повърхностен слой, m=29.55 g', 2017, '1', 20, NULL, 75),
(142, '27.02.2017 14:00', 'Бетон от слой на 5cm от повърхността, m=37.82 g', 2017, '2', 20, NULL, 75),
(143, '24.02.2017 15:00', 'Водна проба от дренажа на резервоара, V = 5.0 l', 2017, '1', 21, 2, 76),
(149, '15.02.2017 00:00', 'V=1.0 l', 2017, '1', 13, 2, 83),
(150, '15.02.2017 00:00', 'V=1.0 l', 2017, '1', 12, 2, 84),
(151, '27.02.2017 14:00', 'm=1829.25 g', 17, '1', 22, 2, 85),
(154, '16.12.2018 12:00', '', 2018, '1', 3, 12, 88),
(155, '16.12.2018 12:00', '', 2018, '2', 4, 12, 88),
(156, '16.12.2018 12:00', '', 2018, '3', 11, 12, 88),
(157, '19.12.2018 00:00', 'HT+HTO', 2018, '1', 1, 12, 89),
(158, '19.12.2018 00:00', 'HTO', 2018, '2', 1, 12, 89),
(159, '19.12.2018 00:00', 'HT+HTO', 2018, '3', 2, 12, 89),
(160, '19.12.2018 00:00', 'HTO', 2018, '4', 2, 12, 89),
(161, '19.12.2018 00:00', 'CO2+CO+CxHy', 2018, '1', 1, 12, 90),
(162, '19.12.2018 00:00', 'CO2', 2018, '2', 1, 12, 90),
(163, '19.12.2018 00:00', 'CO2+CO+CxHy', 2018, '3', 2, 12, 90),
(164, '19.12.2018 00:00', 'CO2', 2018, '4', 2, 12, 90),
(165, '15.01.2019 23:02', 'за период: 01.01.2019г. - 30.01.2019г.', 2019, '1', 127, 2, 91),
(166, '22.01.2019 11:01', '', 2019, '2', 128, 2, 91),
(167, '22.01.2019 11:01', '', 2019, '3', 129, 2, 91),
(168, '22.01.2019 11:01', '', 2019, '4', 130, 2, 91),
(169, '22.01.2019 11:01', '', 2019, '5', 131, 2, 91),
(170, '19.12.2018 00:00', 'V = 20075,7 m3', 2018, '1', 1, 12, 92),
(171, '19.12.2018 00:00', 'V = 24190,0 m3', 2018, '2', 2, 12, 92),
(173, '14.12.2018 10:30', 'V = 1411,2 m3', 2018, '1', 113, NULL, 94),
(174, '12.11.2018 22:30', 'V = 4586.2 m3', 2018, '1', 113, 34, 95),
(175, '02.12.2018 00:00', 'за период: 01.11.2018г. - 01.01.2019г.', 2018, '1', 3, 34, 96),
(176, '16.11.2018 12:00', 'за период: 01.10.2018г. - 01.01.2019г.', 2018, '2', 4, 34, 96),
(177, '02.12.2018 00:00', 'за период: 01.11.2018г. - 01.01.2019г.', 2018, '1', 3, 34, 97),
(178, '16.11.2018 12:00', 'за период: 01.10.2018г. - 01.01.2019г.', 2018, '2', 4, 34, 97),
(179, '21.01.2019 12:00', '', 2019, '1', 216, 1, 98),
(180, '21.01.2019 12:00', '', 2019, '2', 157, 1, 98),
(181, '21.01.2019 12:00', '', 2019, '3', 158, 1, 98),
(182, '21.01.2019 12:00', '', 2019, '4', 159, 1, 98),
(183, '21.01.2019 12:00', '', 2019, '5', 160, 1, 98),
(184, '21.01.2019 12:00', '', 2019, '6', 161, 1, 98),
(185, '21.01.2019 12:00', '', 2019, '7', 162, 1, 98),
(186, '21.01.2019 12:00', '', 2019, '8', 163, 1, 98),
(187, '21.01.2019 12:00', '', 2019, '9', 164, 1, 98),
(188, '21.01.2019 11:00', '', 2019, '1', 165, 1, 99),
(189, '21.01.2019 11:00', '', 2019, '2', 166, 1, 99),
(190, '21.01.2019 11:00', '', 2019, '3', 167, 1, 99),
(191, '21.01.2019 11:00', '', 2019, '4', 168, 1, 99),
(192, '21.01.2019 11:00', '', 2019, '5', 169, 1, 99),
(193, '23.01.2019 12:00', '', 2019, '1', 170, 1, 100),
(194, '23.01.2019 12:00', '', 2019, '2', 171, 1, 100),
(195, '23.01.2019 12:00', '', 2019, '3', 172, 1, 100),
(196, '23.01.2019 12:00', '', 2019, '4', 173, 1, 100),
(197, '23.01.2019 12:00', '', 2019, '5', 174, 1, 100),
(198, '23.01.2019 12:00', '', 2019, '6', 175, 1, 100),
(199, '23.01.2019 12:00', '', 2019, '7', 176, 1, 100),
(200, '23.01.2019 12:00', '', 2019, '8', 177, 1, 100),
(201, '23.01.2019 12:00', '', 2019, '9', 178, 1, 100),
(202, '24.01.2019 14:00', '', 2019, '1', 179, 1, 101),
(203, '24.01.2019 14:00', '', 2019, '2', 180, 1, 101),
(204, '24.01.2019 14:00', '', 2019, '3', 181, 1, 101),
(205, '24.01.2019 14:00', '', 2019, '4', 182, 1, 101),
(206, '24.01.2019 14:00', '', 2019, '5', 183, 1, 101),
(207, '24.01.2019 14:00', '', 2019, '6', 184, 1, 101),
(208, '24.01.2019 14:00', '', 2019, '7', 185, 1, 101),
(209, '24.01.2019 14:00', '', 2019, '8', 186, 1, 101),
(210, '24.01.2019 14:00', '', 2019, '9', 187, 1, 101),
(211, '24.01.2019 14:00', '', 2019, '10', 188, 1, 101),
(212, '24.01.2019 14:00', '', 2019, '11', 189, 1, 101),
(213, '24.01.2019 14:00', '', 2019, '1', 190, 1, 102),
(214, '24.01.2019 14:00', '', 2019, '2', 191, 1, 102),
(215, '24.01.2019 14:00', '', 2019, '3', 192, 1, 102),
(216, '24.01.2019 14:00', '', 2019, '4', 180, 1, 102),
(217, '24.01.2019 14:00', '', 2019, '5', 193, 1, 102),
(218, '24.01.2019 14:00', '', 2019, '6', 194, 1, 102),
(219, '24.01.2019 14:00', '', 2019, '7', 195, 1, 102),
(220, '24.01.2019 14:00', '', 2019, '8', 196, 1, 102),
(221, '24.01.2019 14:00', '', 2019, '9', 184, 1, 102),
(222, '25.01.2019 14:00', '', 2019, '1', 197, 1, 103),
(223, '25.01.2019 14:00', '', 2019, '2', 198, 1, 103),
(224, '25.01.2019 14:00', '', 2019, '3', 199, 1, 103),
(225, '25.01.2019 14:00', '', 2019, '4', 200, 1, 103),
(226, '25.01.2019 14:00', '', 2019, '5', 201, 1, 103),
(227, '25.01.2019 14:00', '', 2019, '6', 202, 1, 103),
(228, '25.01.2019 14:00', '', 2019, '7', 203, 1, 103),
(229, '17.11.2018 12:00', 'V=60268.3m3', 2018, '1', 1, 34, 104),
(230, '17.11.2018 12:00', 'V=75797.0m3', 2018, '2', 2, 34, 104),
(231, '16.01.2019 12:00', '', 2019, '1', 3, 1, 105),
(232, '16.01.2019 12:00', '', 2019, '2', 5, 1, 105),
(233, '16.01.2019 12:00', '', 2019, '1', 3, 1, 106),
(234, '16.01.2019 00:00', 'HT+HTO', 2019, '1', 1, 1, 107),
(235, '16.01.2019 00:00', 'HTO', 2019, '2', 1, 1, 107),
(236, '16.01.2019 00:00', 'HT+HTO', 2019, '3', 2, 1, 107),
(237, '16.01.2019 00:00', 'HTO', 2019, '4', 2, 1, 107),
(238, '16.01.2019 00:00', 'CO2+CO+CxHy', 2019, '1', 1, 1, 108),
(239, '16.01.2019 00:00', 'CO2', 2019, '2', 1, 1, 108),
(240, '16.01.2019 00:00', 'CO2+CO+CxHy', 2019, '3', 2, 1, 108),
(241, '16.01.2019 00:00', 'CO2', 2019, '4', 2, 1, 108),
(242, '18.01.2019 00:00', '', 2019, '1', 136, 1, 109),
(243, '18.01.2019 00:00', '', 2019, '2', 137, 1, 109),
(244, '18.01.2019 00:00', '', 2019, '3', 138, 1, 109),
(245, '18.01.2019 00:00', '', 2019, '4', 139, 1, 109),
(246, '30.12.2018 12:00', 'за периода: 28.12.2018 ÷ 01.01.2019, V= 4080.0m3', 2018, '1', 204, NULL, 110),
(247, '01.02.2019 12:00', 'за периода: 15.01.2019 ÷ 18.02.2019, V= 7560.0m3', 2018, '2', 204, NULL, 110),
(248, '21.02.2019 14:00', 'm= 805.80g', 2019, '1', 144, 2, 111),
(249, '21.02.2019 14:00', 'm= 888.63g', 2019, '2', 145, 2, 111),
(250, '21.02.2019 14:00', 'm= 863.44g', 2019, '3', 146, 2, 111),
(251, '21.02.2019 14:00', 'm= 803.67g', 2019, '4', 147, 2, 111),
(252, '21.02.2019 14:00', 'm= 832.73g', 2019, '5', 148, 2, 111),
(253, '21.02.2019 14:00', 'm= 891.53g', 2019, '6', 149, 2, 111),
(254, '21.02.2019 14:00', 'm= 823.75g', 2019, '7', 150, 2, 111),
(255, '21.02.2019 14:00', 'm= 881.71g', 2019, '8', 151, 2, 111),
(256, '21.02.2019 12:00', '', 2019, '1', 127, 2, 112),
(257, '21.02.2019 12:00', '', 2019, '2', 128, 2, 112),
(258, '21.02.2019 12:00', '', 2019, '3', 129, 2, 112),
(259, '21.02.2019 12:00', '', 2019, '4', 130, 2, 112),
(260, '21.02.2019 12:00', '', 2019, '5', 140, 2, 112),
(261, '21.02.2019 12:00', '', 2019, '6', 131, 2, 112),
(262, '21.02.2019 12:00', '', 2019, '7', 132, 2, 112),
(263, '21.02.2019 12:00', '', 2019, '8', 213, 2, 112),
(264, '21.02.2019 12:00', '', 2019, '9', 133, 2, 112),
(265, '21.02.2019 12:00', '', 2019, '10', 134, 2, 112),
(266, '21.02.2019 12:00', '', 2019, '11', 135, 2, 112),
(267, '12.02.2019 13:00', '', 2019, '1', 214, 2, 113),
(268, '11.02.2019 13:00', '', 2019, '2', 195, 2, 113),
(269, '11.02.2019 13:00', '', 2019, '3', 184, 2, 113),
(270, '12.02.2019 12:00', 'HT+HTO', 2019, '1', 1, 2, 114),
(271, '12.02.2019 12:00', 'HTO', 2019, '2', 1, 2, 114),
(272, '12.02.2019 12:00', 'HT+HTO', 2019, '3', 2, 2, 114),
(273, '12.02.2019 12:00', 'HTO', 2019, '4', 2, 2, 114),
(274, '12.02.2019 12:00', 'CO2+CO+CxHy', 2019, '1', 1, 2, 115),
(275, '12.02.2019 12:00', 'CO2', 2019, '2', 1, 2, 115),
(276, '12.02.2019 12:00', 'CO2+CO+CxHy', 2019, '3', 2, 2, 115),
(277, '12.02.2019 12:00', 'CO2', 2019, '4', 2, 2, 115),
(278, '15.02.2019 00:00', '', 2019, '1', 3, 2, 116),
(279, '15.02.2019 00:00', '', 2019, '2', 11, 2, 116),
(280, '15.02.2019 00:00', '', 2019, '1', 3, 2, 117),
(281, '25.07.2017 12:00', 'код СК1-ВКО17/1-1БТВ/S1,m=0.1923g, код гама 3330-1', 2017, '1', 62, NULL, 118),
(282, '25.07.2017 12:00', 'код СК1-ВКО17/2-2БТВ/S3,m=0.2896g, код гама 3341-3', 2017, '2', 63, NULL, 118),
(283, '25.07.2017 12:00', 'код СК1-ВКО17/3-3БТВ/S2,m=0.3106g, код гама 3339-2', 2017, '3', 65, NULL, 118),
(284, '25.07.2017 12:00', 'код СК1-ВКО17/1-1БТВ/S1,m=1g', 2017, '1', 62, NULL, 119),
(285, '25.07.2017 12:00', 'код СК1-ВКО17/2-2БТВ/S3,m=1g', 2017, '2', 63, NULL, 119),
(286, '25.07.2017 12:00', 'код СК1-ВКО17/3-3БТВ/S2,m=1g', 2017, '3', 65, NULL, 119),
(287, '25.07.2017 12:00', 'код СК1-ВКО17/1-1БТВ/S1,m=1g', 2017, '1', 62, NULL, 120),
(288, '25.07.2017 12:00', 'код СК1-ВКО17/2-2БТВ/S3,m=1g', 2017, '2', 63, NULL, 120),
(289, '25.07.2017 12:00', 'код СК1-ВКО17/3-3БТВ/S2,m=1g', 2017, '3', 65, NULL, 120),
(290, '15.02.2019 00:00', '', 2019, '1', 136, 2, 121),
(291, '15.02.2019 00:00', '', 2019, '2', 137, 2, 121),
(292, '15.02.2019 00:00', '', 2019, '3', 138, 2, 121),
(293, '15.02.2019 00:00', '', 2019, '4', 139, 2, 121),
(294, '15.02.2019 00:00', 'V = 20374.7 m3', 2019, '1', 1, 2, 122),
(295, '15.02.2019 00:00', 'V = 24338.8 m3', 2019, '2', 2, 2, 122),
(296, '28.05.2018 20:40', '04 и 05', 2019, '1', 215, NULL, 123),
(297, '29.05.2018 15:10', '06', 2019, '2', 215, NULL, 123),
(298, '30.05.2018 02:17', '07', 2019, '3', 215, NULL, 123),
(299, '06.03.2019 12:00', '', 2019, '1', 190, 3, 124),
(300, '06.03.2019 12:00', '', 2019, '2', 191, 3, 124),
(301, '06.03.2019 12:00', '', 2019, '3', 192, 3, 124),
(302, '06.03.2019 12:00', '', 2019, '4', 180, 3, 124),
(303, '06.03.2019 12:00', '', 2019, '5', 193, 3, 124),
(304, '06.03.2019 12:00', '', 2019, '6', 194, 3, 124),
(305, '06.03.2019 12:00', '', 2019, '7', 195, 3, 124),
(306, '06.03.2019 12:00', '', 2019, '8', 196, 3, 124),
(307, '06.03.2019 12:00', '', 2019, '9', 184, 3, 124),
(308, '07.03.2019 12:00', '', 2019, '1', 216, 3, 125),
(309, '07.03.2019 12:00', '', 2019, '2', 157, 3, 125),
(310, '07.03.2019 12:00', '', 2019, '3', 158, 3, 125),
(311, '07.03.2019 12:00', '', 2019, '4', 159, 3, 125),
(312, '07.03.2019 12:00', '', 2019, '5', 160, 3, 125),
(313, '07.03.2019 12:00', '', 2019, '6', 161, 3, 125),
(314, '07.03.2019 12:00', '', 2019, '7', 162, 3, 125),
(315, '07.03.2019 12:00', '', 2019, '8', 163, 3, 125),
(316, '07.03.2019 12:00', '', 2019, '9', 164, 3, 125),
(317, '07.03.2019 12:00', '', 2019, '10', 165, 3, 125),
(318, '07.03.2019 12:00', '', 2019, '11', 166, 3, 125),
(319, '07.03.2019 12:00', '', 2019, '12', 167, 3, 125),
(320, '07.03.2019 12:00', '', 2019, '13', 168, 3, 125),
(321, '07.03.2019 12:00', '', 2019, '14', 169, 3, 125),
(326, '07.03.2019 12:00', 'север', 2019, '1', 217, NULL, 130),
(327, '07.03.2019 12:00', 'юг', 2019, '2', 217, NULL, 130),
(328, '21.03.2019 10:00', '', 2019, '1', 127, 3, 131),
(329, '21.03.2019 10:00', '', 2019, '2', 128, 3, 131),
(330, '21.03.2019 10:00', '', 2019, '3', 129, 3, 131),
(331, '21.03.2019 10:00', '', 2019, '4', 130, 3, 131),
(332, '21.03.2019 10:00', '', 2019, '5', 140, 3, 131),
(333, '21.03.2019 10:00', '', 2019, '6', 131, 3, 131),
(334, '21.03.2019 10:00', '', 2019, '7', 141, 3, 131),
(335, '21.03.2019 10:00', '', 2019, '8', 142, 3, 131),
(336, '21.03.2019 10:00', '', 2019, '9', 143, 3, 131),
(337, '21.03.2019 13:00', '', 2019, '1', 144, 3, 132),
(338, '21.03.2019 13:00', '', 2019, '2', 145, 3, 132),
(339, '21.03.2019 13:00', '', 2019, '3', 146, 3, 132),
(340, '21.03.2019 13:00', '', 2019, '4', 147, 3, 132),
(341, '21.03.2019 13:00', '', 2019, '5', 148, 3, 132),
(342, '21.03.2019 13:00', '', 2019, '6', 149, 3, 132),
(343, '21.03.2019 13:00', '', 2019, '7', 150, 3, 132),
(344, '21.03.2019 13:00', '', 2019, '8', 151, 3, 132),
(345, '22.03.2019 11:00', '', 2019, '1', 107, 3, 133),
(346, '07.03.2019 12:00', '', 2019, '1', 162, 3, 134),
(347, '06.03.2019 12:00', '', 2019, '2', 195, 3, 134),
(348, '06.03.2019 12:00', '', 2019, '3', 184, 3, 134),
(349, '26.03.2019 08:30', 'Чул 1, m=133,76 g', 2019, '1', 218, NULL, 135),
(350, '26.03.2019 08:30', 'Чул 2, m=127,40 g', 2019, '2', 218, NULL, 135),
(351, '14.02.2019 10:30', 'V=1411.2m3', 2019, '1', 113, 2, 136),
(352, '14.01.2019 10:30', 'V=1713.6 m3', 2019, '1', 113, 1, 137),
(353, '16.03.2019 00:00', '', 2019, '1', 13, 3, 138),
(354, '16.03.2019 00:00', '', 2019, '2', 12, 3, 138),
(355, '16.03.2019 00:00', '', 2019, '3', 11, 3, 138),
(356, '07.01.2019 10:00', '', 2019, '1', 107, 1, 139),
(357, '23.01.2019 11:30', '', 2019, '1', 107, 1, 140),
(358, '11.02.2019 13:00', '', 2019, '1', 107, 2, 141),
(359, '20.02.2019 12:00', '', 2019, '1', 110, 2, 142),
(360, '14.03.2019 22:30', 'V=1461.6 m3', 2019, '1', 113, 3, 143),
(361, '29.03.2019 14:00', 'Чул 1, m=170.12 g', 2019, '1', 218, NULL, 144),
(362, '29.03.2019 14:00', 'Чул 2, m=134.87 g', 2019, '2', 218, NULL, 144),
(363, '29.03.2019 14:00', 'Чул 3, m=132.04 g', 2019, '3', 218, NULL, 144),
(364, '01.04.2019 15:40', 'Чул 1, m=151,86 g', 2019, '1', 219, NULL, 145),
(365, '01.04.2019 15:40', 'Чул 2, m=135,26 g', 2019, '2', 219, NULL, 145),
(366, '15.03.2019 20:00', 'CO2+CO+CxHy', 2019, '1', 1, 3, 146),
(367, '15.03.2019 20:00', 'CO2', 2019, '2', 1, 3, 146),
(368, '15.03.2019 20:00', 'CO2+CO+CxHy', 2019, '3', 2, 3, 146),
(369, '15.03.2019 20:00', 'CO2', 2019, '4', 2, 3, 146),
(370, '16.03.2019 12:00', '', 2019, '1', 136, 3, 147),
(371, '16.03.2019 12:00', '', 2019, '2', 137, 3, 147),
(372, '16.03.2019 12:00', '', 2019, '3', 138, 3, 147),
(373, '16.03.2019 12:00', '', 2019, '4', 139, 3, 147),
(374, '16.03.2019 21:00', 'HT+HTO', 2019, '1', 1, 3, 148),
(375, '16.03.2019 21:00', 'HTO', 2019, '2', 1, 3, 148),
(376, '16.03.2019 21:00', 'HT+HTO', 2019, '3', 2, 3, 148),
(377, '16.03.2019 21:00', 'HTO', 2019, '4', 2, 3, 148),
(378, '14.03.2019 12:00', '', 2019, '1', 3, 3, 149),
(379, '14.03.2019 12:00', '', 2019, '2', 4, 3, 149),
(380, '16.03.2019 21:00', 'V = 23861.7 m3', 2019, '1', 1, 3, 150),
(381, '16.03.2019 21:00', 'V = 30140.6 m3', 2019, '2', 2, 3, 150),
(382, '02.04.2019 14:00', 'Чул 1, m= 678.60 g', 2019, '1', 150, NULL, 151),
(383, '02.04.2019 14:00', 'Чул 2, m= 214.22 g', 2019, '2', 150, NULL, 151),
(384, '16.02.2019 12:00', 'V=66897.1m3', 2019, '1', 1, 31, 152),
(385, '16.02.2019 12:00', 'V=82277.8m3', 2019, '2', 2, 31, 152),
(386, '11.02.2019 22:30', 'V = 4586.4 m3', 2019, '1', 113, 31, 153),
(387, '13.02.2019 12:00', 'за периода: 01.01.2019 ÷ 28.03.2019', 2019, '1', 3, 31, 154),
(388, '14.03.2019 12:00', 'за периода: 28.02.2019 ÷ 28.03.2019', 2019, '2', 4, 31, 154),
(389, '13.02.2019 12:00', 'за периода: 01.01.2019 ÷ 28.03.2019', 2019, '1', 3, 31, 155),
(390, '14.03.2019 12:00', 'за периода: 28.02.2019 ÷ 28.03.2019', 2019, '2', 4, 31, 155),
(391, '04.04.2019 13:00', ' m=463,57 g', 2019, '1', 220, NULL, 157),
(392, '04.04.2019 14:00', '', 2019, '1', 221, 4, 158),
(393, '04.04.2019 14:00', '', 2019, '2', 222, 4, 158),
(394, '04.04.2019 14:00', '', 2019, '3', 223, 4, 158),
(395, '04.04.2019 14:00', '', 2019, '4', 224, 4, 158),
(396, '04.04.2019 14:00', '', 2019, '5', 225, 4, 158),
(397, '04.04.2019 14:00', '', 2019, '6', 214, 4, 158),
(398, '04.04.2019 14:00', '', 2019, '7', 226, 4, 158),
(399, '04.04.2019 14:00', '', 2019, '8', 227, 4, 158),
(400, '04.04.2019 14:00', '', 2019, '9', 228, 4, 158),
(401, '04.04.2019 14:00', '', 2019, '10', 229, 4, 158),
(402, '04.04.2019 14:00', '', 2019, '11', 230, 4, 158),
(403, '04.04.2019 14:00', '', 2019, '12', 231, 4, 158),
(404, '04.04.2019 14:00', '', 2019, '13', 181, 4, 158),
(405, '04.04.2019 14:00', '', 2019, '14', 194, 4, 158),
(406, '04.04.2019 14:00', '', 2019, '15', 195, 4, 158),
(407, '04.04.2019 14:00', '', 2019, '16', 182, 4, 158),
(408, '04.04.2019 14:00', '', 2019, '17', 184, 4, 158),
(409, '05.04.2019 09:00', '', 2019, '1', 110, 4, 159),
(410, '05.04.2019 11:00', '', 2019, '1', 170, 4, 160),
(411, '05.04.2019 11:00', '', 2019, '2', 171, 4, 160),
(412, '05.04.2019 11:00', '', 2019, '3', 172, 4, 160),
(413, '05.04.2019 11:00', '', 2019, '4', 173, 4, 160),
(414, '05.04.2019 11:00', '', 2019, '5', 174, 4, 160),
(415, '05.04.2019 11:00', '', 2019, '6', 175, 4, 160),
(416, '05.04.2019 11:00', '', 2019, '7', 176, 4, 160),
(417, '05.04.2019 11:00', '', 2019, '8', 177, 4, 160),
(418, '05.04.2019 11:00', '', 2019, '9', 178, 4, 160),
(419, '05.04.2019 11:00', '', 2019, '10', 197, 4, 160),
(420, '05.04.2019 11:00', '', 2019, '11', 198, 4, 160),
(421, '05.04.2019 11:00', '', 2019, '12', 199, 4, 160),
(422, '05.04.2019 11:00', '', 2019, '13', 200, 4, 160),
(423, '05.04.2019 11:00', '', 2019, '14', 201, 4, 160),
(424, '05.04.2019 11:00', '', 2019, '15', 202, 4, 160),
(425, '05.04.2019 11:00', '', 2019, '16', 203, 4, 160),
(426, '08.04.2019 12:00', '', 2019, '1', 179, 4, 161),
(427, '08.04.2019 12:00', '', 2019, '2', 232, 4, 161),
(428, '08.04.2019 12:00', '', 2019, '3', 183, 4, 161),
(429, '08.04.2019 12:00', '', 2019, '4', 233, 4, 161),
(430, '08.04.2019 12:00', '', 2019, '5', 185, 4, 161),
(431, '08.04.2019 12:00', '', 2019, '6', 186, 4, 161),
(432, '08.04.2019 12:00', '', 2019, '7', 187, 4, 161),
(433, '08.04.2019 12:00', '', 2019, '8', 188, 4, 161),
(434, '08.04.2019 12:00', '', 2019, '9', 189, 4, 161),
(435, '08.04.2019 12:00', '', 2019, '10', 190, 4, 161),
(436, '08.04.2019 12:00', '', 2019, '11', 191, 4, 161),
(437, '08.04.2019 12:00', '', 2019, '12', 192, 4, 161),
(438, '08.04.2019 12:00', '', 2019, '13', 180, 4, 161),
(439, '08.04.2019 12:00', '', 2019, '14', 193, 4, 161),
(440, '08.04.2019 12:00', '', 2019, '15', 196, 4, 161),
(441, '15.04.2019 11:00', ' m=180.23 g', 2019, '1', 234, NULL, 162),
(442, '08.04.2019 12:00', '', 2019, '1', 190, 4, 163),
(443, '08.04.2019 12:00', '', 2019, '2', 191, 4, 163),
(444, '08.04.2019 12:00', '', 2019, '3', 180, 4, 163),
(445, '08.04.2019 12:00', '', 2019, '4', 193, 4, 163),
(446, '08.04.2019 12:00', '', 2019, '5', 196, 4, 163),
(447, '18.04.2019 11:00', '', 2019, '1', 127, 4, 164),
(448, '18.04.2019 11:00', '', 2019, '2', 128, 4, 164),
(449, '18.04.2019 11:00', '', 2019, '3', 129, 4, 164),
(450, '18.04.2019 11:00', '', 2019, '4', 130, 4, 164),
(451, '18.04.2019 11:00', '', 2019, '5', 140, 4, 164),
(452, '18.04.2019 11:00', '', 2019, '6', 131, 4, 164),
(453, '18.04.2019 11:00', '', 2019, '7', 132, 4, 164),
(454, '18.04.2019 11:00', '', 2019, '8', 213, 4, 164),
(455, '18.04.2019 11:00', '', 2019, '9', 134, 4, 164),
(456, '18.04.2019 11:00', '', 2019, '10', 135, 4, 164),
(457, '18.04.2019 12:00', '', 2019, '1', 107, 4, 165),
(458, '18.04.2019 14:00', ' m=233.32 g', 2019, '1', 235, NULL, 167),
(459, '04.04.2019 14:00', '', 2019, '1', 195, 4, 168),
(460, '04.04.2019 14:00', '', 2019, '2', 184, 4, 168),
(461, '08.04.2019 12:00', '', 2019, '3', 185, 4, 168),
(462, '08.04.2019 12:00', '', 2019, '4', 188, 4, 168),
(463, '05.04.2019 11:00', '', 2019, '1', 200, 4, 169),
(464, '11.04.2019 12:00', '', 2019, '1', 3, 4, 170),
(465, '11.04.2019 12:00', '', 2019, '2', 4, 4, 170),
(466, '16.04.2019 00:00', '', 2019, '1', 11, 4, 171),
(467, '30.04.2019 10:00', '', 2019, '1', 110, 5, 172),
(468, '16.04.2019 12:00', 'V = 18568.4 m3', 2019, '1', 1, 4, 173),
(469, '16.04.2019 12:00', 'V = 19548.4 m3', 2019, '2', 2, 4, 173),
(470, '14.04.2019 10:30', 'V=1612.8 m3', 2019, '1', 113, 4, 174),
(471, '19.04.2019 22:00', 'CO2+CO+CxHy', 2019, '1', 1, 4, 175),
(472, '19.04.2019 22:00', 'CO2', 2019, '2', 1, 4, 175),
(473, '19.04.2019 22:00', 'CO2+CO+CxHy', 2019, '3', 2, 4, 175),
(474, '19.04.2019 22:00', 'CO2', 2019, '4', 2, 4, 175),
(475, '16.04.2019 08:00', 'HT+HTO', 2019, '1', 1, 4, 176),
(476, '16.04.2019 08:00', 'HTO', 2019, '2', 1, 4, 176),
(477, '16.04.2019 08:00', 'HT+HTO', 2019, '3', 2, 4, 176),
(478, '16.04.2019 08:00', 'HTO', 2019, '4', 2, 4, 176),
(479, '11.04.2019 00:00', '', 2019, '1', 3, 4, 177),
(480, '11.04.2019 00:00', '', 2019, '2', 4, 4, 177),
(481, '17.04.2019 12:00', '', 2019, '1', 136, 4, 178),
(482, '17.04.2019 12:00', '', 2019, '2', 137, 4, 178),
(483, '17.04.2019 12:00', '', 2019, '3', 138, 4, 178),
(484, '17.04.2019 12:00', '', 2019, '4', 139, 4, 178),
(485, '10.05.2019 10:00', '', 2019, '1', 216, 5, 179),
(486, '10.05.2019 10:00', '', 2019, '2', 157, 5, 179),
(487, '10.05.2019 10:00', '', 2019, '3', 158, 5, 179),
(488, '10.05.2019 10:00', '', 2019, '4', 159, 5, 179),
(489, '10.05.2019 10:00', '', 2019, '5', 160, 5, 179),
(490, '10.05.2019 10:00', '', 2019, '6', 161, 5, 179),
(491, '10.05.2019 10:00', '', 2019, '7', 162, 5, 179),
(492, '10.05.2019 10:00', '', 2019, '8', 163, 5, 179),
(493, '10.05.2019 10:00', '', 2019, '9', 164, 5, 179),
(494, '10.05.2019 10:00', '', 2019, '10', 165, 5, 179),
(495, '10.05.2019 10:00', '', 2019, '11', 166, 5, 179),
(496, '10.05.2019 10:00', '', 2019, '12', 167, 5, 179),
(497, '10.05.2019 10:00', '', 2019, '13', 168, 5, 179),
(498, '10.05.2019 10:00', '', 2019, '14', 169, 5, 179),
(499, '10.05.2019 10:00', '', 2019, '1', 190, 5, 180),
(500, '10.05.2019 10:00', '', 2019, '2', 191, 5, 180),
(501, '10.05.2019 10:00', '', 2019, '3', 192, 5, 180),
(502, '10.05.2019 10:00', '', 2019, '4', 180, 5, 180),
(503, '10.05.2019 10:00', '', 2019, '5', 194, 5, 180),
(504, '10.05.2019 10:00', '', 2019, '6', 195, 5, 180),
(505, '10.05.2019 10:00', '', 2019, '7', 196, 5, 180),
(506, '10.05.2019 10:00', '', 2019, '8', 184, 5, 180),
(507, '11.04.2019 12:00', 'Кубош Остатък,   m~ 5g', 2019, '1', 6, NULL, 181),
(508, '11.04.2019 12:00', 'Йонно Обменна Смола,  m~ 5g', 2019, '2', 6, NULL, 181),
(509, '11.04.2019 12:00', 'Шлам,  m~ 5g', 2019, '3', 6, NULL, 181),
(510, '15.05.2019 12:00', '', 2019, '1', 236, 5, 182),
(511, '15.05.2019 12:00', '', 2019, '2', 237, 5, 182),
(512, '15.05.2019 12:00', '', 2019, '3', 238, 5, 182),
(513, '15.05.2019 12:00', '', 2019, '4', 239, 5, 182),
(514, '15.05.2019 12:00', '', 2019, '5', 240, 5, 182),
(515, '15.05.2019 12:00', '', 2019, '6', 241, 5, 182),
(516, '15.05.2019 12:00', '', 2019, '7', 242, 5, 182),
(517, '15.05.2019 12:00', '', 2019, '8', 243, 5, 182),
(518, '15.05.2019 12:00', '', 2019, '9', 244, 5, 182),
(519, '16.05.2019 15:00', '', 2019, '1', 107, 5, 183),
(520, '16.05.2019 15:00', '', 2019, '2', 245, 5, 183),
(521, '14.05.2019 00:00', '', 2019, '1', 3, 5, 184),
(522, '14.05.2019 00:00', '', 2019, '2', 11, 5, 184),
(523, '17.05.2019 10:00', 'V = 24493.5 m3', 2019, '1', 1, 5, 185),
(524, '17.05.2019 10:00', 'V = 25129.7 m3', 2019, '2', 2, 5, 185),
(525, '19.05.2019 00:00', '', 2019, '1', 136, 5, 186),
(526, '19.05.2019 00:00', '', 2019, '2', 137, 5, 186),
(527, '19.05.2019 00:00', '', 2019, '3', 138, 5, 186),
(528, '19.05.2019 00:00', '', 2019, '4', 139, 5, 186),
(529, '15.05.2019 22:30', 'V= 1562.4 m3', 2019, '1', 113, 5, 187),
(530, '05.06.2019 14:00', '', 2019, '1', 221, 6, 188),
(531, '05.06.2019 14:00', '', 2019, '2', 222, 6, 188),
(532, '05.06.2019 14:00', '', 2019, '3', 223, 6, 188),
(533, '05.06.2019 14:00', '', 2019, '4', 224, 6, 188),
(534, '05.06.2019 14:00', '', 2019, '5', 225, 6, 188),
(535, '05.06.2019 14:00', '', 2019, '6', 214, 6, 188),
(536, '05.06.2019 14:00', '', 2019, '7', 226, 6, 188),
(537, '05.06.2019 14:00', '', 2019, '8', 227, 6, 188),
(538, '05.06.2019 14:00', '', 2019, '9', 228, 6, 188),
(539, '05.06.2019 14:00', '', 2019, '10', 229, 6, 188),
(540, '05.06.2019 14:00', '', 2019, '11', 230, 6, 188),
(541, '05.06.2019 14:00', '', 2019, '12', 231, 6, 188),
(542, '05.06.2019 14:00', '', 2019, '13', 190, 6, 188),
(543, '05.06.2019 14:00', '', 2019, '14', 191, 6, 188),
(544, '05.06.2019 14:00', '', 2019, '15', 192, 6, 188),
(545, '05.06.2019 14:00', '', 2019, '16', 180, 6, 188),
(546, '05.06.2019 14:00', '', 2019, '17', 194, 6, 188),
(547, '05.06.2019 14:00', '', 2019, '18', 195, 6, 188),
(548, '05.06.2019 14:00', '', 2019, '19', 196, 6, 188),
(549, '05.06.2019 14:00', '', 2019, '20', 184, 6, 188),
(550, '18.05.2019 00:00', 'HT+HTO', 2019, '1', 1, 5, 189),
(551, '18.05.2019 00:00', 'HTO', 2019, '2', 1, 5, 189),
(552, '18.05.2019 00:00', 'HT+HTO', 2019, '3', 2, 5, 189),
(553, '18.05.2019 00:00', 'HTO', 2019, '4', 2, 5, 189),
(554, '22.05.2019 12:00', 'CO2+CO+CxHy', 2019, '1', 1, 5, 190),
(555, '22.05.2019 12:00', 'CO2', 2019, '2', 1, 5, 190),
(556, '22.05.2019 12:00', 'CO2+CO+CxHy', 2019, '3', 2, 5, 190),
(557, '22.05.2019 12:00', 'CO2', 2019, '4', 2, 5, 190),
(558, '14.05.2019 00:00', '', 2019, '1', 3, 5, 191),
(559, '31.05.2019 09:00', '', 2019, '1', 107, 6, 192),
(560, '23.05.2019 13:00', '', 2019, '1', 110, 5, 193),
(561, '10.06.2019 14:00', '', 2019, '1', 110, 6, 194),
(562, '10.05.2019 10:00', '', 2019, '1', 162, 5, 195),
(563, '10.05.2019 10:00', '', 2019, '2', 195, 5, 195),
(564, '10.05.2019 10:00', '', 2019, '3', 184, 5, 195),
(565, '13.06.2019 10:00', '', 2019, '1', 245, 6, 196),
(566, '13.06.2019 09:00', 'V~ 1l', 2019, '1', 246, NULL, 197),
(567, '12.06.2019 14:00', '16/011 m= 191.13 g', 2019, '1', 144, NULL, 198),
(568, '12.06.2019 14:00', '16/021 m= 128.29 g', 2019, '2', 144, NULL, 198),
(569, '12.06.2019 14:00', '16/031 m= 119.49 g', 2019, '3', 144, NULL, 198),
(570, '12.06.2019 14:00', '16/041 m= 183.87 g', 2019, '4', 144, NULL, 198),
(571, '12.06.2019 14:00', '16/051 m= 143.40 g', 2019, '5', 144, NULL, 198),
(572, '12.06.2019 14:00', '17/011 m= 171.22 g', 2019, '1', 144, NULL, 199),
(573, '12.06.2019 14:00', '17/021 m= 175.16 g', 2019, '2', 144, NULL, 199),
(574, '12.06.2019 14:00', '17/031 m= 144.96 g', 2019, '3', 144, NULL, 199),
(575, '12.06.2019 14:00', '17/041 m= 194.80 g', 2019, '4', 144, NULL, 199),
(576, '12.06.2019 14:00', '17/051 m= 176.98 g', 2019, '5', 144, NULL, 199),
(577, '12.06.2019 14:00', '18/011 m= 143.60 g', 2019, '1', 144, NULL, 200),
(578, '12.06.2019 14:00', '18/021 m= 178.53 g', 2019, '2', 144, NULL, 200),
(579, '12.06.2019 14:00', '18/031 m= 141.48 g', 2019, '3', 144, NULL, 200),
(580, '12.06.2019 14:00', '18/041 m= 153.54 g', 2019, '4', 144, NULL, 200),
(581, '12.06.2019 14:00', '18/051 m= 157.09 g', 2019, '5', 144, NULL, 200),
(582, '18.06.2019 12:00', '', 2019, '1', 107, 6, 201),
(583, '19.06.2019 10:00', '', 2019, '1', 144, 6, 202),
(584, '19.06.2019 10:00', '', 2019, '2', 145, 6, 202),
(585, '19.06.2019 10:00', '', 2019, '3', 146, 6, 202),
(586, '19.06.2019 10:00', '', 2019, '4', 147, 6, 202),
(587, '19.06.2019 10:00', '', 2019, '5', 148, 6, 202),
(588, '19.06.2019 10:00', '', 2019, '6', 149, 6, 202),
(589, '19.06.2019 10:00', '', 2019, '7', 150, 6, 202),
(590, '19.06.2019 10:00', '', 2019, '8', 151, 6, 202),
(591, '19.06.2019 10:00', '', 2019, '1', 127, 6, 203),
(592, '19.06.2019 10:00', '', 2019, '2', 128, 6, 203),
(593, '19.06.2019 10:00', '', 2019, '3', 129, 6, 203),
(594, '19.06.2019 10:00', '', 2019, '4', 130, 6, 203),
(595, '19.06.2019 10:00', '', 2019, '5', 140, 6, 203),
(596, '19.06.2019 10:00', '', 2019, '6', 131, 6, 203),
(597, '19.06.2019 10:00', '', 2019, '7', 132, 6, 203),
(598, '19.06.2019 10:00', '', 2019, '8', 134, 6, 203),
(599, '19.06.2019 10:00', '', 2019, '9', 135, 6, 203);

-- --------------------------------------------------------

--
-- Структура на таблица `tsi`
--

CREATE TABLE `tsi` (
  `ID_TSI` int(11) NOT NULL,
  `DESCRIPT` varchar(255) DEFAULT NULL,
  `NAME` varchar(255) DEFAULT NULL
) ENGINE=InnoDB DEFAULT CHARSET=utf8;

--
-- Схема на данните от таблица `tsi`
--

INSERT INTO `tsi` (`ID_TSI`, `DESCRIPT`, `NAME`) VALUES
(1, 'гама Canberra', 'T/17'),
(2, 'гама Canberra', 'T/24/A'),
(3, 'гама Canberra', 'T/19/A'),
(4, 'гама Canberra', 'T/23A'),
(5, 'алфа Canberra', 'T/20/A'),
(6, 'алфа Orteg', 'T/04/A'),
(7, 'LSC Tri Carb', 'T/21/A'),
(8, 'LSC Quantulus', 'T/05/A'),
(9, '', '');

-- --------------------------------------------------------

--
-- Структура на таблица `users`
--

CREATE TABLE `users` (
  `ID_USERS` int(11) NOT NULL,
  `FAMILY` varchar(255) DEFAULT NULL,
  `ISADMIN` tinyint(1) DEFAULT '0',
  `NAME` varchar(255) DEFAULT NULL,
  `NIKNAME` varchar(255) DEFAULT NULL,
  `PASS` varchar(255) DEFAULT NULL,
  `POST_ID_POST` int(11) DEFAULT NULL
) ENGINE=InnoDB DEFAULT CHARSET=utf8;

--
-- Схема на данните от таблица `users`
--

INSERT INTO `users` (`ID_USERS`, `FAMILY`, `ISADMIN`, `NAME`, `NIKNAME`, `PASS`, `POST_ID_POST`) VALUES
(1, 'Непознат', 0, 'Непознат', '555', '123', 1),
(2, 'Балачев', 0, 'Михаил', 'mbalachev', '123', 2),
(3, 'Катранкиев', 0, 'Петър', 'pkatrankiev', '123', 2),
(4, 'Илиев', 1, 'Мартин', 'miliev', '123', 4),
(5, 'Денова', 0, 'Таня', 'denova', '123', 3),
(6, 'Иванов', 0, 'Иван', 'ivanow', '123', 3),
(7, 'Михайлова', 0, 'Малинка', 'malinka', '123', 3),
(8, 'Иванова', 0, 'Зорница', 'zory', '123', 3),
(9, 'Йовова', 0, 'Ивелина', 'iva', '123', 3),
(10, '', 0, '', '-', '', 3);

-- --------------------------------------------------------

--
-- Структура на таблица `zabelejki`
--

CREATE TABLE `zabelejki` (
  `ID_ZABELEJKI` int(11) NOT NULL,
  `NAME` varchar(255) DEFAULT NULL
) ENGINE=InnoDB DEFAULT CHARSET=utf8;

--
-- Схема на данните от таблица `zabelejki`
--

INSERT INTO `zabelejki` (`ID_ZABELEJKI`, `NAME`) VALUES
(1, 'Към неопределеността е добавена 10% систематична грешка.'),
(5, ''),
(8, 'Да се докладват съответните лимитни стойности от НРЗ от 20.02.2018'),
(9, 'Наредба за радиационна защита, обн., ДВ, бр. 16 от 20.02.2018 г., Приложение № 2, Таблица № 5');

--
-- Indexes for dumped tables
--

--
-- Indexes for table `aplicant`
--
ALTER TABLE `aplicant`
  ADD PRIMARY KEY (`ID_APLICANT`);

--
-- Indexes for table `dimension`
--
ALTER TABLE `dimension`
  ADD PRIMARY KEY (`ID_DIMENSION`),
  ADD UNIQUE KEY `NAME` (`NAME`);

--
-- Indexes for table `dobiv`
--
ALTER TABLE `dobiv`
  ADD PRIMARY KEY (`ID_DOBIV`),
  ADD KEY `FK_DOBIV_TSI_ID_TSI` (`TSI_ID_TSI`),
  ADD KEY `FK_DOBIV_NUCLIDE_ID_NUCLIDE` (`NUCLIDE_ID_NUCLIDE`),
  ADD KEY `FK_DOBIV_USER_MEASUR_ID_USERS` (`USER_MEASUR_ID_USERS`),
  ADD KEY `FK_DOBIV_METODY_ID_METODY` (`METODY_ID_METODY`),
  ADD KEY `FK_DOBIV_USER_CHIM_OPER_ID_USERS` (`USER_CHIM_OPER_ID_USERS`),
  ADD KEY `FK_DOBIV_IZPITVAN_PRODUKT_ID_IZPITVAN_PRODUKT` (`IZPITVAN_PRODUKT_ID_IZPITVAN_PRODUKT`),
  ADD KEY `FK_DOBIV_USER_REDAC_ID_USERS` (`USER_REDAC_ID_USERS`);

--
-- Indexes for table `dopalniziskv`
--
ALTER TABLE `dopalniziskv`
  ADD PRIMARY KEY (`ID_DOPIZIS`);

--
-- Indexes for table `external_applicant`
--
ALTER TABLE `external_applicant`
  ADD PRIMARY KEY (`ID_EXTERNAL_APPLICANT`);

--
-- Indexes for table `extra_module`
--
ALTER TABLE `extra_module`
  ADD PRIMARY KEY (`ID_EXTRA_MODULE`),
  ADD KEY `FK_EXTRA_MODULE_DOPLIZIS_ID_DOPIZIS` (`DOPLIZIS_ID_DOPIZIS`),
  ADD KEY `FK_EXTRA_MODULE_APLICANT_ID_APLICANT` (`APLICANT_ID_APLICANT`),
  ADD KEY `EXTRAMODULEEXTERNALAPPLICANT_ID_EXTERNAL_APPLICANT` (`EXTERNAL_APPLICANT_ID_EXTERNAL_APPLICANT`),
  ADD KEY `EXTRAMODULEINTERNALAPPLICANT_ID_INTERNAL_APPLICANT` (`INTERNAL_APPLICANT_ID_INTERNAL_APPLICANT`);

--
-- Indexes for table `ind_num_doc`
--
ALTER TABLE `ind_num_doc`
  ADD PRIMARY KEY (`ID_IND_NUM_DOC`);

--
-- Indexes for table `internal_applicant`
--
ALTER TABLE `internal_applicant`
  ADD PRIMARY KEY (`ID_INTERNAL_APPLICANT`);

--
-- Indexes for table `izpitvanpokazatel`
--
ALTER TABLE `izpitvanpokazatel`
  ADD PRIMARY KEY (`ID_POKAZATEL`),
  ADD KEY `FK_IZPITVANPOKAZATEL_METODY_ID_METODY` (`METODY_ID_METODY`),
  ADD KEY `FK_IZPITVANPOKAZATEL_REQUEST_ID_RECUEST` (`REQUEST_ID_RECUEST`),
  ADD KEY `FK_IZPITVANPOKAZATEL_POKAZATEL_ID_POKAZATEL` (`POKAZATEL_ID_POKAZATEL`);

--
-- Indexes for table `izpitvan_produkt`
--
ALTER TABLE `izpitvan_produkt`
  ADD PRIMARY KEY (`ID_IZPITVAN_PRODUKT`);

--
-- Indexes for table `list_izpitvan_pokazatel`
--
ALTER TABLE `list_izpitvan_pokazatel`
  ADD PRIMARY KEY (`ID_POKAZATEL`);

--
-- Indexes for table `metody`
--
ALTER TABLE `metody`
  ADD PRIMARY KEY (`ID_METODY`);

--
-- Indexes for table `metody_to_niclidefordobive`
--
ALTER TABLE `metody_to_niclidefordobive`
  ADD PRIMARY KEY (`ID_METODY_TO_NICLIDEFORDOBIVE`),
  ADD KEY `FK_METODY_TO_NICLIDEFORDOBIVE_NUCLIDE_ID_NUCLIDE` (`NUCLIDE_ID_NUCLIDE`),
  ADD KEY `FK_METODY_TO_NICLIDEFORDOBIVE_METODY_ID_METODY` (`METODY_ID_METODY`);

--
-- Indexes for table `metody_to_pokazatel`
--
ALTER TABLE `metody_to_pokazatel`
  ADD PRIMARY KEY (`ID_METODY_TO_POKAZATEL`),
  ADD KEY `FK_METODY_TO_POKAZATEL_METODY_ID_METODY` (`METODY_ID_METODY`),
  ADD KEY `FK_METODY_TO_POKAZATEL_POKAZATEL_ID_POKAZATEL` (`POKAZATEL_ID_POKAZATEL`);

--
-- Indexes for table `naredbi`
--
ALTER TABLE `naredbi`
  ADD PRIMARY KEY (`ID_NAREDBI`),
  ADD KEY `FK_NAREDBI_RAZMERNOST_ID_RAZMERNOSTI` (`RAZMERNOST_ID_RAZMERNOSTI`);

--
-- Indexes for table `normi`
--
ALTER TABLE `normi`
  ADD PRIMARY KEY (`ID_NORMI`),
  ADD KEY `FK_NORMI_NAREDBI_ID_NAREDBI` (`NAREDBI_ID_NAREDBI`),
  ADD KEY `FK_NORMI_NUCLIDE_ID_NUCLIDE` (`NUCLIDE_ID_NUCLIDE`);

--
-- Indexes for table `nuclide`
--
ALTER TABLE `nuclide`
  ADD PRIMARY KEY (`ID_NUCLIDE`);

--
-- Indexes for table `nuclide_to_pokazatel`
--
ALTER TABLE `nuclide_to_pokazatel`
  ADD PRIMARY KEY (`ID_NUCLIDE_TO_POKAZATEL`),
  ADD KEY `FK_NUCLIDE_TO_POKAZATEL_NUCLIDE_ID_NUCLIDE` (`NUCLIDE_ID_NUCLIDE`),
  ADD KEY `FK_NUCLIDE_TO_POKAZATEL_POKAZATEL_ID_POKAZATEL` (`POKAZATEL_ID_POKAZATEL`);

--
-- Indexes for table `obekt_na_izpitvane_request`
--
ALTER TABLE `obekt_na_izpitvane_request`
  ADD PRIMARY KEY (`ID_OBEKT_NA_IZPITVANE`);

--
-- Indexes for table `obekt_na_izpitvane_sample`
--
ALTER TABLE `obekt_na_izpitvane_sample`
  ADD PRIMARY KEY (`ID_OBEKT_NA_IZPITVANE`),
  ADD KEY `BKTNZPTVNESAMPLEBCTZPTVNEREQUESTIDOBEKTNAIZPITVANE` (`OBECT_IZPITVANE_REQUEST_ID_OBEKT_NA_IZPITVANE`);

--
-- Indexes for table `otclonenie`
--
ALTER TABLE `otclonenie`
  ADD PRIMARY KEY (`ID_OTCLON`);

--
-- Indexes for table `period`
--
ALTER TABLE `period`
  ADD PRIMARY KEY (`ID_PERIOD`);

--
-- Indexes for table `post`
--
ALTER TABLE `post`
  ADD PRIMARY KEY (`ID_POST`);

--
-- Indexes for table `razmernosti`
--
ALTER TABLE `razmernosti`
  ADD PRIMARY KEY (`ID_RAZMERNOSTI`);

--
-- Indexes for table `request`
--
ALTER TABLE `request`
  ADD PRIMARY KEY (`ID_RECUEST`),
  ADD UNIQUE KEY `recuest_code` (`recuest_code`),
  ADD KEY `FK_REQUEST_IND_NUM_DOC_ID_IND_NUM_DOC` (`IND_NUM_DOC_ID_IND_NUM_DOC`),
  ADD KEY `REQUESTOBEKTNAIZPITVANEREQUESTIDOBEKT_NA_IZPITVANE` (`OBEKT_NA_IZPITVANE_REQUEST_ID_OBEKT_NA_IZPITVANE`),
  ADD KEY `FK_REQUEST_ZABELEJKI_ID_ZABELEJKI` (`ZABELEJKI_ID_ZABELEJKI`),
  ADD KEY `FK_REQUEST_IZPITVAN_PRODUKT_ID_IZPITVAN_PRODUKT` (`IZPITVAN_PRODUKT_ID_IZPITVAN_PRODUKT`),
  ADD KEY `FK_REQUEST_USERS_ID_USERS` (`USERS_ID_USERS`),
  ADD KEY `FK_REQUEST_RAZMERNOSTI_ID_RAZMERNOSTI` (`RAZMERNOSTI_ID_RAZMERNOSTI`),
  ADD KEY `FK_REQUEST_EXTRA_MODULE_ID_EXTRA_MODULE` (`EXTRA_MODULE_ID_EXTRA_MODULE`);

--
-- Indexes for table `request_to_obektnaizpitvanerequest`
--
ALTER TABLE `request_to_obektnaizpitvanerequest`
  ADD PRIMARY KEY (`ID`),
  ADD KEY `RQSTTBEKTNAIZPITVANEREQUESTBKTNZPDOBEKTNAIZPITVANE` (`OBEKTNAIZP_ID_OBEKT_NA_IZPITVANE`),
  ADD KEY `REQUESTTOOBEKTNAIZPITVANEREQUESTREQUEST_ID_RECUEST` (`REQUEST_ID_RECUEST`);

--
-- Indexes for table `results`
--
ALTER TABLE `results`
  ADD PRIMARY KEY (`ID_RESULTS`),
  ADD KEY `TSI_ID_TSI` (`TSI_ID_TSI`);

--
-- Indexes for table `sample`
--
ALTER TABLE `sample`
  ADD PRIMARY KEY (`ID_SAMPLE`),
  ADD KEY `FK_SAMPLE_PERIOD_ID_PERIOD` (`PERIOD_ID_PERIOD`),
  ADD KEY `FK_SAMPLE_OBEKT_NA_IZPITVANE_ID_OBEKT_NA_IZPITVANE` (`OBEKT_NA_IZPITVANE_ID_OBEKT_NA_IZPITVANE`),
  ADD KEY `FK_SAMPLE_REQUEST_ID_RECUEST` (`REQUEST_ID_RECUEST`),
  ADD KEY `SAMPLE_CODE` (`SAMPLE_CODE`);

--
-- Indexes for table `tsi`
--
ALTER TABLE `tsi`
  ADD PRIMARY KEY (`ID_TSI`);

--
-- Indexes for table `users`
--
ALTER TABLE `users`
  ADD PRIMARY KEY (`ID_USERS`),
  ADD KEY `FK_USERS_POST_ID_POST` (`POST_ID_POST`);

--
-- Indexes for table `zabelejki`
--
ALTER TABLE `zabelejki`
  ADD PRIMARY KEY (`ID_ZABELEJKI`);

--
-- AUTO_INCREMENT for dumped tables
--

--
-- AUTO_INCREMENT for table `aplicant`
--
ALTER TABLE `aplicant`
  MODIFY `ID_APLICANT` int(11) NOT NULL AUTO_INCREMENT, AUTO_INCREMENT=13;

--
-- AUTO_INCREMENT for table `dimension`
--
ALTER TABLE `dimension`
  MODIFY `ID_DIMENSION` int(11) NOT NULL AUTO_INCREMENT, AUTO_INCREMENT=10;

--
-- AUTO_INCREMENT for table `dobiv`
--
ALTER TABLE `dobiv`
  MODIFY `ID_DOBIV` int(11) NOT NULL AUTO_INCREMENT, AUTO_INCREMENT=127;

--
-- AUTO_INCREMENT for table `dopalniziskv`
--
ALTER TABLE `dopalniziskv`
  MODIFY `ID_DOPIZIS` int(11) NOT NULL AUTO_INCREMENT, AUTO_INCREMENT=5;

--
-- AUTO_INCREMENT for table `external_applicant`
--
ALTER TABLE `external_applicant`
  MODIFY `ID_EXTERNAL_APPLICANT` int(11) NOT NULL AUTO_INCREMENT, AUTO_INCREMENT=7;

--
-- AUTO_INCREMENT for table `extra_module`
--
ALTER TABLE `extra_module`
  MODIFY `ID_EXTRA_MODULE` int(11) NOT NULL AUTO_INCREMENT, AUTO_INCREMENT=64;

--
-- AUTO_INCREMENT for table `ind_num_doc`
--
ALTER TABLE `ind_num_doc`
  MODIFY `ID_IND_NUM_DOC` int(11) NOT NULL AUTO_INCREMENT, AUTO_INCREMENT=6;

--
-- AUTO_INCREMENT for table `internal_applicant`
--
ALTER TABLE `internal_applicant`
  MODIFY `ID_INTERNAL_APPLICANT` int(11) NOT NULL AUTO_INCREMENT, AUTO_INCREMENT=28;

--
-- AUTO_INCREMENT for table `izpitvanpokazatel`
--
ALTER TABLE `izpitvanpokazatel`
  MODIFY `ID_POKAZATEL` int(11) NOT NULL AUTO_INCREMENT, AUTO_INCREMENT=392;

--
-- AUTO_INCREMENT for table `izpitvan_produkt`
--
ALTER TABLE `izpitvan_produkt`
  MODIFY `ID_IZPITVAN_PRODUKT` int(11) NOT NULL AUTO_INCREMENT, AUTO_INCREMENT=12;

--
-- AUTO_INCREMENT for table `list_izpitvan_pokazatel`
--
ALTER TABLE `list_izpitvan_pokazatel`
  MODIFY `ID_POKAZATEL` int(11) NOT NULL AUTO_INCREMENT, AUTO_INCREMENT=12;

--
-- AUTO_INCREMENT for table `metody`
--
ALTER TABLE `metody`
  MODIFY `ID_METODY` int(11) NOT NULL AUTO_INCREMENT, AUTO_INCREMENT=16;

--
-- AUTO_INCREMENT for table `metody_to_niclidefordobive`
--
ALTER TABLE `metody_to_niclidefordobive`
  MODIFY `ID_METODY_TO_NICLIDEFORDOBIVE` int(11) NOT NULL AUTO_INCREMENT, AUTO_INCREMENT=22;

--
-- AUTO_INCREMENT for table `metody_to_pokazatel`
--
ALTER TABLE `metody_to_pokazatel`
  MODIFY `ID_METODY_TO_POKAZATEL` int(11) NOT NULL AUTO_INCREMENT, AUTO_INCREMENT=15;

--
-- AUTO_INCREMENT for table `naredbi`
--
ALTER TABLE `naredbi`
  MODIFY `ID_NAREDBI` int(11) NOT NULL AUTO_INCREMENT, AUTO_INCREMENT=3;

--
-- AUTO_INCREMENT for table `normi`
--
ALTER TABLE `normi`
  MODIFY `ID_NORMI` int(11) NOT NULL AUTO_INCREMENT, AUTO_INCREMENT=6;

--
-- AUTO_INCREMENT for table `nuclide`
--
ALTER TABLE `nuclide`
  MODIFY `ID_NUCLIDE` int(11) NOT NULL AUTO_INCREMENT, AUTO_INCREMENT=68;

--
-- AUTO_INCREMENT for table `nuclide_to_pokazatel`
--
ALTER TABLE `nuclide_to_pokazatel`
  MODIFY `ID_NUCLIDE_TO_POKAZATEL` int(11) NOT NULL AUTO_INCREMENT, AUTO_INCREMENT=66;

--
-- AUTO_INCREMENT for table `obekt_na_izpitvane_request`
--
ALTER TABLE `obekt_na_izpitvane_request`
  MODIFY `ID_OBEKT_NA_IZPITVANE` int(11) NOT NULL AUTO_INCREMENT, AUTO_INCREMENT=190;

--
-- AUTO_INCREMENT for table `obekt_na_izpitvane_sample`
--
ALTER TABLE `obekt_na_izpitvane_sample`
  MODIFY `ID_OBEKT_NA_IZPITVANE` int(11) NOT NULL AUTO_INCREMENT, AUTO_INCREMENT=247;

--
-- AUTO_INCREMENT for table `otclonenie`
--
ALTER TABLE `otclonenie`
  MODIFY `ID_OTCLON` int(11) NOT NULL AUTO_INCREMENT, AUTO_INCREMENT=3;

--
-- AUTO_INCREMENT for table `period`
--
ALTER TABLE `period`
  MODIFY `ID_PERIOD` int(11) NOT NULL AUTO_INCREMENT, AUTO_INCREMENT=100;

--
-- AUTO_INCREMENT for table `post`
--
ALTER TABLE `post`
  MODIFY `ID_POST` int(11) NOT NULL AUTO_INCREMENT, AUTO_INCREMENT=5;

--
-- AUTO_INCREMENT for table `razmernosti`
--
ALTER TABLE `razmernosti`
  MODIFY `ID_RAZMERNOSTI` int(11) NOT NULL AUTO_INCREMENT, AUTO_INCREMENT=10;

--
-- AUTO_INCREMENT for table `request`
--
ALTER TABLE `request`
  MODIFY `ID_RECUEST` int(11) NOT NULL AUTO_INCREMENT, AUTO_INCREMENT=204;

--
-- AUTO_INCREMENT for table `request_to_obektnaizpitvanerequest`
--
ALTER TABLE `request_to_obektnaizpitvanerequest`
  MODIFY `ID` int(11) NOT NULL AUTO_INCREMENT, AUTO_INCREMENT=190;

--
-- AUTO_INCREMENT for table `results`
--
ALTER TABLE `results`
  MODIFY `ID_RESULTS` int(11) NOT NULL AUTO_INCREMENT, AUTO_INCREMENT=1580;

--
-- AUTO_INCREMENT for table `sample`
--
ALTER TABLE `sample`
  MODIFY `ID_SAMPLE` int(11) NOT NULL AUTO_INCREMENT, AUTO_INCREMENT=600;

--
-- AUTO_INCREMENT for table `tsi`
--
ALTER TABLE `tsi`
  MODIFY `ID_TSI` int(11) NOT NULL AUTO_INCREMENT, AUTO_INCREMENT=10;

--
-- AUTO_INCREMENT for table `users`
--
ALTER TABLE `users`
  MODIFY `ID_USERS` int(11) NOT NULL AUTO_INCREMENT, AUTO_INCREMENT=11;

--
-- AUTO_INCREMENT for table `zabelejki`
--
ALTER TABLE `zabelejki`
  MODIFY `ID_ZABELEJKI` int(11) NOT NULL AUTO_INCREMENT, AUTO_INCREMENT=10;

--
-- Ограничения за дъмпнати таблици
--

--
-- Ограничения за таблица `dobiv`
--
ALTER TABLE `dobiv`
  ADD CONSTRAINT `FK_DOBIV_IZPITVAN_PRODUKT_ID_IZPITVAN_PRODUKT` FOREIGN KEY (`IZPITVAN_PRODUKT_ID_IZPITVAN_PRODUKT`) REFERENCES `izpitvan_produkt` (`ID_IZPITVAN_PRODUKT`),
  ADD CONSTRAINT `FK_DOBIV_METODY_ID_METODY` FOREIGN KEY (`METODY_ID_METODY`) REFERENCES `metody` (`ID_METODY`),
  ADD CONSTRAINT `FK_DOBIV_NUCLIDE_ID_NUCLIDE` FOREIGN KEY (`NUCLIDE_ID_NUCLIDE`) REFERENCES `nuclide` (`ID_NUCLIDE`),
  ADD CONSTRAINT `FK_DOBIV_TSI_ID_TSI` FOREIGN KEY (`TSI_ID_TSI`) REFERENCES `tsi` (`ID_TSI`),
  ADD CONSTRAINT `FK_DOBIV_USER_CHIM_OPER_ID_USERS` FOREIGN KEY (`USER_CHIM_OPER_ID_USERS`) REFERENCES `users` (`ID_USERS`),
  ADD CONSTRAINT `FK_DOBIV_USER_MEASUR_ID_USERS` FOREIGN KEY (`USER_MEASUR_ID_USERS`) REFERENCES `users` (`ID_USERS`),
  ADD CONSTRAINT `FK_DOBIV_USER_REDAC_ID_USERS` FOREIGN KEY (`USER_REDAC_ID_USERS`) REFERENCES `users` (`ID_USERS`);

--
-- Ограничения за таблица `extra_module`
--
ALTER TABLE `extra_module`
  ADD CONSTRAINT `EXTRAMODULEEXTERNALAPPLICANT_ID_EXTERNAL_APPLICANT` FOREIGN KEY (`EXTERNAL_APPLICANT_ID_EXTERNAL_APPLICANT`) REFERENCES `external_applicant` (`ID_EXTERNAL_APPLICANT`),
  ADD CONSTRAINT `EXTRAMODULEINTERNALAPPLICANT_ID_INTERNAL_APPLICANT` FOREIGN KEY (`INTERNAL_APPLICANT_ID_INTERNAL_APPLICANT`) REFERENCES `internal_applicant` (`ID_INTERNAL_APPLICANT`),
  ADD CONSTRAINT `FK_EXTRA_MODULE_APLICANT_ID_APLICANT` FOREIGN KEY (`APLICANT_ID_APLICANT`) REFERENCES `aplicant` (`ID_APLICANT`),
  ADD CONSTRAINT `FK_EXTRA_MODULE_DOPLIZIS_ID_DOPIZIS` FOREIGN KEY (`DOPLIZIS_ID_DOPIZIS`) REFERENCES `dopalniziskv` (`ID_DOPIZIS`);

--
-- Ограничения за таблица `izpitvanpokazatel`
--
ALTER TABLE `izpitvanpokazatel`
  ADD CONSTRAINT `FK_IZPITVANPOKAZATEL_METODY_ID_METODY` FOREIGN KEY (`METODY_ID_METODY`) REFERENCES `metody` (`ID_METODY`),
  ADD CONSTRAINT `FK_IZPITVANPOKAZATEL_POKAZATEL_ID_POKAZATEL` FOREIGN KEY (`POKAZATEL_ID_POKAZATEL`) REFERENCES `list_izpitvan_pokazatel` (`ID_POKAZATEL`),
  ADD CONSTRAINT `FK_IZPITVANPOKAZATEL_REQUEST_ID_RECUEST` FOREIGN KEY (`REQUEST_ID_RECUEST`) REFERENCES `request` (`ID_RECUEST`);

--
-- Ограничения за таблица `metody_to_pokazatel`
--
ALTER TABLE `metody_to_pokazatel`
  ADD CONSTRAINT `FK_METODY_TO_POKAZATEL_METODY_ID_METODY` FOREIGN KEY (`METODY_ID_METODY`) REFERENCES `metody` (`ID_METODY`),
  ADD CONSTRAINT `FK_METODY_TO_POKAZATEL_POKAZATEL_ID_POKAZATEL` FOREIGN KEY (`POKAZATEL_ID_POKAZATEL`) REFERENCES `list_izpitvan_pokazatel` (`ID_POKAZATEL`);

--
-- Ограничения за таблица `naredbi`
--
ALTER TABLE `naredbi`
  ADD CONSTRAINT `FK_NAREDBI_RAZMERNOST_ID_RAZMERNOSTI` FOREIGN KEY (`RAZMERNOST_ID_RAZMERNOSTI`) REFERENCES `razmernosti` (`ID_RAZMERNOSTI`);

--
-- Ограничения за таблица `normi`
--
ALTER TABLE `normi`
  ADD CONSTRAINT `FK_NORMI_NAREDBI_ID_NAREDBI` FOREIGN KEY (`NAREDBI_ID_NAREDBI`) REFERENCES `naredbi` (`ID_NAREDBI`),
  ADD CONSTRAINT `FK_NORMI_NUCLIDE_ID_NUCLIDE` FOREIGN KEY (`NUCLIDE_ID_NUCLIDE`) REFERENCES `nuclide` (`ID_NUCLIDE`);

--
-- Ограничения за таблица `nuclide_to_pokazatel`
--
ALTER TABLE `nuclide_to_pokazatel`
  ADD CONSTRAINT `FK_NUCLIDE_TO_POKAZATEL_NUCLIDE_ID_NUCLIDE` FOREIGN KEY (`NUCLIDE_ID_NUCLIDE`) REFERENCES `nuclide` (`ID_NUCLIDE`),
  ADD CONSTRAINT `FK_NUCLIDE_TO_POKAZATEL_POKAZATEL_ID_POKAZATEL` FOREIGN KEY (`POKAZATEL_ID_POKAZATEL`) REFERENCES `list_izpitvan_pokazatel` (`ID_POKAZATEL`);

--
-- Ограничения за таблица `obekt_na_izpitvane_sample`
--
ALTER TABLE `obekt_na_izpitvane_sample`
  ADD CONSTRAINT `BKTNZPTVNESAMPLEBCTZPTVNEREQUESTIDOBEKTNAIZPITVANE` FOREIGN KEY (`OBECT_IZPITVANE_REQUEST_ID_OBEKT_NA_IZPITVANE`) REFERENCES `obekt_na_izpitvane_request` (`ID_OBEKT_NA_IZPITVANE`);

--
-- Ограничения за таблица `request`
--
ALTER TABLE `request`
  ADD CONSTRAINT `FK_REQUEST_EXTRA_MODULE_ID_EXTRA_MODULE` FOREIGN KEY (`EXTRA_MODULE_ID_EXTRA_MODULE`) REFERENCES `extra_module` (`ID_EXTRA_MODULE`),
  ADD CONSTRAINT `FK_REQUEST_IND_NUM_DOC_ID_IND_NUM_DOC` FOREIGN KEY (`IND_NUM_DOC_ID_IND_NUM_DOC`) REFERENCES `ind_num_doc` (`ID_IND_NUM_DOC`),
  ADD CONSTRAINT `FK_REQUEST_IZPITVAN_PRODUKT_ID_IZPITVAN_PRODUKT` FOREIGN KEY (`IZPITVAN_PRODUKT_ID_IZPITVAN_PRODUKT`) REFERENCES `izpitvan_produkt` (`ID_IZPITVAN_PRODUKT`),
  ADD CONSTRAINT `FK_REQUEST_RAZMERNOSTI_ID_RAZMERNOSTI` FOREIGN KEY (`RAZMERNOSTI_ID_RAZMERNOSTI`) REFERENCES `razmernosti` (`ID_RAZMERNOSTI`),
  ADD CONSTRAINT `FK_REQUEST_USERS_ID_USERS` FOREIGN KEY (`USERS_ID_USERS`) REFERENCES `users` (`ID_USERS`),
  ADD CONSTRAINT `FK_REQUEST_ZABELEJKI_ID_ZABELEJKI` FOREIGN KEY (`ZABELEJKI_ID_ZABELEJKI`) REFERENCES `zabelejki` (`ID_ZABELEJKI`),
  ADD CONSTRAINT `REQUESTOBEKTNAIZPITVANEREQUESTIDOBEKT_NA_IZPITVANE` FOREIGN KEY (`OBEKT_NA_IZPITVANE_REQUEST_ID_OBEKT_NA_IZPITVANE`) REFERENCES `obekt_na_izpitvane_request` (`ID_OBEKT_NA_IZPITVANE`);

--
-- Ограничения за таблица `request_to_obektnaizpitvanerequest`
--
ALTER TABLE `request_to_obektnaizpitvanerequest`
  ADD CONSTRAINT `REQUESTTOOBEKTNAIZPITVANEREQUESTREQUEST_ID_RECUEST` FOREIGN KEY (`REQUEST_ID_RECUEST`) REFERENCES `request` (`ID_RECUEST`),
  ADD CONSTRAINT `RQSTTBEKTNAIZPITVANEREQUESTBKTNZPDOBEKTNAIZPITVANE` FOREIGN KEY (`OBEKTNAIZP_ID_OBEKT_NA_IZPITVANE`) REFERENCES `obekt_na_izpitvane_request` (`ID_OBEKT_NA_IZPITVANE`);

--
-- Ограничения за таблица `sample`
--
ALTER TABLE `sample`
  ADD CONSTRAINT `FK_SAMPLE_OBEKT_NA_IZPITVANE_ID_OBEKT_NA_IZPITVANE` FOREIGN KEY (`OBEKT_NA_IZPITVANE_ID_OBEKT_NA_IZPITVANE`) REFERENCES `obekt_na_izpitvane_sample` (`ID_OBEKT_NA_IZPITVANE`),
  ADD CONSTRAINT `FK_SAMPLE_PERIOD_ID_PERIOD` FOREIGN KEY (`PERIOD_ID_PERIOD`) REFERENCES `period` (`ID_PERIOD`),
  ADD CONSTRAINT `FK_SAMPLE_REQUEST_ID_RECUEST` FOREIGN KEY (`REQUEST_ID_RECUEST`) REFERENCES `request` (`ID_RECUEST`);

--
-- Ограничения за таблица `users`
--
ALTER TABLE `users`
  ADD CONSTRAINT `FK_USERS_POST_ID_POST` FOREIGN KEY (`POST_ID_POST`) REFERENCES `post` (`ID_POST`);
COMMIT;

/*!40101 SET CHARACTER_SET_CLIENT=@OLD_CHARACTER_SET_CLIENT */;
/*!40101 SET CHARACTER_SET_RESULTS=@OLD_CHARACTER_SET_RESULTS */;
/*!40101 SET COLLATION_CONNECTION=@OLD_COLLATION_CONNECTION */;
